api_seconds,attempt,file,prompt_chars,request_label,response_chars,status,status_code,total_seconds,wait_seconds
15.986,1,rawData\อำเภอเขื่องใน\ตำบลกลางใหญ่\หน่วยเลือกตั้งที่ 1\5ทับ18(บช).pdf,8640,initial,7191,PASS,200,15.986,0.0
14.008,1,rawData\อำเภอเขื่องใน\ตำบลกลางใหญ่\หน่วยเลือกตั้งที่ 1\5ทับ18(บช).pdf,13792,retry,7181,PASS,200,14.008,0.0
4.217,1,rawData\อำเภอเขื่องใน\ตำบลกลางใหญ่\หน่วยเลือกตั้งที่ 1\5ทับ18.pdf,5911,initial,1726,PASS,200,4.217,0.0
3.881,1,rawData\อำเภอเขื่องใน\ตำบลกลางใหญ่\หน่วยเลือกตั้งที่ 1\5ทับ18.pdf,7478,retry,1726,PASS,200,3.881,0.0
14.686,1,rawData\อำเภอเขื่องใน\ตำบลกลางใหญ่\หน่วยเลือกตั้งที่ 10\5ทับ18(บช).pdf,8873,initial,7182,PASS,200,14.686,0.0
15.269,1,rawData\อำเภอเขื่องใน\ตำบลกลางใหญ่\หน่วยเลือกตั้งที่ 10\5ทับ18(บช).pdf,14085,retry,7182,PASS,200,15.269,0.0
3.805,1,rawData\อำเภอเขื่องใน\ตำบลกลางใหญ่\หน่วยเลือกตั้งที่ 10\5ทับ18.pdf,4621,initial,1712,PASS,200,3.805,0.0
4.484,1,rawData\อำเภอเขื่องใน\ตำบลกลางใหญ่\หน่วยเลือกตั้งที่ 10\5ทับ18.pdf,6364,retry,1712,PASS,200,4.484,0.0
13.227,1,rawData\อำเภอเขื่องใน\ตำบลกลางใหญ่\หน่วยเลือกตั้งที่ 11\5ทับ18(บช).pdf,9565,initial,7182,PASS,200,13.227,0.0
14.574,1,rawData\อำเภอเขื่องใน\ตำบลกลางใหญ่\หน่วยเลือกตั้งที่ 11\5ทับ18(บช).pdf,14898,retry,7182,PASS,200,14.574,0.0
3.705,1,rawData\อำเภอเขื่องใน\ตำบลกลางใหญ่\หน่วยเลือกตั้งที่ 11\5ทับ18.pdf,6075,initial,1697,PASS,200,3.705,0.0
3.733,1,rawData\อำเภอเขื่องใน\ตำบลกลางใหญ่\หน่วยเลือกตั้งที่ 11\5ทับ18.pdf,7682,retry,1697,PASS,200,3.733,0.0
13.868,1,rawData\อำเภอเขื่องใน\ตำบลกลางใหญ่\หน่วยเลือกตั้งที่ 2\5ทับ18(บช).pdf,8614,initial,7199,PASS,200,13.868,0.0
13.812,1,rawData\อำเภอเขื่องใน\ตำบลกลางใหญ่\หน่วยเลือกตั้งที่ 2\5ทับ18(บช).pdf,13774,retry,7199,PASS,200,13.812,0.0
3.947,1,rawData\อำเภอเขื่องใน\ตำบลกลางใหญ่\หน่วยเลือกตั้งที่ 2\5ทับ18.pdf,5916,initial,1691,PASS,200,3.947,0.0
13.955,1,rawData\อำเภอเขื่องใน\ตำบลกลางใหญ่\หน่วยเลือกตั้งที่ 3\5ทับ18(บช).pdf,8150,initial,7214,PASS,200,13.955,0.0
4.78,1,rawData\อำเภอเขื่องใน\ตำบลกลางใหญ่\หน่วยเลือกตั้งที่ 3\5ทับ18.pdf,5822,initial,1728,PASS,200,4.78,0.0
4.126,1,rawData\อำเภอเขื่องใน\ตำบลกลางใหญ่\หน่วยเลือกตั้งที่ 3\5ทับ18.pdf,7391,retry,1728,PASS,200,4.126,0.0
15.406,1,rawData\อำเภอเขื่องใน\ตำบลกลางใหญ่\หน่วยเลือกตั้งที่ 4\5ทับ18(บช).pdf,9818,initial,7659,PASS,200,15.406,0.0
15.321,1,rawData\อำเภอเขื่องใน\ตำบลกลางใหญ่\หน่วยเลือกตั้งที่ 4\5ทับ18(บช).pdf,15438,retry,5331,PASS,200,15.321,0.0
4.099,1,rawData\อำเภอเขื่องใน\ตำบลกลางใหญ่\หน่วยเลือกตั้งที่ 4\5ทับ18.pdf,6117,initial,1737,PASS,200,4.099,0.0
9.698,1,rawData\อำเภอเขื่องใน\ตำบลกลางใหญ่\หน่วยเลือกตั้งที่ 5\5ทับ18(บช).pdf,8217,initial,4393,PASS,200,9.698,0.0
10.799,1,rawData\อำเภอเขื่องใน\ตำบลกลางใหญ่\หน่วยเลือกตั้งที่ 5\5ทับ18(บช).pdf,11655,retry,4393,PASS,200,10.799,0.0
4.642,1,rawData\อำเภอเขื่องใน\ตำบลกลางใหญ่\หน่วยเลือกตั้งที่ 5\5ทับ18.pdf,5637,initial,1721,PASS,200,4.642,0.0
4.264,1,rawData\อำเภอเขื่องใน\ตำบลกลางใหญ่\หน่วยเลือกตั้งที่ 5\5ทับ18.pdf,7388,retry,1721,PASS,200,4.264,0.0
13.952,1,rawData\อำเภอเขื่องใน\ตำบลกลางใหญ่\หน่วยเลือกตั้งที่ 6\5ทับ18(บช).pdf,8867,initial,7246,PASS,200,13.952,0.0
3.817,1,rawData\อำเภอเขื่องใน\ตำบลกลางใหญ่\หน่วยเลือกตั้งที่ 6\5ทับ18.pdf,5866,initial,1715,PASS,200,3.817,0.0
8.185,1,rawData\อำเภอเขื่องใน\ตำบลกลางใหญ่\หน่วยเลือกตั้งที่ 7\5ทับ18(บช).pdf,7227,initial,4251,PASS,200,8.185,0.0
8.309,1,rawData\อำเภอเขื่องใน\ตำบลกลางใหญ่\หน่วยเลือกตั้งที่ 7\5ทับ18(บช).pdf,10397,retry,4251,PASS,200,8.309,0.0
4.864,1,rawData\อำเภอเขื่องใน\ตำบลกลางใหญ่\หน่วยเลือกตั้งที่ 7\5ทับ18.pdf,5813,initial,1732,PASS,200,4.864,0.0
4.174,1,rawData\อำเภอเขื่องใน\ตำบลกลางใหญ่\หน่วยเลือกตั้งที่ 7\5ทับ18.pdf,7388,retry,1732,PASS,200,4.174,0.0
14.6,1,rawData\อำเภอเขื่องใน\ตำบลกลางใหญ่\หน่วยเลือกตั้งที่ 8\5ทับ18(บช).pdf,8235,initial,7391,PASS,200,14.6,0.0
17.217,1,rawData\อำเภอเขื่องใน\ตำบลกลางใหญ่\หน่วยเลือกตั้งที่ 8\5ทับ18(บช).pdf,13587,retry,7390,PASS,200,17.217,0.0
3.806,1,rawData\อำเภอเขื่องใน\ตำบลกลางใหญ่\หน่วยเลือกตั้งที่ 8\5ทับ18.pdf,5633,initial,1717,PASS,200,3.806,0.0
13.306,1,rawData\อำเภอเขื่องใน\ตำบลกลางใหญ่\หน่วยเลือกตั้งที่ 9\5ทับ18(บช).pdf,8737,initial,7167,PASS,200,13.306,0.0
12.517,1,rawData\อำเภอเขื่องใน\ตำบลกลางใหญ่\หน่วยเลือกตั้งที่ 9\5ทับ18(บช).pdf,14084,retry,5147,PASS,200,12.517,0.0
4.911,1,rawData\อำเภอเขื่องใน\ตำบลกลางใหญ่\หน่วยเลือกตั้งที่ 9\5ทับ18.pdf,11109,initial,1722,PASS,200,4.911,0.0
4.094,1,rawData\อำเภอเขื่องใน\ตำบลกลางใหญ่\หน่วยเลือกตั้งที่ 9\5ทับ18.pdf,12740,retry,1722,PASS,200,4.094,0.0
14.283,1,rawData\อำเภอเขื่องใน\ตำบลก่อเอ้\หน่วยเลือกตั้งที่ 1\5 ทับ 18 (บช).pdf,8964,initial,7352,PASS,200,14.283,0.0
18.18,1,rawData\อำเภอเขื่องใน\ตำบลก่อเอ้\หน่วยเลือกตั้งที่ 1\5 ทับ 18 (บช).pdf,14277,retry,7372,PASS,200,18.18,0.0
4.232,1,rawData\อำเภอเขื่องใน\ตำบลก่อเอ้\หน่วยเลือกตั้งที่ 1\5 ทับ 18.pdf,5997,initial,1720,PASS,200,4.232,0.0
8.594,1,rawData\อำเภอเขื่องใน\ตำบลก่อเอ้\หน่วยเลือกตั้งที่ 10\5 ทับ 18 (บช).pdf,7264,initial,4389,PASS,200,8.594,0.0
12.885,1,rawData\อำเภอเขื่องใน\ตำบลก่อเอ้\หน่วยเลือกตั้งที่ 10\5 ทับ 18 (บช).pdf,10740,retry,4389,PASS,200,12.885,0.0
3.867,1,rawData\อำเภอเขื่องใน\ตำบลก่อเอ้\หน่วยเลือกตั้งที่ 10\5 ทับ 18.pdf,5528,initial,1736,PASS,200,3.867,0.0
4.243,1,rawData\อำเภอเขื่องใน\ตำบลก่อเอ้\หน่วยเลือกตั้งที่ 10\5 ทับ 18.pdf,7105,retry,1736,PASS,200,4.243,0.0
14.25,1,rawData\อำเภอเขื่องใน\ตำบลก่อเอ้\หน่วยเลือกตั้งที่ 11\5 ทับ 18 (บช).pdf,8900,initial,7306,PASS,200,14.25,0.0
24.619,1,rawData\อำเภอเขื่องใน\ตำบลก่อเอ้\หน่วยเลือกตั้งที่ 11\5 ทับ 18 (บช).pdf,14169,retry,7306,PASS,200,24.619,0.0
3.862,1,rawData\อำเภอเขื่องใน\ตำบลก่อเอ้\หน่วยเลือกตั้งที่ 11\5 ทับ 18.pdf,5528,initial,1736,PASS,200,3.862,0.0
4.325,1,rawData\อำเภอเขื่องใน\ตำบลก่อเอ้\หน่วยเลือกตั้งที่ 11\5 ทับ 18.pdf,7105,retry,1736,PASS,200,4.325,0.0
17.504,1,rawData\อำเภอเขื่องใน\ตำบลก่อเอ้\หน่วยเลือกตั้งที่ 12\5 ทับ 18 (บช).pdf,9278,initial,7340,PASS,200,17.504,0.0
14.308,1,rawData\อำเภอเขื่องใน\ตำบลก่อเอ้\หน่วยเลือกตั้งที่ 12\5 ทับ 18 (บช).pdf,14579,retry,7276,PASS,200,14.308,0.0
4.048,1,rawData\อำเภอเขื่องใน\ตำบลก่อเอ้\หน่วยเลือกตั้งที่ 12\5 ทับ 18.pdf,5828,initial,1685,PASS,200,4.048,0.0
8.614,1,rawData\อำเภอเขื่องใน\ตำบลก่อเอ้\หน่วยเลือกตั้งที่ 2\5 ทับ 18 (บช).pdf,7861,initial,4302,PASS,200,8.614,0.0
9.736,1,rawData\อำเภอเขื่องใน\ตำบลก่อเอ้\หน่วยเลือกตั้งที่ 2\5 ทับ 18 (บช).pdf,11084,retry,4302,PASS,200,9.736,0.0
3.938,1,rawData\อำเภอเขื่องใน\ตำบลก่อเอ้\หน่วยเลือกตั้งที่ 2\5 ทับ 18.pdf,5752,initial,1706,PASS,200,3.938,0.0
14.86,1,rawData\อำเภอเขื่องใน\ตำบลก่อเอ้\หน่วยเลือกตั้งที่ 3\5 ทับ 18 (บช).pdf,8461,initial,7412,PASS,200,14.86,0.0
18.205,1,rawData\อำเภอเขื่องใน\ตำบลก่อเอ้\หน่วยเลือกตั้งที่ 3\5 ทับ 18 (บช).pdf,14022,retry,7412,PASS,200,18.205,0.0
3.909,1,rawData\อำเภอเขื่องใน\ตำบลก่อเอ้\หน่วยเลือกตั้งที่ 3\5 ทับ 18.pdf,5740,initial,1715,PASS,200,3.909,0.0
3.881,1,rawData\อำเภอเขื่องใน\ตำบลก่อเอ้\หน่วยเลือกตั้งที่ 3\5 ทับ 18.pdf,7351,retry,1715,PASS,200,3.881,0.0
5.366,1,rawData\อำเภอเขื่องใน\ตำบลก่อเอ้\หน่วยเลือกตั้งที่ 4\5 ทับ 18 (บช).pdf,7346,initial,2681,PASS,200,5.366,0.0
4.861,1,rawData\อำเภอเขื่องใน\ตำบลก่อเอ้\หน่วยเลือกตั้งที่ 4\5 ทับ 18 (บช).pdf,9656,retry,2559,PASS,200,4.861,0.0
3.728,1,rawData\อำเภอเขื่องใน\ตำบลก่อเอ้\หน่วยเลือกตั้งที่ 4\5 ทับ 18.pdf,5795,initial,1738,PASS,200,3.728,0.0
4.247,1,rawData\อำเภอเขื่องใน\ตำบลก่อเอ้\หน่วยเลือกตั้งที่ 4\5 ทับ 18.pdf,7495,retry,1738,PASS,200,4.247,0.0
8.68,1,rawData\อำเภอเขื่องใน\ตำบลก่อเอ้\หน่วยเลือกตั้งที่ 5\5 ทับ 18 (บช).pdf,7031,initial,4302,PASS,200,8.68,0.0
9.147,1,rawData\อำเภอเขื่องใน\ตำบลก่อเอ้\หน่วยเลือกตั้งที่ 5\5 ทับ 18 (บช).pdf,10254,retry,4302,PASS,200,9.147,0.0
4.208,1,rawData\อำเภอเขื่องใน\ตำบลก่อเอ้\หน่วยเลือกตั้งที่ 5\5 ทับ 18.pdf,5581,initial,1723,PASS,200,4.208,0.0
4.522,1,rawData\อำเภอเขื่องใน\ตำบลก่อเอ้\หน่วยเลือกตั้งที่ 5\5 ทับ 18.pdf,7145,retry,1723,PASS,200,4.522,0.0
14.241,1,rawData\อำเภอเขื่องใน\ตำบลก่อเอ้\หน่วยเลือกตั้งที่ 6\5 ทับ 18 (บช).pdf,8789,initial,7313,PASS,200,14.241,0.0
16.119,1,rawData\อำเภอเขื่องใน\ตำบลก่อเอ้\หน่วยเลือกตั้งที่ 6\5 ทับ 18 (บช).pdf,14065,retry,7313,PASS,200,16.119,0.0
4.907,1,rawData\อำเภอเขื่องใน\ตำบลก่อเอ้\หน่วยเลือกตั้งที่ 6\5 ทับ 18.pdf,5391,initial,1732,PASS,200,4.907,0.0
3.939,1,rawData\อำเภอเขื่องใน\ตำบลก่อเอ้\หน่วยเลือกตั้งที่ 6\5 ทับ 18.pdf,7156,retry,1732,PASS,200,3.939,0.0
13.774,1,rawData\อำเภอเขื่องใน\ตำบลก่อเอ้\หน่วยเลือกตั้งที่ 7\5 ทับ 18 (บช).pdf,9513,initial,7005,PASS,200,13.774,0.0
14.186,1,rawData\อำเภอเขื่องใน\ตำบลก่อเอ้\หน่วยเลือกตั้งที่ 7\5 ทับ 18 (บช).pdf,14692,retry,7005,PASS,200,14.186,0.0
4.12,1,rawData\อำเภอเขื่องใน\ตำบลก่อเอ้\หน่วยเลือกตั้งที่ 7\5 ทับ18.pdf,7092,initial,1715,PASS,200,4.12,0.0
3.946,1,rawData\อำเภอเขื่องใน\ตำบลก่อเอ้\หน่วยเลือกตั้งที่ 7\5 ทับ18.pdf,8773,retry,1715,PASS,200,3.946,0.0
8.996,1,rawData\อำเภอเขื่องใน\ตำบลก่อเอ้\หน่วยเลือกตั้งที่ 8\5 ทับ 18 (บช).pdf,7150,initial,4028,PASS,200,8.996,0.0
8.476,1,rawData\อำเภอเขื่องใน\ตำบลก่อเอ้\หน่วยเลือกตั้งที่ 8\5 ทับ 18 (บช).pdf,10179,retry,4028,PASS,200,8.476,0.0
3.798,1,rawData\อำเภอเขื่องใน\ตำบลก่อเอ้\หน่วยเลือกตั้งที่ 8\5 ทับ 18.pdf,5581,initial,1723,PASS,200,3.798,0.0
4.648,1,rawData\อำเภอเขื่องใน\ตำบลก่อเอ้\หน่วยเลือกตั้งที่ 8\5 ทับ 18.pdf,7145,retry,1723,PASS,200,4.648,0.0
13.877,1,rawData\อำเภอเขื่องใน\ตำบลก่อเอ้\หน่วยเลือกตั้งที่ 9\5 ทับ 18 (บช).pdf,8743,initial,7285,PASS,200,13.877,0.0
14.125,1,rawData\อำเภอเขื่องใน\ตำบลก่อเอ้\หน่วยเลือกตั้งที่ 9\5 ทับ 18 (บช).pdf,13989,retry,7275,PASS,200,14.125,0.0
4.35,1,rawData\อำเภอเขื่องใน\ตำบลก่อเอ้\หน่วยเลือกตั้งที่ 9\5 ทับ 18.pdf,5649,initial,1738,PASS,200,4.35,0.0
12.335,1,rawData\อำเภอเขื่องใน\ตำบลก่อเอ้\หน่วยเลือกตั้งที่ 9\5 ทับ 18.pdf,7297,retry,1738,PASS,200,12.335,0.0
18.657,1,rawData\อำเภอเขื่องใน\ตำบลค้อทอง\หน่วยเลือกตั้งที่ 1\5ทับ18(บช).pdf,9276,initial,7340,PASS,200,18.657,0.0
13.877,1,rawData\อำเภอเขื่องใน\ตำบลกลางใหญ่\หน่วยเลือกตั้งที่ 1\5ทับ18(บช).pdf,8640,initial,7191,PASS,200,13.877,0.0
5.293,1,rawData\อำเภอเขื่องใน\ตำบลกลางใหญ่\หน่วยเลือกตั้งที่ 1\5ทับ18.pdf,5911,initial,1726,PASS,200,5.293,0.0
14.05,1,rawData\อำเภอเขื่องใน\ตำบลกลางใหญ่\หน่วยเลือกตั้งที่ 10\5ทับ18(บช).pdf,8873,initial,7182,PASS,200,14.05,0.0
15.185,1,rawData\อำเภอเขื่องใน\ตำบลกลางใหญ่\หน่วยเลือกตั้งที่ 10\5ทับ18(บช).pdf,25414,retry,7184,PASS,200,15.185,0.0
3.741,1,rawData\อำเภอเขื่องใน\ตำบลกลางใหญ่\หน่วยเลือกตั้งที่ 10\5ทับ18.pdf,4621,initial,1712,PASS,200,3.741,0.0
3.73,1,rawData\อำเภอเขื่องใน\ตำบลกลางใหญ่\หน่วยเลือกตั้งที่ 10\5ทับ18.pdf,8480,retry,1712,PASS,200,3.73,0.0
15.086,1,rawData\อำเภอเขื่องใน\ตำบลกลางใหญ่\หน่วยเลือกตั้งที่ 11\5ทับ18(บช).pdf,9565,initial,7182,PASS,200,15.086,0.0
15.176,1,rawData\อำเภอเขื่องใน\ตำบลกลางใหญ่\หน่วยเลือกตั้งที่ 11\5ทับ18(บช).pdf,24344,retry,7183,PASS,200,15.176,0.0
4.514,1,rawData\อำเภอเขื่องใน\ตำบลกลางใหญ่\หน่วยเลือกตั้งที่ 11\5ทับ18.pdf,6075,initial,1697,PASS,200,4.514,0.0
4.189,1,rawData\อำเภอเขื่องใน\ตำบลกลางใหญ่\หน่วยเลือกตั้งที่ 11\5ทับ18.pdf,9795,retry,1697,PASS,200,4.189,0.0
14.691,1,rawData\อำเภอเขื่องใน\ตำบลกลางใหญ่\หน่วยเลือกตั้งที่ 2\5ทับ18(บช).pdf,8614,initial,7199,PASS,200,14.692,0.0
16.883,1,rawData\อำเภอเขื่องใน\ตำบลกลางใหญ่\หน่วยเลือกตั้งที่ 2\5ทับ18(บช).pdf,23423,retry,7200,PASS,200,16.883,0.0
4.598,1,rawData\อำเภอเขื่องใน\ตำบลกลางใหญ่\หน่วยเลือกตั้งที่ 2\5ทับ18.pdf,5916,initial,1691,PASS,200,4.598,0.0
16.844,1,rawData\อำเภอเขื่องใน\ตำบลกลางใหญ่\หน่วยเลือกตั้งที่ 3\5ทับ18(บช).pdf,8150,initial,7214,PASS,200,16.844,0.0
4.286,1,rawData\อำเภอเขื่องใน\ตำบลกลางใหญ่\หน่วยเลือกตั้งที่ 3\5ทับ18.pdf,5822,initial,1728,PASS,200,4.286,0.0
5.153,1,rawData\อำเภอเขื่องใน\ตำบลกลางใหญ่\หน่วยเลือกตั้งที่ 3\5ทับ18.pdf,9500,retry,1728,PASS,200,5.153,0.0
15.426,1,rawData\อำเภอเขื่องใน\ตำบลกลางใหญ่\หน่วยเลือกตั้งที่ 4\5ทับ18(บช).pdf,9818,initial,7659,PASS,200,15.426,0.0
19.647,1,rawData\อำเภอเขื่องใน\ตำบลกลางใหญ่\หน่วยเลือกตั้งที่ 4\5ทับ18(บช).pdf,25171,retry,7659,PASS,200,19.647,0.0
4.0,1,rawData\อำเภอเขื่องใน\ตำบลกลางใหญ่\หน่วยเลือกตั้งที่ 4\5ทับ18.pdf,6117,initial,1737,PASS,200,4.0,0.0
9.226,1,rawData\อำเภอเขื่องใน\ตำบลกลางใหญ่\หน่วยเลือกตั้งที่ 5\5ทับ18(บช).pdf,8217,initial,4393,PASS,200,9.226,0.0
9.158,1,rawData\อำเภอเขื่องใน\ตำบลกลางใหญ่\หน่วยเลือกตั้งที่ 5\5ทับ18(บช).pdf,18577,retry,4395,PASS,200,9.158,0.0
3.955,1,rawData\อำเภอเขื่องใน\ตำบลกลางใหญ่\หน่วยเลือกตั้งที่ 5\5ทับ18.pdf,5637,initial,1721,PASS,200,3.955,0.0
5.155,1,rawData\อำเภอเขื่องใน\ตำบลกลางใหญ่\หน่วยเลือกตั้งที่ 5\5ทับ18.pdf,9471,retry,1721,PASS,200,5.155,0.0
17.508,1,rawData\อำเภอเขื่องใน\ตำบลกลางใหญ่\หน่วยเลือกตั้งที่ 6\5ทับ18(บช).pdf,8867,initial,7188,PASS,200,17.508,0.0
4.538,1,rawData\อำเภอเขื่องใน\ตำบลกลางใหญ่\หน่วยเลือกตั้งที่ 6\5ทับ18.pdf,5866,initial,1715,PASS,200,4.538,0.0
8.616,1,rawData\อำเภอเขื่องใน\ตำบลกลางใหญ่\หน่วยเลือกตั้งที่ 7\5ทับ18(บช).pdf,7227,initial,4251,PASS,200,8.616,0.0
8.706,1,rawData\อำเภอเขื่องใน\ตำบลกลางใหญ่\หน่วยเลือกตั้งที่ 7\5ทับ18(บช).pdf,17304,retry,4252,PASS,200,8.706,0.0
4.342,1,rawData\อำเภอเขื่องใน\ตำบลกลางใหญ่\หน่วยเลือกตั้งที่ 7\5ทับ18.pdf,5813,initial,1732,PASS,200,4.342,0.0
4.005,1,rawData\อำเภอเขื่องใน\ตำบลกลางใหญ่\หน่วยเลือกตั้งที่ 7\5ทับ18.pdf,9483,retry,1732,PASS,200,4.005,0.0
18.237,1,rawData\อำเภอเขื่องใน\ตำบลกลางใหญ่\หน่วยเลือกตั้งที่ 8\5ทับ18(บช).pdf,8235,initial,7391,PASS,200,18.237,0.0
11.496,1,rawData\อำเภอเขื่องใน\ตำบลกลางใหญ่\หน่วยเลือกตั้งที่ 8\5ทับ18(บช).pdf,23602,retry,4475,PASS,200,11.496,0.0
4.333,1,rawData\อำเภอเขื่องใน\ตำบลกลางใหญ่\หน่วยเลือกตั้งที่ 8\5ทับ18.pdf,5633,initial,1717,PASS,200,4.333,0.0
14.177,1,rawData\อำเภอเขื่องใน\ตำบลกลางใหญ่\หน่วยเลือกตั้งที่ 9\5ทับ18(บช).pdf,8737,initial,7154,PASS,200,14.177,0.0
13.815,1,rawData\อำเภอเขื่องใน\ตำบลกลางใหญ่\หน่วยเลือกตั้งที่ 9\5ทับ18(บช).pdf,23733,retry,6570,PASS,200,13.815,0.0
4.513,1,rawData\อำเภอเขื่องใน\ตำบลกลางใหญ่\หน่วยเลือกตั้งที่ 9\5ทับ18.pdf,11109,initial,1722,PASS,200,4.513,0.0
4.028,1,rawData\อำเภอเขื่องใน\ตำบลกลางใหญ่\หน่วยเลือกตั้งที่ 9\5ทับ18.pdf,15375,retry,1722,PASS,200,4.028,0.0
14.775,1,rawData\อำเภอเขื่องใน\ตำบลก่อเอ้\หน่วยเลือกตั้งที่ 1\5 ทับ 18 (บช).pdf,8964,initial,7352,PASS,200,14.775,0.0
3.851,1,rawData\อำเภอเขื่องใน\ตำบลก่อเอ้\หน่วยเลือกตั้งที่ 1\5 ทับ 18.pdf,5997,initial,1720,PASS,200,3.851,0.0
9.312,1,rawData\อำเภอเขื่องใน\ตำบลก่อเอ้\หน่วยเลือกตั้งที่ 10\5 ทับ 18 (บช).pdf,7264,initial,4389,PASS,200,9.312,0.0
6.467,1,rawData\อำเภอเขื่องใน\ตำบลก่อเอ้\หน่วยเลือกตั้งที่ 10\5 ทับ 18 (บช).pdf,17047,retry,2667,PASS,200,6.467,0.0
5.019,1,rawData\อำเภอเขื่องใน\ตำบลก่อเอ้\หน่วยเลือกตั้งที่ 10\5 ทับ 18.pdf,5528,initial,1736,PASS,200,5.019,0.0
5.006,1,rawData\อำเภอเขื่องใน\ตำบลก่อเอ้\หน่วยเลือกตั้งที่ 10\5 ทับ 18.pdf,9194,retry,1736,PASS,200,5.006,0.0
15.346,1,rawData\อำเภอเขื่องใน\ตำบลก่อเอ้\หน่วยเลือกตั้งที่ 11\5 ทับ 18 (บช).pdf,8900,initial,7306,PASS,200,15.346,0.0
15.599,1,rawData\อำเภอเขื่องใน\ตำบลก่อเอ้\หน่วยเลือกตั้งที่ 11\5 ทับ 18 (บช).pdf,23753,retry,7306,PASS,200,15.599,0.0
4.083,1,rawData\อำเภอเขื่องใน\ตำบลก่อเอ้\หน่วยเลือกตั้งที่ 11\5 ทับ 18.pdf,5528,initial,1736,PASS,200,4.083,0.0
4.542,1,rawData\อำเภอเขื่องใน\ตำบลก่อเอ้\หน่วยเลือกตั้งที่ 11\5 ทับ 18.pdf,9194,retry,1736,PASS,200,4.542,0.0
14.396,1,rawData\อำเภอเขื่องใน\ตำบลก่อเอ้\หน่วยเลือกตั้งที่ 12\5 ทับ 18 (บช).pdf,9278,initial,7340,PASS,200,14.396,0.0
15.26,1,rawData\อำเภอเขื่องใน\ตำบลก่อเอ้\หน่วยเลือกตั้งที่ 12\5 ทับ 18 (บช).pdf,25335,retry,7344,PASS,200,15.26,0.0
4.209,1,rawData\อำเภอเขื่องใน\ตำบลก่อเอ้\หน่วยเลือกตั้งที่ 12\5 ทับ 18.pdf,5828,initial,1685,PASS,200,4.209,0.0
9.533,1,rawData\อำเภอเขื่องใน\ตำบลก่อเอ้\หน่วยเลือกตั้งที่ 2\5 ทับ 18 (บช).pdf,7861,initial,4302,PASS,200,9.533,0.0
8.34,1,rawData\อำเภอเขื่องใน\ตำบลก่อเอ้\หน่วยเลือกตั้งที่ 2\5 ทับ 18 (บช).pdf,16864,retry,4302,PASS,200,8.34,0.0
3.794,1,rawData\อำเภอเขื่องใน\ตำบลก่อเอ้\หน่วยเลือกตั้งที่ 2\5 ทับ 18.pdf,5752,initial,1706,PASS,200,3.794,0.0
17.896,1,rawData\อำเภอเขื่องใน\ตำบลก่อเอ้\หน่วยเลือกตั้งที่ 3\5 ทับ 18 (บช).pdf,8461,initial,7412,PASS,200,17.896,0.0
10.867,1,rawData\อำเภอเขื่องใน\ตำบลก่อเอ้\หน่วยเลือกตั้งที่ 3\5 ทับ 18 (บช).pdf,34262,retry,4512,PASS,200,10.867,0.0
4.282,1,rawData\อำเภอเขื่องใน\ตำบลก่อเอ้\หน่วยเลือกตั้งที่ 3\5 ทับ 18.pdf,5740,initial,1715,PASS,200,4.282,0.0
8.268,1,rawData\อำเภอเขื่องใน\ตำบลก่อเอ้\หน่วยเลือกตั้งที่ 4\5 ทับ 18 (บช).pdf,7346,initial,4115,PASS,200,8.268,0.0
8.258,1,rawData\อำเภอเขื่องใน\ตำบลก่อเอ้\หน่วยเลือกตั้งที่ 4\5 ทับ 18 (บช).pdf,16304,retry,4117,PASS,200,8.258,0.0
3.74,1,rawData\อำเภอเขื่องใน\ตำบลก่อเอ้\หน่วยเลือกตั้งที่ 4\5 ทับ 18.pdf,5795,initial,1738,PASS,200,3.74,0.0
4.164,1,rawData\อำเภอเขื่องใน\ตำบลก่อเอ้\หน่วยเลือกตั้งที่ 4\5 ทับ 18.pdf,10158,retry,1738,PASS,200,4.164,0.0
8.93,1,rawData\อำเภอเขื่องใน\ตำบลก่อเอ้\หน่วยเลือกตั้งที่ 5\5 ทับ 18 (บช).pdf,7031,initial,4302,PASS,200,8.93,0.0
9.468,1,rawData\อำเภอเขื่องใน\ตำบลก่อเอ้\หน่วยเลือกตั้งที่ 5\5 ทับ 18 (บช).pdf,17168,retry,4302,PASS,200,9.468,0.0
4.751,1,rawData\อำเภอเขื่องใน\ตำบลก่อเอ้\หน่วยเลือกตั้งที่ 5\5 ทับ 18.pdf,5581,initial,1723,PASS,200,4.751,0.0
4.387,1,rawData\อำเภอเขื่องใน\ตำบลก่อเอ้\หน่วยเลือกตั้งที่ 5\5 ทับ 18.pdf,9255,retry,1723,PASS,200,4.387,0.0
15.398,1,rawData\อำเภอเขื่องใน\ตำบลก่อเอ้\หน่วยเลือกตั้งที่ 6\5 ทับ 18 (บช).pdf,8789,initial,7313,PASS,200,15.398,0.0
17.981,1,rawData\อำเภอเขื่องใน\ตำบลก่อเอ้\หน่วยเลือกตั้งที่ 6\5 ทับ 18 (บช).pdf,29807,retry,7322,PASS,200,17.981,0.0
4.243,1,rawData\อำเภอเขื่องใน\ตำบลก่อเอ้\หน่วยเลือกตั้งที่ 6\5 ทับ 18.pdf,5391,initial,1732,PASS,200,4.243,0.0
3.939,1,rawData\อำเภอเขื่องใน\ตำบลก่อเอ้\หน่วยเลือกตั้งที่ 6\5 ทับ 18.pdf,9257,retry,1732,PASS,200,3.939,0.0
14.633,1,rawData\อำเภอเขื่องใน\ตำบลก่อเอ้\หน่วยเลือกตั้งที่ 7\5 ทับ 18 (บช).pdf,9513,initial,7005,PASS,200,14.633,0.0
15.051,1,rawData\อำเภอเขื่องใน\ตำบลก่อเอ้\หน่วยเลือกตั้งที่ 7\5 ทับ 18 (บช).pdf,23999,retry,7005,PASS,200,15.051,0.0
4.254,1,rawData\อำเภอเขื่องใน\ตำบลก่อเอ้\หน่วยเลือกตั้งที่ 7\5 ทับ18.pdf,7092,initial,1715,PASS,200,4.254,0.0
5.013,1,rawData\อำเภอเขื่องใน\ตำบลก่อเอ้\หน่วยเลือกตั้งที่ 7\5 ทับ18.pdf,10881,retry,1715,PASS,200,5.013,0.0
8.172,1,rawData\อำเภอเขื่องใน\ตำบลก่อเอ้\หน่วยเลือกตั้งที่ 8\5 ทับ 18 (บช).pdf,7150,initial,4028,PASS,200,8.172,0.0
9.143,1,rawData\อำเภอเขื่องใน\ตำบลก่อเอ้\หน่วยเลือกตั้งที่ 8\5 ทับ 18 (บช).pdf,16234,retry,4028,PASS,200,9.143,0.0
3.897,1,rawData\อำเภอเขื่องใน\ตำบลก่อเอ้\หน่วยเลือกตั้งที่ 8\5 ทับ 18.pdf,5581,initial,1723,PASS,200,3.897,0.0
4.693,1,rawData\อำเภอเขื่องใน\ตำบลก่อเอ้\หน่วยเลือกตั้งที่ 8\5 ทับ 18.pdf,9255,retry,1723,PASS,200,4.693,0.0
14.281,1,rawData\อำเภอเขื่องใน\ตำบลก่อเอ้\หน่วยเลือกตั้งที่ 9\5 ทับ 18 (บช).pdf,8743,initial,7285,PASS,200,14.281,0.0
14.943,1,rawData\อำเภอเขื่องใน\ตำบลก่อเอ้\หน่วยเลือกตั้งที่ 9\5 ทับ 18 (บช).pdf,23601,retry,7283,PASS,200,14.943,0.0
3.863,1,rawData\อำเภอเขื่องใน\ตำบลก่อเอ้\หน่วยเลือกตั้งที่ 9\5 ทับ 18.pdf,5649,initial,1738,PASS,200,3.863,0.0
4.861,1,rawData\อำเภอเขื่องใน\ตำบลก่อเอ้\หน่วยเลือกตั้งที่ 9\5 ทับ 18.pdf,9396,retry,1738,PASS,200,4.861,0.0
15.932,1,rawData\อำเภอเขื่องใน\ตำบลค้อทอง\หน่วยเลือกตั้งที่ 1\5ทับ18(บช).pdf,9276,initial,7340,PASS,200,15.932,0.0
18.564,1,rawData\อำเภอเขื่องใน\ตำบลค้อทอง\หน่วยเลือกตั้งที่ 1\5ทับ18(บช).pdf,33147,retry,7330,PASS,200,18.564,0.0
3.97,1,rawData\อำเภอเขื่องใน\ตำบลค้อทอง\หน่วยเลือกตั้งที่ 1\5ทับ18.pdf,5944,initial,1743,PASS,200,3.97,0.0
4.864,1,rawData\อำเภอเขื่องใน\ตำบลค้อทอง\หน่วยเลือกตั้งที่ 1\5ทับ18.pdf,9722,retry,1736,PASS,200,4.864,0.0
17.814,1,rawData\อำเภอเขื่องใน\ตำบลค้อทอง\หน่วยเลือกตั้งที่ 10\5 ทับ 18 (บช).pdf,9732,initial,7399,PASS,200,17.814,0.0
18.794,1,rawData\อำเภอเขื่องใน\ตำบลค้อทอง\หน่วยเลือกตั้งที่ 10\5 ทับ 18 (บช).pdf,25174,retry,7403,PASS,200,18.794,0.0
4.286,1,rawData\อำเภอเขื่องใน\ตำบลค้อทอง\หน่วยเลือกตั้งที่ 10\5 ทับ 18.pdf,5620,initial,1725,PASS,200,4.286,0.0
9.149,1,rawData\อำเภอเขื่องใน\ตำบลค้อทอง\หน่วยเลือกตั้งที่ 11\5 ทับ 18 (บช).pdf,7233,initial,4378,PASS,200,9.149,0.0
9.156,1,rawData\อำเภอเขื่องใน\ตำบลค้อทอง\หน่วยเลือกตั้งที่ 11\5 ทับ 18 (บช).pdf,16322,retry,4378,PASS,200,9.156,0.0
4.575,1,rawData\อำเภอเขื่องใน\ตำบลค้อทอง\หน่วยเลือกตั้งที่ 11\5 ทับ 18.pdf,5611,initial,1731,PASS,200,4.575,0.0
3.989,1,rawData\อำเภอเขื่องใน\ตำบลค้อทอง\หน่วยเลือกตั้งที่ 11\5 ทับ 18.pdf,9278,retry,1731,PASS,200,3.989,0.0
20.487,1,rawData\อำเภอเขื่องใน\ตำบลค้อทอง\หน่วยเลือกตั้งที่ 2\5ทับ18(บช).pdf,9106,initial,7409,PASS,200,20.487,0.0
20.445,1,rawData\อำเภอเขื่องใน\ตำบลค้อทอง\หน่วยเลือกตั้งที่ 2\5ทับ18(บช).pdf,25149,retry,7408,PASS,200,20.445,0.0
4.841,1,rawData\อำเภอเขื่องใน\ตำบลค้อทอง\หน่วยเลือกตั้งที่ 2\5ทับ18.pdf,5525,initial,1733,PASS,200,4.841,0.0
4.634,1,rawData\อำเภอเขื่องใน\ตำบลค้อทอง\หน่วยเลือกตั้งที่ 2\5ทับ18.pdf,9250,retry,1733,PASS,200,4.634,0.0
17.953,1,rawData\อำเภอเขื่องใน\ตำบลค้อทอง\หน่วยเลือกตั้งที่ 3\5 ทับ 18 (บช).pdf,9349,initial,7391,PASS,200,17.953,0.0
16.316,1,rawData\อำเภอเขื่องใน\ตำบลค้อทอง\หน่วยเลือกตั้งที่ 3\5 ทับ 18 (บช).pdf,25423,retry,7393,PASS,200,16.316,0.0
3.983,1,rawData\อำเภอเขื่องใน\ตำบลค้อทอง\หน่วยเลือกตั้งที่ 3\5 ทับ 18.pdf,5666,initial,1733,PASS,200,3.983,0.0
9.63,1,rawData\อำเภอเขื่องใน\ตำบลค้อทอง\หน่วยเลือกตั้งที่ 4\5 ทับ 18 (บช).pdf,6890,initial,4555,PASS,200,9.63,0.0
12.17,1,rawData\อำเภอเขื่องใน\ตำบลค้อทอง\หน่วยเลือกตั้งที่ 4\5 ทับ 18 (บช).pdf,16814,retry,4555,PASS,200,12.17,0.0
3.554,1,rawData\อำเภอเขื่องใน\ตำบลค้อทอง\หน่วยเลือกตั้งที่ 4\5 ทับ 18.pdf,4378,initial,1568,PASS,200,3.554,0.0
3.646,1,rawData\อำเภอเขื่องใน\ตำบลค้อทอง\หน่วยเลือกตั้งที่ 4\5 ทับ 18.pdf,7920,retry,1568,PASS,200,3.646,0.0
16.54,1,rawData\อำเภอเขื่องใน\ตำบลค้อทอง\หน่วยเลือกตั้งที่ 5\5 ทับ 18 (บช).pdf,8344,initial,7385,PASS,200,16.54,0.0
18.234,1,rawData\อำเภอเขื่องใน\ตำบลค้อทอง\หน่วยเลือกตั้งที่ 5\5 ทับ 18 (บช).pdf,23730,retry,7388,PASS,200,18.234,0.0
4.38,1,rawData\อำเภอเขื่องใน\ตำบลค้อทอง\หน่วยเลือกตั้งที่ 5\5 ทับ 18.pdf,5900,initial,1721,PASS,200,4.38,0.0
14.704,1,rawData\อำเภอเขื่องใน\ตำบลค้อทอง\หน่วยเลือกตั้งที่ 6\5 ทับ 18 (บช).pdf,9034,initial,7336,PASS,200,14.704,0.0
17.303,1,rawData\อำเภอเขื่องใน\ตำบลค้อทอง\หน่วยเลือกตั้งที่ 6\5 ทับ 18 (บช).pdf,24512,retry,7337,PASS,200,17.303,0.0
3.677,1,rawData\อำเภอเขื่องใน\ตำบลค้อทอง\หน่วยเลือกตั้งที่ 6\5 ทับ 18.pdf,5506,initial,1715,PASS,200,3.677,0.0
10.282,1,rawData\อำเภอเขื่องใน\ตำบลค้อทอง\หน่วยเลือกตั้งที่ 7\5 ทับ 18 (บช).pdf,7477,initial,4373,PASS,200,10.282,0.0
10.678,1,rawData\อำเภอเขื่องใน\ตำบลค้อทอง\หน่วยเลือกตั้งที่ 7\5 ทับ 18 (บช).pdf,16473,retry,4373,PASS,200,10.678,0.0
4.248,1,rawData\อำเภอเขื่องใน\ตำบลค้อทอง\หน่วยเลือกตั้งที่ 7\5 ทับ 18.pdf,5540,initial,1711,PASS,200,4.248,0.0
5.359,1,rawData\อำเภอเขื่องใน\ตำบลค้อทอง\หน่วยเลือกตั้งที่ 7\5 ทับ 18.pdf,9723,retry,1711,PASS,200,5.359,0.0
24.611,1,rawData\อำเภอเขื่องใน\ตำบลค้อทอง\หน่วยเลือกตั้งที่ 8\5 ทับ 18 (บช).pdf,9074,initial,7460,PASS,200,24.611,0.0
16.093,1,rawData\อำเภอเขื่องใน\ตำบลค้อทอง\หน่วยเลือกตั้งที่ 8\5 ทับ 18 (บช).pdf,25247,retry,7462,PASS,200,16.093,0.0
3.947,1,rawData\อำเภอเขื่องใน\ตำบลค้อทอง\หน่วยเลือกตั้งที่ 8\5 ทับ 18.pdf,5806,initial,1716,PASS,200,3.947,0.0
19.197,1,rawData\อำเภอเขื่องใน\ตำบลค้อทอง\หน่วยเลือกตั้งที่ 9\5 ทับ 18 (บช).pdf,9913,initial,7247,PASS,200,19.197,0.0
17.12,1,rawData\อำเภอเขื่องใน\ตำบลค้อทอง\หน่วยเลือกตั้งที่ 9\5 ทับ 18 (บช).pdf,24778,retry,7250,PASS,200,17.12,0.0
5.045,1,rawData\อำเภอเขื่องใน\ตำบลค้อทอง\หน่วยเลือกตั้งที่ 9\5 ทับ 18.pdf,4614,initial,1736,PASS,200,5.045,0.0
6.139,1,rawData\อำเภอเขื่องใน\ตำบลค้อทอง\หน่วยเลือกตั้งที่ 9\5 ทับ 18.pdf,9010,retry,1738,PASS,200,6.139,0.0
10.933,1,rawData\อำเภอเขื่องใน\ตำบลชีทวน\หน่วยเลือกตั้งที่ 1\5ทับ18(บช).pdf,7286,initial,4271,PASS,200,10.933,0.0
8.658,1,rawData\อำเภอเขื่องใน\ตำบลชีทวน\หน่วยเลือกตั้งที่ 1\5ทับ18(บช).pdf,16835,retry,4271,PASS,200,8.658,0.0
4.745,1,rawData\อำเภอเขื่องใน\ตำบลชีทวน\หน่วยเลือกตั้งที่ 1\5ทับ18.pdf,5950,initial,1698,PASS,200,4.745,0.0
13.6,1,rawData\อำเภอเขื่องใน\ตำบลชีทวน\หน่วยเลือกตั้งที่ 10\5ทับ18(บช).pdf,7143,initial,4377,PASS,200,13.6,0.0
11.498,1,rawData\อำเภอเขื่องใน\ตำบลชีทวน\หน่วยเลือกตั้งที่ 10\5ทับ18(บช).pdf,16145,retry,4377,PASS,200,11.498,0.0
5.345,1,rawData\อำเภอเขื่องใน\ตำบลชีทวน\หน่วยเลือกตั้งที่ 10\5ทับ18.pdf,6008,initial,1691,PASS,200,5.345,0.0
19.505,1,rawData\อำเภอเขื่องใน\ตำบลชีทวน\หน่วยเลือกตั้งที่ 11\5ทับ18(บช).pdf,9387,initial,7420,PASS,200,19.505,0.0
20.879,1,rawData\อำเภอเขื่องใน\ตำบลชีทวน\หน่วยเลือกตั้งที่ 11\5ทับ18(บช).pdf,25919,retry,7422,PASS,200,20.879,0.0
4.998,1,rawData\อำเภอเขื่องใน\ตำบลชีทวน\หน่วยเลือกตั้งที่ 11\5ทับ18.pdf,6204,initial,1690,PASS,200,4.998,0.0
11.18,1,rawData\อำเภอเขื่องใน\ตำบลชีทวน\หน่วยเลือกตั้งที่ 2\5ทับ18(บช).pdf,6751,initial,4245,PASS,200,11.18,0.0
10.578,1,rawData\อำเภอเขื่องใน\ตำบลชีทวน\หน่วยเลือกตั้งที่ 2\5ทับ18(บช).pdf,15525,retry,4245,PASS,200,10.578,0.0
5.215,1,rawData\อำเภอเขื่องใน\ตำบลชีทวน\หน่วยเลือกตั้งที่ 2\5ทับ18.pdf,6375,initial,1698,PASS,200,5.215,0.0
14.768,1,rawData\อำเภอเขื่องใน\ตำบลชีทวน\หน่วยเลือกตั้งที่ 3\5ทับ18(บช).pdf,9055,initial,7385,PASS,200,14.768,0.0
17.696,1,rawData\อำเภอเขื่องใน\ตำบลชีทวน\หน่วยเลือกตั้งที่ 3\5ทับ18(บช).pdf,25020,retry,7386,PASS,200,17.696,0.0
4.009,1,rawData\อำเภอเขื่องใน\ตำบลชีทวน\หน่วยเลือกตั้งที่ 3\5ทับ18.pdf,6120,initial,1731,PASS,200,4.009,0.0
4.311,1,rawData\อำเภอเขื่องใน\ตำบลชีทวน\หน่วยเลือกตั้งที่ 3\5ทับ18.pdf,9785,retry,1731,PASS,200,4.311,0.0
10.746,1,rawData\อำเภอเขื่องใน\ตำบลชีทวน\หน่วยเลือกตั้งที่ 4\5ทับ18(บช).pdf,6496,initial,4373,PASS,200,10.746,0.0
10.718,1,rawData\อำเภอเขื่องใน\ตำบลชีทวน\หน่วยเลือกตั้งที่ 4\5ทับ18(บช).pdf,15708,retry,4373,PASS,200,10.718,0.0
3.862,1,rawData\อำเภอเขื่องใน\ตำบลชีทวน\หน่วยเลือกตั้งที่ 4\5ทับ18.pdf,5748,initial,1732,PASS,200,3.862,0.0
4.58,1,rawData\อำเภอเขื่องใน\ตำบลชีทวน\หน่วยเลือกตั้งที่ 4\5ทับ18.pdf,10075,retry,1732,PASS,200,4.58,0.0
19.597,1,rawData\อำเภอเขื่องใน\ตำบลชีทวน\หน่วยเลือกตั้งที่ 5\5ทับ18(บช).pdf,9574,initial,7667,PASS,200,19.597,0.0
16.322,1,rawData\อำเภอเขื่องใน\ตำบลชีทวน\หน่วยเลือกตั้งที่ 5\5ทับ18(บช).pdf,24939,retry,7668,PASS,200,16.322,0.0
4.086,1,rawData\อำเภอเขื่องใน\ตำบลชีทวน\หน่วยเลือกตั้งที่ 5\5ทับ18.pdf,6172,initial,1749,PASS,200,4.086,0.0
4.269,1,rawData\อำเภอเขื่องใน\ตำบลชีทวน\หน่วยเลือกตั้งที่ 5\5ทับ18.pdf,9890,retry,1749,PASS,200,4.269,0.0
12.197,1,rawData\อำเภอเขื่องใน\ตำบลชีทวน\หน่วยเลือกตั้งที่ 6\5ทับ18(บช).pdf,7641,initial,4559,PASS,200,12.197,0.0
5.703,1,rawData\อำเภอเขื่องใน\ตำบลชีทวน\หน่วยเลือกตั้งที่ 6\5ทับ18(บช).pdf,16968,retry,2842,PASS,200,5.703,0.0
5.279,1,rawData\อำเภอเขื่องใน\ตำบลชีทวน\หน่วยเลือกตั้งที่ 6\5ทับ18.pdf,5831,initial,1725,PASS,200,5.279,0.0
4.331,1,rawData\อำเภอเขื่องใน\ตำบลชีทวน\หน่วยเลือกตั้งที่ 6\5ทับ18.pdf,9560,retry,1725,PASS,200,4.331,0.0
16.619,1,rawData\อำเภอเขื่องใน\ตำบลชีทวน\หน่วยเลือกตั้งที่ 7\5ทับ18(บช).pdf,9088,initial,7357,PASS,200,16.619,0.0
15.439,1,rawData\อำเภอเขื่องใน\ตำบลชีทวน\หน่วยเลือกตั้งที่ 7\5ทับ18(บช).pdf,24415,retry,7358,PASS,200,15.439,0.0
3.901,1,rawData\อำเภอเขื่องใน\ตำบลชีทวน\หน่วยเลือกตั้งที่ 7\5ทับ18.pdf,5778,initial,1718,PASS,200,3.901,0.0
4.034,1,rawData\อำเภอเขื่องใน\ตำบลชีทวน\หน่วยเลือกตั้งที่ 7\5ทับ18.pdf,9993,retry,1719,PASS,200,4.034,0.0
16.223,1,rawData\อำเภอเขื่องใน\ตำบลชีทวน\หน่วยเลือกตั้งที่ 8\5ทับ18(บช).pdf,8538,initial,7361,PASS,200,16.223,0.0
16.378,1,rawData\อำเภอเขื่องใน\ตำบลชีทวน\หน่วยเลือกตั้งที่ 8\5ทับ18(บช).pdf,23923,retry,7362,PASS,200,16.378,0.0
5.024,1,rawData\อำเภอเขื่องใน\ตำบลชีทวน\หน่วยเลือกตั้งที่ 8\5ทับ18.pdf,5752,initial,1720,PASS,200,5.024,0.0
14.743,1,rawData\อำเภอเขื่องใน\ตำบลชีทวน\หน่วยเลือกตั้งที่ 9\5ทับ18(บช).pdf,10168,initial,7132,PASS,200,14.743,0.0
17.928,1,rawData\อำเภอเขื่องใน\ตำบลชีทวน\หน่วยเลือกตั้งที่ 9\5ทับ18(บช).pdf,25502,retry,7134,PASS,200,17.928,0.0
4.149,1,rawData\อำเภอเขื่องใน\ตำบลชีทวน\หน่วยเลือกตั้งที่ 9\5ทับ18.pdf,5942,initial,1719,PASS,200,4.149,0.0
3.811,1,rawData\อำเภอเขื่องใน\ตำบลท่าไห\หน่วยเลือกตั้งที่ 1\50ทับ18.pdf,5581,initial,1690,PASS,200,3.811,0.0
4.258,1,rawData\อำเภอเขื่องใน\ตำบลท่าไห\หน่วยเลือกตั้งที่ 1\50ทับ18.pdf,9301,retry,1690,PASS,200,4.258,0.0
13.38,1,rawData\อำเภอเขื่องใน\ตำบลท่าไห\หน่วยเลือกตั้งที่ 1\5ทับ18(บช).pdf,8858,initial,7089,PASS,200,13.38,0.0
17.377,1,rawData\อำเภอเขื่องใน\ตำบลท่าไห\หน่วยเลือกตั้งที่ 1\5ทับ18(บช).pdf,23767,retry,7090,PASS,200,17.377,0.0
8.027,1,rawData\อำเภอเขื่องใน\ตำบลท่าไห\หน่วยเลือกตั้งที่ 10\5ทับ18(บช).pdf,6044,initial,4322,PASS,200,8.027,0.0
8.803,1,rawData\อำเภอเขื่องใน\ตำบลท่าไห\หน่วยเลือกตั้งที่ 10\5ทับ18(บช).pdf,15615,retry,4322,PASS,200,8.803,0.0
4.301,1,rawData\อำเภอเขื่องใน\ตำบลท่าไห\หน่วยเลือกตั้งที่ 10\5ทับ18.pdf,5705,initial,1728,PASS,200,4.301,0.0
15.061,1,rawData\อำเภอเขื่องใน\ตำบลท่าไห\หน่วยเลือกตั้งที่ 11\5ทับ18(บช).pdf,8939,initial,7375,PASS,200,15.061,0.0
4.213,1,rawData\อำเภอเขื่องใน\ตำบลท่าไห\หน่วยเลือกตั้งที่ 11\5ทับ18.pdf,5681,initial,1715,PASS,200,4.213,0.0
12.325,1,rawData\อำเภอเขื่องใน\ตำบลท่าไห\หน่วยเลือกตั้งที่ 12\5 ทับ 18 (บช).pdf,6848,initial,4260,PASS,200,12.325,0.0
8.224,1,rawData\อำเภอเขื่องใน\ตำบลท่าไห\หน่วยเลือกตั้งที่ 12\5 ทับ 18 (บช).pdf,16449,retry,4260,PASS,200,8.224,0.0
4.848,1,rawData\อำเภอเขื่องใน\ตำบลท่าไห\หน่วยเลือกตั้งที่ 12\5 ทับ 18.pdf,5658,initial,1712,PASS,200,4.848,0.0
15.877,1,rawData\อำเภอเขื่องใน\ตำบลท่าไห\หน่วยเลือกตั้งที่ 13\5 ทับ 18 (บช).pdf,8874,initial,7262,PASS,200,15.877,0.0
10.514,1,rawData\อำเภอเขื่องใน\ตำบลท่าไห\หน่วยเลือกตั้งที่ 13\5 ทับ 18 (บช).pdf,25006,retry,4346,PASS,200,10.514,0.0
3.987,1,rawData\อำเภอเขื่องใน\ตำบลท่าไห\หน่วยเลือกตั้งที่ 13\5 ทับ 18.pdf,5836,initial,1725,PASS,200,3.987,0.0
4.367,1,rawData\อำเภอเขื่องใน\ตำบลท่าไห\หน่วยเลือกตั้งที่ 13\5 ทับ 18.pdf,10086,retry,1725,PASS,200,4.367,0.0
15.379,1,rawData\อำเภอเขื่องใน\ตำบลท่าไห\หน่วยเลือกตั้งที่ 2\5ทับ18(บช).pdf,7690,initial,7199,PASS,200,15.379,0.0
14.438,1,rawData\อำเภอเขื่องใน\ตำบลท่าไห\หน่วยเลือกตั้งที่ 2\5ทับ18(บช).pdf,22594,retry,7200,PASS,200,14.438,0.0
3.736,1,rawData\อำเภอเขื่องใน\ตำบลท่าไห\หน่วยเลือกตั้งที่ 2\5ทับ18.pdf,5886,initial,1706,PASS,200,3.736,0.0
4.276,1,rawData\อำเภอเขื่องใน\ตำบลท่าไห\หน่วยเลือกตั้งที่ 2\5ทับ18.pdf,10090,retry,1706,PASS,200,4.276,0.0
12.812,1,rawData\อำเภอเขื่องใน\ตำบลท่าไห\หน่วยเลือกตั้งที่ 3\5ทับ18(บช).pdf,5879,initial,6187,PASS,200,12.812,0.0
3.886,1,rawData\อำเภอเขื่องใน\ตำบลท่าไห\หน่วยเลือกตั้งที่ 3\5ทับ18.pdf,5585,initial,1704,PASS,200,3.886,0.0
3.985,1,rawData\อำเภอเขื่องใน\ตำบลท่าไห\หน่วยเลือกตั้งที่ 3\5ทับ18.pdf,9302,retry,1704,PASS,200,3.985,0.0
13.689,1,rawData\อำเภอเขื่องใน\ตำบลท่าไห\หน่วยเลือกตั้งที่ 4\5ทับ18(บช).pdf,9000,initial,7241,PASS,200,13.689,0.0
14.498,1,rawData\อำเภอเขื่องใน\ตำบลท่าไห\หน่วยเลือกตั้งที่ 4\5ทับ18(บช).pdf,24430,retry,7242,PASS,200,14.498,0.0
3.946,1,rawData\อำเภอเขื่องใน\ตำบลท่าไห\หน่วยเลือกตั้งที่ 4\5ทับ18.pdf,5678,initial,1671,PASS,200,3.946,0.0
3.713,1,rawData\อำเภอเขื่องใน\ตำบลท่าไห\หน่วยเลือกตั้งที่ 4\5ทับ18.pdf,9272,retry,1671,PASS,200,3.713,0.0
16.683,1,rawData\อำเภอเขื่องใน\ตำบลท่าไห\หน่วยเลือกตั้งที่ 5\5ทับ18(บช).pdf,8950,initial,7375,PASS,200,16.683,0.0
15.006,1,rawData\อำเภอเขื่องใน\ตำบลท่าไห\หน่วยเลือกตั้งที่ 5\5ทับ18(บช).pdf,24453,retry,7377,PASS,200,15.006,0.0
3.802,1,rawData\อำเภอเขื่องใน\ตำบลท่าไห\หน่วยเลือกตั้งที่ 5\5ทับ18.pdf,5684,initial,1705,PASS,200,3.802,0.0
7.087,1,rawData\อำเภอเขื่องใน\ตำบลท่าไห\หน่วยเลือกตั้งที่ 6\5ทับ18(บช).pdf,11069,initial,3334,PASS,200,7.087,0.0
6.938,1,rawData\อำเภอเขื่องใน\ตำบลท่าไห\หน่วยเลือกตั้งที่ 6\5ทับ18(บช).pdf,17922,retry,3000,PASS,200,6.938,0.0
4.035,1,rawData\อำเภอเขื่องใน\ตำบลท่าไห\หน่วยเลือกตั้งที่ 6\5ทับ18.pdf,5537,initial,1661,PASS,200,4.035,0.0
4.182,1,rawData\อำเภอเขื่องใน\ตำบลท่าไห\หน่วยเลือกตั้งที่ 6\5ทับ18.pdf,9297,retry,1661,PASS,200,4.182,0.0
15.312,1,rawData\อำเภอเขื่องใน\ตำบลท่าไห\หน่วยเลือกตั้งที่ 7\5ทับ18(บช).pdf,8928,initial,7429,PASS,200,15.312,0.0
15.664,1,rawData\อำเภอเขื่องใน\ตำบลท่าไห\หน่วยเลือกตั้งที่ 7\5ทับ18(บช).pdf,24935,retry,7426,PASS,200,15.664,0.0
3.704,1,rawData\อำเภอเขื่องใน\ตำบลท่าไห\หน่วยเลือกตั้งที่ 7\5ทับ18.pdf,5479,initial,1693,PASS,200,3.704,0.0
18.101,1,rawData\อำเภอเขื่องใน\ตำบลท่าไห\หน่วยเลือกตั้งที่ 8\5ทับ18(บช).pdf,8620,initial,7614,PASS,200,18.101,0.0
17.236,1,rawData\อำเภอเขื่องใน\ตำบลท่าไห\หน่วยเลือกตั้งที่ 8\5ทับ18(บช).pdf,25555,retry,7615,PASS,200,17.236,0.0
3.979,1,rawData\อำเภอเขื่องใน\ตำบลท่าไห\หน่วยเลือกตั้งที่ 8\5ทับ18.pdf,5642,initial,1727,PASS,200,3.979,0.0
3.984,1,rawData\อำเภอเขื่องใน\ตำบลท่าไห\หน่วยเลือกตั้งที่ 8\5ทับ18.pdf,9370,retry,1727,PASS,200,3.984,0.0
15.808,1,rawData\อำเภอเขื่องใน\ตำบลท่าไห\หน่วยเลือกตั้งที่ 9\5ทับ18(บช).pdf,8947,initial,7374,PASS,200,15.808,0.0
15.153,1,rawData\อำเภอเขื่องใน\ตำบลท่าไห\หน่วยเลือกตั้งที่ 9\5ทับ18(บช).pdf,24347,retry,7372,PASS,200,15.153,0.0
3.683,1,rawData\อำเภอเขื่องใน\ตำบลท่าไห\หน่วยเลือกตั้งที่ 9\5ทับ18.pdf,5972,initial,1722,PASS,200,3.683,0.0
18.314,1,rawData\อำเภอเขื่องใน\ตำบลธาตุน้อย\หน่วยเลือกตั้งที่ 1\5ทับ18(บช).pdf,8891,initial,7389,PASS,200,18.314,0.0
17.769,1,rawData\อำเภอเขื่องใน\ตำบลธาตุน้อย\หน่วยเลือกตั้งที่ 1\5ทับ18(บช).pdf,23744,retry,7389,PASS,200,17.769,0.0
4.815,1,rawData\อำเภอเขื่องใน\ตำบลธาตุน้อย\หน่วยเลือกตั้งที่ 1\5ทับ18.pdf,5708,initial,1740,PASS,200,4.815,0.0
4.209,1,rawData\อำเภอเขื่องใน\ตำบลธาตุน้อย\หน่วยเลือกตั้งที่ 1\5ทับ18.pdf,11621,retry,1734,PASS,200,4.209,0.0
17.014,1,rawData\อำเภอเขื่องใน\ตำบลธาตุน้อย\หน่วยเลือกตั้งที่ 10\5ทับ18(บช).pdf,11054,initial,7248,PASS,200,17.014,0.0
9.495,1,rawData\อำเภอเขื่องใน\ตำบลธาตุน้อย\หน่วยเลือกตั้งที่ 10\5ทับ18(บช).pdf,25926,retry,4332,PASS,200,9.495,0.0
3.756,1,rawData\อำเภอเขื่องใน\ตำบลธาตุน้อย\หน่วยเลือกตั้งที่ 10\5ทับ18.pdf,5654,initial,1703,PASS,200,3.756,0.0
3.937,1,rawData\อำเภอเขื่องใน\ตำบลธาตุน้อย\หน่วยเลือกตั้งที่ 10\5ทับ18.pdf,9504,retry,1703,PASS,200,3.937,0.0
8.831,1,rawData\อำเภอเขื่องใน\ตำบลธาตุน้อย\หน่วยเลือกตั้งที่ 2\5ทับ18(บช).pdf,7573,initial,4328,PASS,200,8.831,0.0
10.663,1,rawData\อำเภอเขื่องใน\ตำบลธาตุน้อย\หน่วยเลือกตั้งที่ 2\5ทับ18(บช).pdf,16721,retry,4333,PASS,200,10.663,0.0
4.032,1,rawData\อำเภอเขื่องใน\ตำบลธาตุน้อย\หน่วยเลือกตั้งที่ 2\5ทับ18.pdf,5956,initial,1627,PASS,200,4.032,0.0
3.742,1,rawData\อำเภอเขื่องใน\ตำบลธาตุน้อย\หน่วยเลือกตั้งที่ 2\5ทับ18.pdf,9523,retry,1627,PASS,200,3.742,0.0
10.363,1,rawData\อำเภอเขื่องใน\ตำบลธาตุน้อย\หน่วยเลือกตั้งที่ 3\5ทับ18(บช).pdf,7192,initial,4324,PASS,200,10.363,0.0
9.232,1,rawData\อำเภอเขื่องใน\ตำบลธาตุน้อย\หน่วยเลือกตั้งที่ 3\5ทับ18(บช).pdf,16728,retry,4324,PASS,200,9.232,0.0
4.393,1,rawData\อำเภอเขื่องใน\ตำบลธาตุน้อย\หน่วยเลือกตั้งที่ 3\5ทับ18.pdf,5557,initial,1724,PASS,200,4.393,0.0
16.25,1,rawData\อำเภอเขื่องใน\ตำบลธาตุน้อย\หน่วยเลือกตั้งที่ 4\5ทับ18(บช).pdf,8890,initial,7604,PASS,200,16.25,0.0
17.479,1,rawData\อำเภอเขื่องใน\ตำบลธาตุน้อย\หน่วยเลือกตั้งที่ 4\5ทับ18(บช).pdf,23975,retry,7606,PASS,200,17.479,0.0
4.278,1,rawData\อำเภอเขื่องใน\ตำบลธาตุน้อย\หน่วยเลือกตั้งที่ 4\5ทับ18.pdf,4511,initial,1710,PASS,200,4.278,0.0
3.914,1,rawData\อำเภอเขื่องใน\ตำบลธาตุน้อย\หน่วยเลือกตั้งที่ 4\5ทับ18.pdf,8272,retry,1710,PASS,200,3.914,0.0
16.279,1,rawData\อำเภอเขื่องใน\ตำบลธาตุน้อย\หน่วยเลือกตั้งที่ 5\5ทับ18(บช).pdf,9595,initial,7398,PASS,200,16.279,0.0
17.268,1,rawData\อำเภอเขื่องใน\ตำบลธาตุน้อย\หน่วยเลือกตั้งที่ 5\5ทับ18(บช).pdf,25045,retry,7401,PASS,200,17.268,0.0
5.032,1,rawData\อำเภอเขื่องใน\ตำบลธาตุน้อย\หน่วยเลือกตั้งที่ 5\5ทับ18.pdf,6046,initial,1857,PASS,200,5.032,0.0
4.275,1,rawData\อำเภอเขื่องใน\ตำบลธาตุน้อย\หน่วยเลือกตั้งที่ 5\5ทับ18.pdf,10018,retry,1857,PASS,200,4.275,0.0
3.933,1,rawData\อำเภอเขื่องใน\ตำบลธาตุน้อย\หน่วยเลือกตั้งที่ 6\5ทับ18(บช).pdf,6041,initial,1509,PASS,200,3.933,0.0
3.679,1,rawData\อำเภอเขื่องใน\ตำบลธาตุน้อย\หน่วยเลือกตั้งที่ 6\5ทับ18(บช).pdf,9544,retry,1509,PASS,200,3.68,0.0
5.07,1,rawData\อำเภอเขื่องใน\ตำบลธาตุน้อย\หน่วยเลือกตั้งที่ 6\5ทับ18.pdf,5790,initial,1712,PASS,200,5.07,0.0
10.59,1,rawData\อำเภอเขื่องใน\ตำบลธาตุน้อย\หน่วยเลือกตั้งที่ 7\5ทับ18(บช).pdf,8262,initial,4332,PASS,200,10.59,0.0
7.099,1,rawData\อำเภอเขื่องใน\ตำบลธาตุน้อย\หน่วยเลือกตั้งที่ 7\5ทับ18(บช).pdf,17373,retry,2609,PASS,200,7.099,0.0
5.521,1,rawData\อำเภอเขื่องใน\ตำบลธาตุน้อย\หน่วยเลือกตั้งที่ 7\5ทับ18.pdf,5798,initial,1696,PASS,200,5.521,0.0
19.169,1,rawData\อำเภอเขื่องใน\ตำบลธาตุน้อย\หน่วยเลือกตั้งที่ 8\5ทับ18(บช).pdf,9418,initial,7423,PASS,200,19.169,0.0
16.498,1,rawData\อำเภอเขื่องใน\ตำบลธาตุน้อย\หน่วยเลือกตั้งที่ 8\5ทับ18(บช).pdf,24994,retry,7426,PASS,200,16.498,0.0
4.041,1,rawData\อำเภอเขื่องใน\ตำบลธาตุน้อย\หน่วยเลือกตั้งที่ 8\5ทับ18.pdf,5725,initial,1730,PASS,200,4.041,0.0
9.293,1,rawData\อำเภอเขื่องใน\ตำบลธาตุน้อย\หน่วยเลือกตั้งที่ 9\5ทับ18(บช).pdf,6360,initial,4379,PASS,200,9.293,0.0
9.687,1,rawData\อำเภอเขื่องใน\ตำบลธาตุน้อย\หน่วยเลือกตั้งที่ 9\5ทับ18(บช).pdf,16523,retry,4379,PASS,200,9.687,0.0
4.1,1,rawData\อำเภอเขื่องใน\ตำบลธาตุน้อย\หน่วยเลือกตั้งที่ 9\5ทับ18.pdf,5761,initial,1728,PASS,200,4.1,0.0
15.747,1,rawData\อำเภอเขื่องใน\ตำบลนาคำใหญ่\หน่วยเลือกตั้งที่ 1\5 ทับ 18 (บช).pdf,9556,initial,7393,PASS,200,15.747,0.0
16.078,1,rawData\อำเภอเขื่องใน\ตำบลนาคำใหญ่\หน่วยเลือกตั้งที่ 1\5 ทับ 18 (บช).pdf,29029,retry,7392,PASS,200,16.078,0.0
3.859,1,rawData\อำเภอเขื่องใน\ตำบลนาคำใหญ่\หน่วยเลือกตั้งที่ 1\5 ทับ 18.pdf,5746,initial,1724,PASS,200,3.859,0.0
15.079,1,rawData\อำเภอเขื่องใน\ตำบลนาคำใหญ่\หน่วยเลือกตั้งที่ 2\5 ทับ 18 (บช).pdf,9468,initial,7227,PASS,200,15.079,0.0
8.565,1,rawData\อำเภอเขื่องใน\ตำบลนาคำใหญ่\หน่วยเลือกตั้งที่ 2\5 ทับ 18 (บช).pdf,24314,retry,4218,PASS,200,8.565,0.0
4.445,1,rawData\อำเภอเขื่องใน\ตำบลนาคำใหญ่\หน่วยเลือกตั้งที่ 2\5 ทับ 18.pdf,4727,initial,1719,PASS,200,4.445,0.0
4.978,1,rawData\อำเภอเขื่องใน\ตำบลนาคำใหญ่\หน่วยเลือกตั้งที่ 2\5 ทับ 18.pdf,8937,retry,1719,PASS,200,4.978,0.0
17.057,1,rawData\อำเภอเขื่องใน\ตำบลนาคำใหญ่\หน่วยเลือกตั้งที่ 3\5ทับ18(บช).pdf,8170,initial,7352,PASS,200,17.057,0.0
20.072,1,rawData\อำเภอเขื่องใน\ตำบลนาคำใหญ่\หน่วยเลือกตั้งที่ 3\5ทับ18(บช).pdf,22946,retry,7352,PASS,200,20.072,0.0
5.201,1,rawData\อำเภอเขื่องใน\ตำบลนาคำใหญ่\หน่วยเลือกตั้งที่ 3\5ทับ18.pdf,5886,initial,1703,PASS,200,5.201,0.0
4.083,1,rawData\อำเภอเขื่องใน\ตำบลนาคำใหญ่\หน่วยเลือกตั้งที่ 3\5ทับ18.pdf,10618,retry,1703,PASS,200,4.083,0.0
14.249,1,rawData\อำเภอเขื่องใน\ตำบลนาคำใหญ่\หน่วยเลือกตั้งที่ 4\5ทับ18(บช).pdf,10355,initial,7153,PASS,200,14.249,0.0
9.014,1,rawData\อำเภอเขื่องใน\ตำบลนาคำใหญ่\หน่วยเลือกตั้งที่ 4\5ทับ18(บช).pdf,25343,retry,4238,PASS,200,9.014,0.0
4.951,1,rawData\อำเภอเขื่องใน\ตำบลนาคำใหญ่\หน่วยเลือกตั้งที่ 4\5ทับ18.pdf,6006,initial,1688,PASS,200,4.951,0.0
15.448,1,rawData\อำเภอเขื่องใน\ตำบลนาคำใหญ่\หน่วยเลือกตั้งที่ 5\5ทับ18(บช).pdf,10016,initial,7367,PASS,200,15.448,0.0
3.938,1,rawData\อำเภอเขื่องใน\ตำบลนาคำใหญ่\หน่วยเลือกตั้งที่ 5\5ทับ18.pdf,5574,initial,1709,PASS,200,3.938,0.0
8.761,1,rawData\อำเภอเขื่องใน\ตำบลนาคำใหญ่\หน่วยเลือกตั้งที่ 6\5ทับ18(บช).pdf,7257,initial,4363,PASS,200,8.761,0.0
9.741,1,rawData\อำเภอเขื่องใน\ตำบลนาคำใหญ่\หน่วยเลือกตั้งที่ 6\5ทับ18(บช).pdf,17123,retry,4363,PASS,200,9.741,0.0
4.961,1,rawData\อำเภอเขื่องใน\ตำบลนาคำใหญ่\หน่วยเลือกตั้งที่ 6\5ทับ18.pdf,11109,initial,1736,PASS,200,4.961,0.0
4.095,1,rawData\อำเภอเขื่องใน\ตำบลนาคำใหญ่\หน่วยเลือกตั้งที่ 6\5ทับ18.pdf,14852,retry,1288,PASS,200,4.095,0.0
9.828,1,rawData\อำเภอเขื่องใน\ตำบลนาคำใหญ่\หน่วยเลือกตั้งที่ 7\5ทับ18(บช).pdf,6579,initial,4288,PASS,200,9.828,0.0
8.736,1,rawData\อำเภอเขื่องใน\ตำบลนาคำใหญ่\หน่วยเลือกตั้งที่ 7\5ทับ18(บช).pdf,15712,retry,4288,PASS,200,8.736,0.0
4.886,1,rawData\อำเภอเขื่องใน\ตำบลนาคำใหญ่\หน่วยเลือกตั้งที่ 7\5ทับ18.pdf,5872,initial,1737,PASS,200,4.886,0.0
4.277,1,rawData\อำเภอเขื่องใน\ตำบลนาคำใหญ่\หน่วยเลือกตั้งที่ 7\5ทับ18.pdf,9578,retry,1737,PASS,200,4.277,0.0
17.097,1,rawData\อำเภอเขื่องใน\ตำบลนาคำใหญ่\หน่วยเลือกตั้งที่ 8\5ทับ18(บช).pdf,7954,initial,7363,PASS,200,17.097,0.0
18.262,1,rawData\อำเภอเขื่องใน\ตำบลนาคำใหญ่\หน่วยเลือกตั้งที่ 8\5ทับ18(บช).pdf,25209,retry,7365,PASS,200,18.262,0.0
4.401,1,rawData\อำเภอเขื่องใน\ตำบลนาคำใหญ่\หน่วยเลือกตั้งที่ 8\5ทับ18.pdf,5588,initial,1726,PASS,200,4.401,0.0
13.162,1,rawData\อำเภอเขื่องใน\ตำบลบ้านกอก\หน่วยเลือกตั้งที่ 1\5ทับ18(บช).pdf,11069,initial,4758,PASS,200,13.162,0.0
9.548,1,rawData\อำเภอเขื่องใน\ตำบลบ้านกอก\หน่วยเลือกตั้งที่ 1\5ทับ18(บช).pdf,20764,retry,4442,PASS,200,9.548,0.0
4.02,1,rawData\อำเภอเขื่องใน\ตำบลบ้านกอก\หน่วยเลือกตั้งที่ 1\5ทับ18.pdf,5611,initial,1719,PASS,200,4.02,0.0
4.32,1,rawData\อำเภอเขื่องใน\ตำบลบ้านกอก\หน่วยเลือกตั้งที่ 1\5ทับ18.pdf,9405,retry,1719,PASS,200,4.32,0.0
16.987,1,rawData\อำเภอเขื่องใน\ตำบลบ้านกอก\หน่วยเลือกตั้งที่ 2\5ทับ18(บช).pdf,9331,initial,7418,PASS,200,16.987,0.0
17.83,1,rawData\อำเภอเขื่องใน\ตำบลบ้านกอก\หน่วยเลือกตั้งที่ 2\5ทับ18(บช).pdf,24758,retry,7424,PASS,200,17.83,0.0
3.936,1,rawData\อำเภอเขื่องใน\ตำบลบ้านกอก\หน่วยเลือกตั้งที่ 2\5ทับ18.pdf,4769,initial,1734,PASS,200,3.936,0.0
16.101,1,rawData\อำเภอเขื่องใน\ตำบลบ้านกอก\หน่วยเลือกตั้งที่ 3\5ทับ18(บช).pdf,9433,initial,7341,PASS,200,16.101,0.0
4.372,1,rawData\อำเภอเขื่องใน\ตำบลบ้านกอก\หน่วยเลือกตั้งที่ 3\5ทับ18.pdf,5245,initial,1709,PASS,200,4.372,0.0
8.02,1,rawData\อำเภอเขื่องใน\ตำบลบ้านกอก\หน่วยเลือกตั้งที่ 4\5ทับ18(บช).pdf,7164,initial,4248,PASS,200,8.02,0.0
8.8,1,rawData\อำเภอเขื่องใน\ตำบลบ้านกอก\หน่วยเลือกตั้งที่ 4\5ทับ18(บช).pdf,16785,retry,4249,PASS,200,8.8,0.0
4.392,1,rawData\อำเภอเขื่องใน\ตำบลบ้านกอก\หน่วยเลือกตั้งที่ 4\5ทับ18.pdf,5564,initial,1726,PASS,200,4.392,0.0
15.564,1,rawData\อำเภอเขื่องใน\ตำบลบ้านกอก\หน่วยเลือกตั้งที่ 5\5ทับ18(บช).pdf,8976,initial,7377,PASS,200,15.564,0.0
15.682,1,rawData\อำเภอเขื่องใน\ตำบลบ้านกอก\หน่วยเลือกตั้งที่ 5\5ทับ18(บช).pdf,24462,retry,7379,PASS,200,15.682,0.0
3.874,1,rawData\อำเภอเขื่องใน\ตำบลบ้านกอก\หน่วยเลือกตั้งที่ 5\5ทับ18.pdf,5820,initial,1736,PASS,200,3.874,0.0
3.954,1,rawData\อำเภอเขื่องใน\ตำบลบ้านกอก\หน่วยเลือกตั้งที่ 5\5ทับ18.pdf,9540,retry,1736,PASS,200,3.954,0.0
17.368,1,rawData\อำเภอเขื่องใน\ตำบลบ้านกอก\หน่วยเลือกตั้งที่ 6\5ทับ18(บช).pdf,8862,initial,7261,PASS,200,17.368,0.0
11.665,1,rawData\อำเภอเขื่องใน\ตำบลบ้านกอก\หน่วยเลือกตั้งที่ 6\5ทับ18(บช).pdf,24369,retry,4351,PASS,200,11.665,0.0
4.454,1,rawData\อำเภอเขื่องใน\ตำบลบ้านกอก\หน่วยเลือกตั้งที่ 6\5ทับ18.pdf,5618,initial,1676,PASS,200,4.454,0.0
9.162,1,rawData\อำเภอเขื่องใน\ตำบลบ้านไทย\หน่วยเลือกตั้งที่ 1\5ทับ18(บช).pdf,6396,initial,4371,PASS,200,9.162,0.0
10.193,1,rawData\อำเภอเขื่องใน\ตำบลบ้านไทย\หน่วยเลือกตั้งที่ 1\5ทับ18(บช).pdf,15469,retry,4371,PASS,200,10.193,0.0
3.832,1,rawData\อำเภอเขื่องใน\ตำบลบ้านไทย\หน่วยเลือกตั้งที่ 1\5ทับ18.pdf,5880,initial,1684,PASS,200,3.832,0.0
3.93,1,rawData\อำเภอเขื่องใน\ตำบลบ้านไทย\หน่วยเลือกตั้งที่ 1\5ทับ18.pdf,10042,retry,1684,PASS,200,3.93,0.0
16.274,1,rawData\อำเภอเขื่องใน\ตำบลบ้านไทย\หน่วยเลือกตั้งที่ 10\5ทับ18(บช).pdf,7851,initial,7156,PASS,200,16.274,0.0
15.225,1,rawData\อำเภอเขื่องใน\ตำบลบ้านไทย\หน่วยเลือกตั้งที่ 10\5ทับ18(บช).pdf,22899,retry,7159,PASS,200,15.225,0.0
3.881,1,rawData\อำเภอเขื่องใน\ตำบลบ้านไทย\หน่วยเลือกตั้งที่ 10\5ทับ18.pdf,5879,initial,1724,PASS,200,3.881,0.0
4.425,1,rawData\อำเภอเขื่องใน\ตำบลบ้านไทย\หน่วยเลือกตั้งที่ 10\5ทับ18.pdf,9541,retry,1724,PASS,200,4.425,0.0
17.874,1,rawData\อำเภอเขื่องใน\ตำบลบ้านไทย\หน่วยเลือกตั้งที่ 11\5ทับ18(บช).pdf,9148,initial,7484,PASS,200,17.874,0.0
16.827,1,rawData\อำเภอเขื่องใน\ตำบลบ้านไทย\หน่วยเลือกตั้งที่ 11\5ทับ18(บช).pdf,25853,retry,7484,PASS,200,16.827,0.0
5.312,1,rawData\อำเภอเขื่องใน\ตำบลบ้านไทย\หน่วยเลือกตั้งที่ 11\5ทับ18.pdf,5731,initial,1713,PASS,200,5.312,0.0
15.864,1,rawData\อำเภอเขื่องใน\ตำบลบ้านไทย\หน่วยเลือกตั้งที่ 12\5ทับ18(บช).pdf,8824,initial,7371,PASS,200,15.864,0.0
9.354,1,rawData\อำเภอเขื่องใน\ตำบลบ้านไทย\หน่วยเลือกตั้งที่ 12\5ทับ18(บช).pdf,23825,retry,4454,PASS,200,9.354,0.0
5.266,1,rawData\อำเภอเขื่องใน\ตำบลบ้านไทย\หน่วยเลือกตั้งที่ 12\5ทับ18.pdf,5673,initial,1715,PASS,200,5.266,0.0
4.069,1,rawData\อำเภอเขื่องใน\ตำบลบ้านไทย\หน่วยเลือกตั้งที่ 2\5 ทับ18.pdf,5744,initial,1718,PASS,200,4.069,0.0
5.666,1,rawData\อำเภอเขื่องใน\ตำบลบ้านไทย\หน่วยเลือกตั้งที่ 2\5 ทับ18.pdf,9397,retry,1718,PASS,200,5.666,0.0
15.985,1,rawData\อำเภอเขื่องใน\ตำบลบ้านไทย\หน่วยเลือกตั้งที่ 2\5ทับ18(บช).pdf,11069,initial,7384,PASS,200,15.985,0.0
17.246,1,rawData\อำเภอเขื่องใน\ตำบลบ้านไทย\หน่วยเลือกตั้งที่ 2\5ทับ18(บช).pdf,26067,retry,7385,PASS,200,17.246,0.0
17.115,1,rawData\อำเภอเขื่องใน\ตำบลบ้านไทย\หน่วยเลือกตั้งที่ 3\5ทับ18(บช).pdf,8424,initial,7393,PASS,200,17.115,0.0
9.514,1,rawData\อำเภอเขื่องใน\ตำบลบ้านไทย\หน่วยเลือกตั้งที่ 3\5ทับ18(บช).pdf,23803,retry,4476,PASS,200,9.514,0.0
4.154,1,rawData\อำเภอเขื่องใน\ตำบลบ้านไทย\หน่วยเลือกตั้งที่ 3\5ทับ18.pdf,5920,initial,1697,PASS,200,4.154,0.0
8.97,1,rawData\อำเภอเขื่องใน\ตำบลบ้านไทย\หน่วยเลือกตั้งที่ 4\5ทับ18(บช).pdf,6268,initial,4475,PASS,200,8.97,0.0
9.97,1,rawData\อำเภอเขื่องใน\ตำบลบ้านไทย\หน่วยเลือกตั้งที่ 4\5ทับ18(บช).pdf,15442,retry,4475,PASS,200,9.97,0.0
3.997,1,rawData\อำเภอเขื่องใน\ตำบลบ้านไทย\หน่วยเลือกตั้งที่ 4\5ทับ18.pdf,4608,initial,1728,PASS,200,3.997,0.0
16.42,1,rawData\อำเภอเขื่องใน\ตำบลบ้านไทย\หน่วยเลือกตั้งที่ 5\5ทับ18(บช).pdf,9297,initial,7392,PASS,200,16.42,0.0
16.51,1,rawData\อำเภอเขื่องใน\ตำบลบ้านไทย\หน่วยเลือกตั้งที่ 5\5ทับ18(บช).pdf,26394,retry,7395,PASS,200,16.51,0.0
3.823,1,rawData\อำเภอเขื่องใน\ตำบลบ้านไทย\หน่วยเลือกตั้งที่ 5\5ทับ18.pdf,5534,initial,1697,PASS,200,3.823,0.0
4.299,1,rawData\อำเภอเขื่องใน\ตำบลบ้านไทย\หน่วยเลือกตั้งที่ 5\5ทับ18.pdf,9247,retry,1697,PASS,200,4.299,0.0
8.387,1,rawData\อำเภอเขื่องใน\ตำบลบ้านไทย\หน่วยเลือกตั้งที่ 6\5ทับ18(บช).pdf,7462,initial,4322,PASS,200,8.387,0.0
6.479,1,rawData\อำเภอเขื่องใน\ตำบลบ้านไทย\หน่วยเลือกตั้งที่ 6\5ทับ18(บช).pdf,18777,retry,2601,PASS,200,6.479,0.0
3.894,1,rawData\อำเภอเขื่องใน\ตำบลบ้านไทย\หน่วยเลือกตั้งที่ 6\5ทับ18.pdf,5527,initial,1706,PASS,200,3.894,0.0
4.098,1,rawData\อำเภอเขื่องใน\ตำบลบ้านไทย\หน่วยเลือกตั้งที่ 6\5ทับ18.pdf,9380,retry,1706,PASS,200,4.098,0.0
15.587,1,rawData\อำเภอเขื่องใน\ตำบลบ้านไทย\หน่วยเลือกตั้งที่ 7\5ทับ18(บช).pdf,11069,initial,6063,PASS,200,15.587,0.0
12.918,1,rawData\อำเภอเขื่องใน\ตำบลบ้านไทย\หน่วยเลือกตั้งที่ 7\5ทับ18(บช).pdf,23613,retry,6062,PASS,200,12.918,0.0
4.561,1,rawData\อำเภอเขื่องใน\ตำบลบ้านไทย\หน่วยเลือกตั้งที่ 7\5ทับ18.pdf,5603,initial,1720,PASS,200,4.561,0.0
4.612,1,rawData\อำเภอเขื่องใน\ตำบลบ้านไทย\หน่วยเลือกตั้งที่ 7\5ทับ18.pdf,9388,retry,1720,PASS,200,4.612,0.0
16.951,1,rawData\อำเภอเขื่องใน\ตำบลบ้านไทย\หน่วยเลือกตั้งที่ 8\5ทับ18(บช).pdf,8797,initial,7274,PASS,200,16.951,0.0
15.097,1,rawData\อำเภอเขื่องใน\ตำบลบ้านไทย\หน่วยเลือกตั้งที่ 8\5ทับ18(บช).pdf,24203,retry,7276,PASS,200,15.097,0.0
3.872,1,rawData\อำเภอเขื่องใน\ตำบลบ้านไทย\หน่วยเลือกตั้งที่ 8\5ทับ18.pdf,5522,initial,1725,PASS,200,3.872,0.0
4.25,1,rawData\อำเภอเขื่องใน\ตำบลบ้านไทย\หน่วยเลือกตั้งที่ 8\5ทับ18.pdf,9924,retry,1725,PASS,200,4.25,0.0
8.142,1,rawData\อำเภอเขื่องใน\ตำบลบ้านไทย\หน่วยเลือกตั้งที่ 9\5ทับ18(บช).pdf,7283,initial,4262,PASS,200,8.142,0.0
10.884,1,rawData\อำเภอเขื่องใน\ตำบลบ้านไทย\หน่วยเลือกตั้งที่ 9\5ทับ18(บช).pdf,16362,retry,4262,PASS,200,10.884,0.0
5.199,1,rawData\อำเภอเขื่องใน\ตำบลบ้านไทย\หน่วยเลือกตั้งที่ 9\5ทับ18.pdf,5645,initial,1706,PASS,200,5.199,0.0
16.589,1,rawData\อำเภอเขื่องใน\ตำบลยางขี้นก\หน่วยเลือกตั้งที่ 1\5ทับ18(บช).pdf,8407,initial,7591,PASS,200,16.589,0.0
19.514,1,rawData\อำเภอเขื่องใน\ตำบลยางขี้นก\หน่วยเลือกตั้งที่ 1\5ทับ18(บช).pdf,23329,retry,7591,PASS,200,19.514,0.0
4.346,1,rawData\อำเภอเขื่องใน\ตำบลยางขี้นก\หน่วยเลือกตั้งที่ 1\5ทับ18.pdf,5741,initial,1708,PASS,200,4.346,0.0
4.269,1,rawData\อำเภอเขื่องใน\ตำบลยางขี้นก\หน่วยเลือกตั้งที่ 1\5ทับ18.pdf,10117,retry,1708,PASS,200,4.269,0.0
16.526,1,rawData\อำเภอเขื่องใน\ตำบลยางขี้นก\หน่วยเลือกตั้งที่ 10\5ทับ18(บช).pdf,8647,initial,7379,PASS,200,16.526,0.0
16.486,1,rawData\อำเภอเขื่องใน\ตำบลยางขี้นก\หน่วยเลือกตั้งที่ 10\5ทับ18(บช).pdf,24659,retry,7379,PASS,200,16.486,0.0
4.183,1,rawData\อำเภอเขื่องใน\ตำบลยางขี้นก\หน่วยเลือกตั้งที่ 10\5ทับ18.pdf,5822,initial,1723,PASS,200,4.183,0.0
4.824,1,rawData\อำเภอเขื่องใน\ตำบลยางขี้นก\หน่วยเลือกตั้งที่ 10\5ทับ18.pdf,9533,retry,1723,PASS,200,4.824,0.0
16.858,1,rawData\อำเภอเขื่องใน\ตำบลยางขี้นก\หน่วยเลือกตั้งที่ 2\5ทับ18(บช).pdf,10489,initial,7445,PASS,200,16.858,0.0
17.564,1,rawData\อำเภอเขื่องใน\ตำบลยางขี้นก\หน่วยเลือกตั้งที่ 2\5ทับ18(บช).pdf,25611,retry,7433,PASS,200,17.564,0.0
7.731,1,rawData\อำเภอเขื่องใน\ตำบลยางขี้นก\หน่วยเลือกตั้งที่ 2\5ทับ18.pdf,6010,initial,1709,PASS,200,7.731,0.0
4.659,1,rawData\อำเภอเขื่องใน\ตำบลยางขี้นก\หน่วยเลือกตั้งที่ 2\5ทับ18.pdf,9838,retry,1709,PASS,200,4.659,0.0
17.934,1,rawData\อำเภอเขื่องใน\ตำบลยางขี้นก\หน่วยเลือกตั้งที่ 3\5ทับ18(บช).pdf,8906,initial,7389,PASS,200,17.934,0.0
13.012,1,rawData\อำเภอเขื่องใน\ตำบลยางขี้นก\หน่วยเลือกตั้งที่ 3\5ทับ18(บช).pdf,23851,retry,5062,PASS,200,13.012,0.0
3.833,1,rawData\อำเภอเขื่องใน\ตำบลยางขี้นก\หน่วยเลือกตั้งที่ 3\5ทับ18.pdf,5761,initial,1727,PASS,200,3.833,0.0
8.579,1,rawData\อำเภอเขื่องใน\ตำบลยางขี้นก\หน่วยเลือกตั้งที่ 4\5ทับ18(บช).pdf,7219,initial,4381,PASS,200,8.579,0.0
10.733,1,rawData\อำเภอเขื่องใน\ตำบลยางขี้นก\หน่วยเลือกตั้งที่ 4\5ทับ18(บช).pdf,16207,retry,4381,PASS,200,10.733,0.0
4.109,1,rawData\อำเภอเขื่องใน\ตำบลยางขี้นก\หน่วยเลือกตั้งที่ 4\5ทับ18.pdf,5495,initial,1515,PASS,200,4.109,0.0
3.209,1,rawData\อำเภอเขื่องใน\ตำบลยางขี้นก\หน่วยเลือกตั้งที่ 4\5ทับ18.pdf,8937,retry,1515,PASS,200,3.209,0.0
15.029,1,rawData\อำเภอเขื่องใน\ตำบลยางขี้นก\หน่วยเลือกตั้งที่ 5\5ทับ18(บช).pdf,10606,initial,7261,PASS,200,15.029,0.0
18.143,1,rawData\อำเภอเขื่องใน\ตำบลยางขี้นก\หน่วยเลือกตั้งที่ 5\5ทับ18(บช).pdf,25438,retry,7261,PASS,200,18.143,0.0
0.735,1,rawData\อำเภอเขื่องใน\ตำบลยางขี้นก\หน่วยเลือกตั้งที่ 5\5ทับ18.pdf,2938,initial,292,PASS,200,0.735,0.0
10.057,1,rawData\อำเภอเขื่องใน\ตำบลยางขี้นก\หน่วยเลือกตั้งที่ 6\5ทับ18(บช).pdf,7277,initial,4304,PASS,200,10.057,0.0
10.383,1,rawData\อำเภอเขื่องใน\ตำบลยางขี้นก\หน่วยเลือกตั้งที่ 6\5ทับ18(บช).pdf,16962,retry,4304,PASS,200,10.383,0.0
4.698,1,rawData\อำเภอเขื่องใน\ตำบลยางขี้นก\หน่วยเลือกตั้งที่ 6\5ทับ18.pdf,5590,initial,1725,PASS,200,4.698,0.0
5.033,1,rawData\อำเภอเขื่องใน\ตำบลยางขี้นก\หน่วยเลือกตั้งที่ 6\5ทับ18.pdf,9330,retry,1725,PASS,200,5.033,0.0
14.028,1,rawData\อำเภอเขื่องใน\ตำบลยางขี้นก\หน่วยเลือกตั้งที่ 7\5ทับ18(บช).pdf,8171,initial,7189,PASS,200,14.028,0.0
16.851,1,rawData\อำเภอเขื่องใน\ตำบลยางขี้นก\หน่วยเลือกตั้งที่ 7\5ทับ18(บช).pdf,28190,retry,7196,PASS,200,16.851,0.0
3.979,1,rawData\อำเภอเขื่องใน\ตำบลยางขี้นก\หน่วยเลือกตั้งที่ 7\5ทับ18.pdf,5630,initial,1697,PASS,200,3.979,0.0
4.913,1,rawData\อำเภอเขื่องใน\ตำบลยางขี้นก\หน่วยเลือกตั้งที่ 7\5ทับ18.pdf,9351,retry,1697,PASS,200,4.913,0.0
16.874,1,rawData\อำเภอเขื่องใน\ตำบลยางขี้นก\หน่วยเลือกตั้งที่ 8\5ทับ18(บช).pdf,8908,initial,7268,PASS,200,16.874,0.0
15.358,1,rawData\อำเภอเขื่องใน\ตำบลยางขี้นก\หน่วยเลือกตั้งที่ 8\5ทับ18(บช).pdf,24299,retry,7269,PASS,200,15.358,0.0
4.271,1,rawData\อำเภอเขื่องใน\ตำบลยางขี้นก\หน่วยเลือกตั้งที่ 8\5ทับ18.pdf,5680,initial,1708,PASS,200,4.271,0.0
4.26,1,rawData\อำเภอเขื่องใน\ตำบลยางขี้นก\หน่วยเลือกตั้งที่ 8\5ทับ18.pdf,9982,retry,1708,PASS,200,4.26,0.0
9.298,1,rawData\อำเภอเขื่องใน\ตำบลยางขี้นก\หน่วยเลือกตั้งที่ 9\5ทับ18 (บช).pdf,7354,initial,4368,PASS,200,9.298,0.0
10.953,1,rawData\อำเภอเขื่องใน\ตำบลยางขี้นก\หน่วยเลือกตั้งที่ 9\5ทับ18 (บช).pdf,16336,retry,4368,PASS,200,10.953,0.0
4.126,1,rawData\อำเภอเขื่องใน\ตำบลยางขี้นก\หน่วยเลือกตั้งที่ 9\5ทับ18.pdf,5788,initial,1711,PASS,200,4.126,0.0
4.277,1,rawData\อำเภอเขื่องใน\ตำบลยางขี้นก\หน่วยเลือกตั้งที่ 9\5ทับ18.pdf,9428,retry,1711,PASS,200,4.277,0.0
16.42,1,rawData\อำเภอเขื่องใน\ตำบลศรีสุข\หน่วยเลือกตั้งที่ 1\5ทับ18(บช).pdf,7786,initial,7265,PASS,200,16.42,0.0
16.287,1,rawData\อำเภอเขื่องใน\ตำบลศรีสุข\หน่วยเลือกตั้งที่ 1\5ทับ18(บช).pdf,24911,retry,7266,PASS,200,16.287,0.0
4.266,1,rawData\อำเภอเขื่องใน\ตำบลศรีสุข\หน่วยเลือกตั้งที่ 1\5ทับ18.pdf,5520,initial,1709,PASS,200,4.266,0.0
4.458,1,rawData\อำเภอเขื่องใน\ตำบลศรีสุข\หน่วยเลือกตั้งที่ 1\5ทับ18.pdf,9846,retry,1709,PASS,200,4.458,0.0
13.892,1,rawData\อำเภอเขื่องใน\ตำบลศรีสุข\หน่วยเลือกตั้งที่ 2\5ทับ18(บช).pdf,8414,initial,7224,PASS,200,13.892,0.0
17.438,1,rawData\อำเภอเขื่องใน\ตำบลศรีสุข\หน่วยเลือกตั้งที่ 2\5ทับ18(บช).pdf,23306,retry,7225,PASS,200,17.438,0.0
4.609,1,rawData\อำเภอเขื่องใน\ตำบลศรีสุข\หน่วยเลือกตั้งที่ 2\5ทับ18.pdf,5741,initial,1735,PASS,200,4.609,0.0
9.589,1,rawData\อำเภอเขื่องใน\ตำบลศรีสุข\หน่วยเลือกตั้งที่ 3\5ทับ18(บช).pdf,7087,initial,4403,PASS,200,9.589,0.0
6.162,1,rawData\อำเภอเขื่องใน\ตำบลศรีสุข\หน่วยเลือกตั้งที่ 3\5ทับ18(บช).pdf,17200,retry,2685,PASS,200,6.162,0.0
3.945,1,rawData\อำเภอเขื่องใน\ตำบลศรีสุข\หน่วยเลือกตั้งที่ 3\5ทับ18.pdf,5575,initial,1741,PASS,200,3.945,0.0
3.209,1,rawData\อำเภอเขื่องใน\ตำบลศรีสุข\หน่วยเลือกตั้งที่ 4\5ทับ18(บช).pdf,11069,initial,1517,PASS,200,3.209,0.0
2.293,1,rawData\อำเภอเขื่องใน\ตำบลศรีสุข\หน่วยเลือกตั้งที่ 4\5ทับ18(บช).pdf,15061,retry,950,PASS,200,2.293,0.0
4.921,1,rawData\อำเภอเขื่องใน\ตำบลศรีสุข\หน่วยเลือกตั้งที่ 4\5ทับ18.pdf,8885,initial,1763,PASS,200,4.921,0.0
15.635,1,rawData\อำเภอเขื่องใน\ตำบลศรีสุข\หน่วยเลือกตั้งที่ 5\5ทับ18(บช).pdf,8415,initial,7384,PASS,200,15.635,0.0
12.698,1,rawData\อำเภอเขื่องใน\ตำบลศรีสุข\หน่วยเลือกตั้งที่ 5\5ทับ18(บช).pdf,23834,retry,5057,PASS,200,12.698,0.0
4.163,1,rawData\อำเภอเขื่องใน\ตำบลศรีสุข\หน่วยเลือกตั้งที่ 5\5ทับ18.pdf,8652,initial,1718,PASS,200,4.163,0.0
15.763,1,rawData\อำเภอเขื่องใน\ตำบลศรีสุข\หน่วยเลือกตั้งที่ 6\5ทับ18(บช).pdf,9889,initial,7393,PASS,200,15.763,0.0
16.571,1,rawData\อำเภอเขื่องใน\ตำบลศรีสุข\หน่วยเลือกตั้งที่ 6\5ทับ18(บช).pdf,27131,retry,7399,PASS,200,16.571,0.0
5.038,1,rawData\อำเภอเขื่องใน\ตำบลศรีสุข\หน่วยเลือกตั้งที่ 6\5ทับ18.pdf,5733,initial,1723,PASS,200,5.038,0.0
4.808,1,rawData\อำเภอเขื่องใน\ตำบลศรีสุข\หน่วยเลือกตั้งที่ 6\5ทับ18.pdf,9489,retry,1723,PASS,200,4.808,0.0
14.812,1,rawData\อำเภอเขื่องใน\ตำบลศรีสุข\หน่วยเลือกตั้งที่ 7\5ทับ18(บช).pdf,8832,initial,7230,PASS,200,14.812,0.0
16.82,1,rawData\อำเภอเขื่องใน\ตำบลศรีสุข\หน่วยเลือกตั้งที่ 7\5ทับ18(บช).pdf,26924,retry,7230,PASS,200,16.82,0.0
5.207,1,rawData\อำเภอเขื่องใน\ตำบลศรีสุข\หน่วยเลือกตั้งที่ 7\5ทับ18.pdf,5696,initial,1726,PASS,200,5.207,0.0
4.038,1,rawData\อำเภอเขื่องใน\ตำบลศรีสุข\หน่วยเลือกตั้งที่ 7\5ทับ18.pdf,9362,retry,1726,PASS,200,4.038,0.0
5.293,1,rawData\อำเภอเขื่องใน\ตำบลศรีสุข\หน่วยเลือกตั้งที่ 8\5 ทับ18.pdf,6096,initial,1732,PASS,200,5.293,0.0
8.292,1,rawData\อำเภอเขื่องใน\ตำบลศรีสุข\หน่วยเลือกตั้งที่ 8\5ทับ18(บช).pdf,6341,initial,4213,PASS,200,8.292,0.0
8.864,1,rawData\อำเภอเขื่องใน\ตำบลศรีสุข\หน่วยเลือกตั้งที่ 8\5ทับ18(บช).pdf,15393,retry,4213,PASS,200,8.864,0.0
16.02,1,rawData\อำเภอเขื่องใน\ตำบลสร้างถ่อ\หน่วยเลือกตั้งที่ 1\5ทับ18(บช).pdf,9524,initial,7403,PASS,200,16.02,0.0
19.254,1,rawData\อำเภอเขื่องใน\ตำบลสร้างถ่อ\หน่วยเลือกตั้งที่ 1\5ทับ18(บช).pdf,28292,retry,7403,PASS,200,19.254,0.0
3.912,1,rawData\อำเภอเขื่องใน\ตำบลสร้างถ่อ\หน่วยเลือกตั้งที่ 1\5ทับ18.pdf,5685,initial,1727,PASS,200,3.912,0.0
4.648,1,rawData\อำเภอเขื่องใน\ตำบลสร้างถ่อ\หน่วยเลือกตั้งที่ 1\5ทับ18.pdf,11160,retry,1725,PASS,200,4.648,0.0
9.305,1,rawData\อำเภอเขื่องใน\ตำบลสร้างถ่อ\หน่วยเลือกตั้งที่ 10\5ทับ18(บช).pdf,11069,initial,4005,PASS,200,9.305,0.0
7.402,1,rawData\อำเภอเขื่องใน\ตำบลสร้างถ่อ\หน่วยเลือกตั้งที่ 10\5ทับ18(บช).pdf,19561,retry,2718,PASS,200,7.402,0.0
3.717,1,rawData\อำเภอเขื่องใน\ตำบลสร้างถ่อ\หน่วยเลือกตั้งที่ 10\5ทับ18.pdf,5323,initial,1636,PASS,200,3.717,0.0
16.969,1,rawData\อำเภอเขื่องใน\ตำบลสร้างถ่อ\หน่วยเลือกตั้งที่ 11\5ทับ18(บช).pdf,11069,initial,6866,PASS,200,16.969,0.0
15.508,1,rawData\อำเภอเขื่องใน\ตำบลสร้างถ่อ\หน่วยเลือกตั้งที่ 11\5ทับ18(บช).pdf,26122,retry,6866,PASS,200,15.508,0.0
4.117,1,rawData\อำเภอเขื่องใน\ตำบลสร้างถ่อ\หน่วยเลือกตั้งที่ 11\5ทับ18.pdf,5763,initial,1705,PASS,200,4.117,0.0
16.744,1,rawData\อำเภอเขื่องใน\ตำบลสร้างถ่อ\หน่วยเลือกตั้งที่ 12\5ทับ18(บช).pdf,7814,initial,7310,PASS,200,16.744,0.0
14.999,1,rawData\อำเภอเขื่องใน\ตำบลสร้างถ่อ\หน่วยเลือกตั้งที่ 12\5ทับ18(บช).pdf,22741,retry,7312,PASS,200,14.999,0.0
5.362,1,rawData\อำเภอเขื่องใน\ตำบลสร้างถ่อ\หน่วยเลือกตั้งที่ 12\5ทับ18.pdf,5799,initial,1756,PASS,200,5.362,0.0
4.726,1,rawData\อำเภอเขื่องใน\ตำบลสร้างถ่อ\หน่วยเลือกตั้งที่ 12\5ทับ18.pdf,10184,retry,1756,PASS,200,4.726,0.0
17.35,1,rawData\อำเภอเขื่องใน\ตำบลสร้างถ่อ\หน่วยเลือกตั้งที่ 13\5ทับ18(บช).pdf,8921,initial,7402,PASS,200,17.35,0.0
16.364,1,rawData\อำเภอเขื่องใน\ตำบลสร้างถ่อ\หน่วยเลือกตั้งที่ 13\5ทับ18(บช).pdf,24008,retry,7402,PASS,200,16.364,0.0
4.893,1,rawData\อำเภอเขื่องใน\ตำบลสร้างถ่อ\หน่วยเลือกตั้งที่ 13\5ทับ18.pdf,5739,initial,1727,PASS,200,4.893,0.0
9.479,1,rawData\อำเภอเขื่องใน\ตำบลสร้างถ่อ\หน่วยเลือกตั้งที่ 14\5ทับ18(บช).pdf,9125,initial,4503,PASS,200,9.479,0.0
10.602,1,rawData\อำเภอเขื่องใน\ตำบลสร้างถ่อ\หน่วยเลือกตั้งที่ 14\5ทับ18(บช).pdf,18421,retry,4503,PASS,200,10.602,0.0
3.878,1,rawData\อำเภอเขื่องใน\ตำบลสร้างถ่อ\หน่วยเลือกตั้งที่ 14\5ทับ18.pdf,4516,initial,1714,PASS,200,3.878,0.0
3.81,1,rawData\อำเภอเขื่องใน\ตำบลสร้างถ่อ\หน่วยเลือกตั้งที่ 14\5ทับ18.pdf,8318,retry,1714,PASS,200,3.81,0.0
15.054,1,rawData\อำเภอเขื่องใน\ตำบลสร้างถ่อ\หน่วยเลือกตั้งที่ 15\5ทับ18(บช).pdf,8970,initial,7240,PASS,200,15.054,0.0
11.318,1,rawData\อำเภอเขื่องใน\ตำบลสร้างถ่อ\หน่วยเลือกตั้งที่ 15\5ทับ18(บช).pdf,23888,retry,4324,PASS,200,11.318,0.0
3.866,1,rawData\อำเภอเขื่องใน\ตำบลสร้างถ่อ\หน่วยเลือกตั้งที่ 15\5ทับ18.pdf,5659,initial,1708,PASS,200,3.866,0.0
15.489,1,rawData\อำเภอเขื่องใน\ตำบลสร้างถ่อ\หน่วยเลือกตั้งที่ 16\5ทับ18(บช).pdf,9153,initial,7371,PASS,200,15.489,0.0
16.29,1,rawData\อำเภอเขื่องใน\ตำบลสร้างถ่อ\หน่วยเลือกตั้งที่ 16\5ทับ18(บช).pdf,24572,retry,7373,PASS,200,16.29,0.0
4.872,1,rawData\อำเภอเขื่องใน\ตำบลสร้างถ่อ\หน่วยเลือกตั้งที่ 16\5ทับ18.pdf,6500,initial,1714,PASS,200,4.872,0.0
4.431,1,rawData\อำเภอเขื่องใน\ตำบลสร้างถ่อ\หน่วยเลือกตั้งที่ 16\5ทับ18.pdf,10278,retry,1715,PASS,200,4.431,0.0
14.622,1,rawData\อำเภอเขื่องใน\ตำบลสร้างถ่อ\หน่วยเลือกตั้งที่ 17\5ทับ18(บช).pdf,7878,initial,7272,PASS,200,14.622,0.0
15.779,1,rawData\อำเภอเขื่องใน\ตำบลสร้างถ่อ\หน่วยเลือกตั้งที่ 17\5ทับ18(บช).pdf,23432,retry,7272,PASS,200,15.779,0.0
4.153,1,rawData\อำเภอเขื่องใน\ตำบลสร้างถ่อ\หน่วยเลือกตั้งที่ 17\5ทับ18.pdf,5749,initial,1728,PASS,200,4.153,0.0
22.075,1,rawData\อำเภอเขื่องใน\ตำบลสร้างถ่อ\หน่วยเลือกตั้งที่ 2\5ทับ18(บช).pdf,11069,initial,8006,PASS,200,22.075,0.0
17.155,1,rawData\อำเภอเขื่องใน\ตำบลสร้างถ่อ\หน่วยเลือกตั้งที่ 2\5ทับ18(บช).pdf,25628,retry,7387,PASS,200,17.155,0.0
5.777,1,rawData\อำเภอเขื่องใน\ตำบลสร้างถ่อ\หน่วยเลือกตั้งที่ 2\5ทับ18.pdf,5577,initial,1720,PASS,200,5.777,0.0
4.531,1,rawData\อำเภอเขื่องใน\ตำบลสร้างถ่อ\หน่วยเลือกตั้งที่ 2\5ทับ18.pdf,9312,retry,1720,PASS,200,4.531,0.0
14.962,1,rawData\อำเภอเขื่องใน\ตำบลสร้างถ่อ\หน่วยเลือกตั้งที่ 3\5ทับ18(บช).pdf,9527,initial,7671,PASS,200,14.962,0.0
4.462,1,rawData\อำเภอเขื่องใน\ตำบลสร้างถ่อ\หน่วยเลือกตั้งที่ 3\5ทับ18.pdf,5601,initial,1797,PASS,200,4.462,0.0
3.647,1,rawData\อำเภอเขื่องใน\ตำบลสร้างถ่อ\หน่วยเลือกตั้งที่ 4\5ทับ18(บช).pdf,4240,initial,1504,PASS,200,3.647,0.0
3.702,1,rawData\อำเภอเขื่องใน\ตำบลสร้างถ่อ\หน่วยเลือกตั้งที่ 4\5ทับ18(บช).pdf,7734,retry,1504,PASS,200,3.702,0.0
4.256,1,rawData\อำเภอเขื่องใน\ตำบลสร้างถ่อ\หน่วยเลือกตั้งที่ 4\5ทับ18.pdf,5780,initial,1725,PASS,200,4.256,0.0
15.112,1,rawData\อำเภอเขื่องใน\ตำบลสร้างถ่อ\หน่วยเลือกตั้งที่ 5\5ทับ18(บช).pdf,11069,initial,6652,PASS,200,15.112,0.0
6.699,1,rawData\อำเภอเขื่องใน\ตำบลสร้างถ่อ\หน่วยเลือกตั้งที่ 5\5ทับ18.pdf,5575,initial,1692,PASS,200,6.699,0.0
10.108,1,rawData\อำเภอเขื่องใน\ตำบลสร้างถ่อ\หน่วยเลือกตั้งที่ 6\5ทับ18(บช).pdf,6338,initial,4323,PASS,200,10.108,0.0
5.234,1,rawData\อำเภอเขื่องใน\ตำบลสร้างถ่อ\หน่วยเลือกตั้งที่ 6\5ทับ18(บช).pdf,15348,retry,2606,PASS,200,5.234,0.0
3.969,1,rawData\อำเภอเขื่องใน\ตำบลสร้างถ่อ\หน่วยเลือกตั้งที่ 6\5ทับ18.pdf,5831,initial,1734,PASS,200,3.969,0.0
4.168,1,rawData\อำเภอเขื่องใน\ตำบลสร้างถ่อ\หน่วยเลือกตั้งที่ 6\5ทับ18.pdf,9511,retry,1734,PASS,200,4.168,0.0
12.148,1,rawData\อำเภอเขื่องใน\ตำบลสร้างถ่อ\หน่วยเลือกตั้งที่ 7\5ทับ18(บช).pdf,11069,initial,6346,PASS,200,12.148,0.0
16.773,1,rawData\อำเภอเขื่องใน\ตำบลสร้างถ่อ\หน่วยเลือกตั้งที่ 7\5ทับ18(บช).pdf,24281,retry,6347,PASS,200,16.773,0.0
4.811,1,rawData\อำเภอเขื่องใน\ตำบลสร้างถ่อ\หน่วยเลือกตั้งที่ 7\5ทับ18.pdf,5063,initial,1719,PASS,200,4.811,0.0
5.214,1,rawData\อำเภอเขื่องใน\ตำบลสร้างถ่อ\หน่วยเลือกตั้งที่ 7\5ทับ18.pdf,8803,retry,1719,PASS,200,5.214,0.0
3.86,1,rawData\อำเภอเขื่องใน\ตำบลสร้างถ่อ\หน่วยเลือกตั้งที่ 8\5ทับ18(บช).pdf,11020,initial,1514,PASS,200,3.86,0.0
4.188,1,rawData\อำเภอเขื่องใน\ตำบลสร้างถ่อ\หน่วยเลือกตั้งที่ 8\5ทับ18(บช).pdf,15056,retry,1511,PASS,200,4.188,0.0
4.939,1,rawData\อำเภอเขื่องใน\ตำบลสร้างถ่อ\หน่วยเลือกตั้งที่ 8\5ทับ18..pdf,5063,initial,1719,PASS,200,4.939,0.0
3.918,1,rawData\อำเภอเขื่องใน\ตำบลสร้างถ่อ\หน่วยเลือกตั้งที่ 8\5ทับ18..pdf,8803,retry,1719,PASS,200,3.918,0.0
17.811,1,rawData\อำเภอเขื่องใน\ตำบลสร้างถ่อ\หน่วยเลือกตั้งที่ 9\5ทับ18(บช).pdf,9580,initial,7215,PASS,200,17.811,0.0
15.617,1,rawData\อำเภอเขื่องใน\ตำบลสร้างถ่อ\หน่วยเลือกตั้งที่ 9\5ทับ18(บช).pdf,25463,retry,7216,PASS,200,15.617,0.0
4.105,1,rawData\อำเภอเขื่องใน\ตำบลสร้างถ่อ\หน่วยเลือกตั้งที่ 9\5ทับ18.pdf,5856,initial,1701,PASS,200,4.105,0.0
14.328,1,rawData\อำเภอเขื่องใน\ตำบลสหธาตุ\หน่วยเลือกตั้งที่ 1\5ทับ18(บช).pdf,8838,initial,7309,PASS,200,14.328,0.0
15.652,1,rawData\อำเภอเขื่องใน\ตำบลสหธาตุ\หน่วยเลือกตั้งที่ 1\5ทับ18(บช).pdf,24397,retry,7311,PASS,200,15.652,0.0
4.919,1,rawData\อำเภอเขื่องใน\ตำบลสหธาตุ\หน่วยเลือกตั้งที่ 1\5ทับ18.pdf,5400,initial,1732,PASS,200,4.919,0.0
4.253,1,rawData\อำเภอเขื่องใน\ตำบลสหธาตุ\หน่วยเลือกตั้งที่ 1\5ทับ18.pdf,9122,retry,1731,PASS,200,4.253,0.0
16.756,1,rawData\อำเภอเขื่องใน\ตำบลสหธาตุ\หน่วยเลือกตั้งที่ 2\5ทับ18(บช).pdf,9164,initial,7287,PASS,200,16.756,0.0
17.042,1,rawData\อำเภอเขื่องใน\ตำบลสหธาตุ\หน่วยเลือกตั้งที่ 2\5ทับ18(บช).pdf,24585,retry,7289,PASS,200,17.042,0.0
3.719,1,rawData\อำเภอเขื่องใน\ตำบลสหธาตุ\หน่วยเลือกตั้งที่ 2\5ทับ18.pdf,5726,initial,1710,PASS,200,3.719,0.0
3.759,1,rawData\อำเภอเขื่องใน\ตำบลสหธาตุ\หน่วยเลือกตั้งที่ 2\5ทับ18.pdf,9384,retry,1710,PASS,200,3.759,0.0
8.957,1,rawData\อำเภอเขื่องใน\ตำบลสหธาตุ\หน่วยเลือกตั้งที่ 3\5ทับ18(บช).pdf,7476,initial,4392,PASS,200,8.957,0.0
9.219,1,rawData\อำเภอเขื่องใน\ตำบลสหธาตุ\หน่วยเลือกตั้งที่ 3\5ทับ18(บช).pdf,16483,retry,4394,PASS,200,9.219,0.0
3.785,1,rawData\อำเภอเขื่องใน\ตำบลสหธาตุ\หน่วยเลือกตั้งที่ 3\5ทับ18.pdf,4899,initial,1727,PASS,200,3.785,0.0
15.782,1,rawData\อำเภอเขื่องใน\ตำบลสหธาตุ\หน่วยเลือกตั้งที่ 4\5ทับ18(บช).pdf,10633,initial,7411,PASS,200,15.782,0.0
17.185,1,rawData\อำเภอเขื่องใน\ตำบลสหธาตุ\หน่วยเลือกตั้งที่ 4\5ทับ18(บช).pdf,25486,retry,7412,PASS,200,17.185,0.0
17.596,1,rawData\อำเภอเขื่องใน\ตำบลสหธาตุ\หน่วยเลือกตั้งที่ 4\5ทับ18.pdf,5749,initial,1725,PASS,200,17.596,0.0
14.357,1,rawData\อำเภอเขื่องใน\ตำบลสหธาตุ\หน่วยเลือกตั้งที่ 5\5ทับ18(บช).pdf,9091,initial,7372,PASS,200,14.357,0.0
16.348,1,rawData\อำเภอเขื่องใน\ตำบลสหธาตุ\หน่วยเลือกตั้งที่ 5\5ทับ18(บช).pdf,24514,retry,7373,PASS,200,16.348,0.0
5.652,1,rawData\อำเภอเขื่องใน\ตำบลสหธาตุ\หน่วยเลือกตั้งที่ 5\5ทับ18.pdf,5782,initial,292,PASS,200,5.652,0.0
10.313,1,rawData\อำเภอเขื่องใน\ตำบลสหธาตุ\หน่วยเลือกตั้งที่ 6\5ทับ18(บช).pdf,7006,initial,4321,PASS,200,10.313,0.0
9.152,1,rawData\อำเภอเขื่องใน\ตำบลสหธาตุ\หน่วยเลือกตั้งที่ 6\5ทับ18(บช).pdf,16053,retry,4321,PASS,200,9.152,0.0
3.553,1,rawData\อำเภอเขื่องใน\ตำบลสหธาตุ\หน่วยเลือกตั้งที่ 6\5ทับ18.pdf,5567,initial,1656,PASS,200,3.553,0.0
3.643,1,rawData\อำเภอเขื่องใน\ตำบลสหธาตุ\หน่วยเลือกตั้งที่ 6\5ทับ18.pdf,9386,retry,1657,PASS,200,3.643,0.0
14.865,1,rawData\อำเภอเขื่องใน\ตำบลสหธาตุ\หน่วยเลือกตั้งที่ 7\5ทับ18(บช).pdf,8697,initial,7281,PASS,200,14.865,0.0
23.281,1,rawData\อำเภอเขื่องใน\ตำบลสหธาตุ\หน่วยเลือกตั้งที่ 7\5ทับ18(บช).pdf,24150,retry,7282,PASS,200,23.281,0.0
7.113,1,rawData\อำเภอเขื่องใน\ตำบลสหธาตุ\หน่วยเลือกตั้งที่ 7\5ทับ18.pdf,5686,initial,1726,PASS,200,7.113,0.0
9.984,1,rawData\อำเภอเขื่องใน\ตำบลสหธาตุ\หน่วยเลือกตั้งที่ 7\5ทับ18.pdf,9529,retry,1726,PASS,200,9.984,0.0
19.515,1,rawData\อำเภอเขื่องใน\ตำบลหนองเหล่า\หน่วยเลือกตั้งที่ 1\5ทับ18(บช).pdf,8651,initial,7354,PASS,200,19.515,0.0
4.231,1,rawData\อำเภอเขื่องใน\ตำบลหนองเหล่า\หน่วยเลือกตั้งที่ 1\5ทับ18.pdf,5911,initial,1724,PASS,200,4.231,0.0
5.218,1,rawData\อำเภอเขื่องใน\ตำบลหนองเหล่า\หน่วยเลือกตั้งที่ 1\5ทับ18.pdf,10688,retry,1726,PASS,200,5.218,0.0
13.831,1,rawData\อำเภอเขื่องใน\ตำบลหนองเหล่า\หน่วยเลือกตั้งที่ 10\5ทับ18(บช).pdf,8854,initial,7234,PASS,200,13.831,0.0
4.072,1,rawData\อำเภอเขื่องใน\ตำบลหนองเหล่า\หน่วยเลือกตั้งที่ 10\5ทับ18.pdf,5762,initial,1728,PASS,200,4.072,0.0
5.616,1,rawData\อำเภอเขื่องใน\ตำบลหนองเหล่า\หน่วยเลือกตั้งที่ 10\5ทับ18.pdf,9528,retry,1728,PASS,200,5.616,0.0
10.367,1,rawData\อำเภอเขื่องใน\ตำบลหนองเหล่า\หน่วยเลือกตั้งที่ 11\5ทับ18(บช).pdf,6552,initial,4406,PASS,200,10.367,0.0
9.378,1,rawData\อำเภอเขื่องใน\ตำบลหนองเหล่า\หน่วยเลือกตั้งที่ 11\5ทับ18(บช).pdf,16234,retry,4410,PASS,200,9.378,0.0
6.889,1,rawData\อำเภอเขื่องใน\ตำบลหนองเหล่า\หน่วยเลือกตั้งที่ 11\5ทับ18.pdf,6049,initial,1784,PASS,200,6.889,0.0
4.158,1,rawData\อำเภอเขื่องใน\ตำบลหนองเหล่า\หน่วยเลือกตั้งที่ 11\5ทับ18.pdf,9877,retry,1784,PASS,200,4.158,0.0
14.202,1,rawData\อำเภอเขื่องใน\ตำบลหนองเหล่า\หน่วยเลือกตั้งที่ 2\5ทับ18(บช).pdf,8855,initial,7326,PASS,200,14.202,0.0
4.452,1,rawData\อำเภอเขื่องใน\ตำบลหนองเหล่า\หน่วยเลือกตั้งที่ 2\5ทับ18.pdf,5615,initial,1729,PASS,200,4.452,0.0
16.665,1,rawData\อำเภอเขื่องใน\ตำบลหนองเหล่า\หน่วยเลือกตั้งที่ 3\5ทับ18(บช).pdf,9977,initial,7842,PASS,200,16.665,0.0
14.75,1,rawData\อำเภอเขื่องใน\ตำบลหนองเหล่า\หน่วยเลือกตั้งที่ 3\5ทับ18(บช).pdf,25620,retry,5516,PASS,200,14.75,0.0
5.57,1,rawData\อำเภอเขื่องใน\ตำบลหนองเหล่า\หน่วยเลือกตั้งที่ 3\5ทับ18.pdf,6854,initial,1740,PASS,200,5.57,0.0
3.884,1,rawData\อำเภอเขื่องใน\ตำบลหนองเหล่า\หน่วยเลือกตั้งที่ 3\5ทับ18.pdf,10695,retry,1740,PASS,200,3.884,0.0
17.902,1,rawData\อำเภอเขื่องใน\ตำบลหนองเหล่า\หน่วยเลือกตั้งที่ 4\5ทับ18(บช).pdf,9156,initial,7360,PASS,200,17.902,0.0
4.158,1,rawData\อำเภอเขื่องใน\ตำบลหนองเหล่า\หน่วยเลือกตั้งที่ 4\5ทับ18.pdf,5744,initial,1704,PASS,200,4.158,0.0
19.254,1,rawData\อำเภอเขื่องใน\ตำบลหนองเหล่า\หน่วยเลือกตั้งที่ 5\5ทับ18(บช).pdf,8631,initial,7964,PASS,200,19.254,0.0
17.491,1,rawData\อำเภอเขื่องใน\ตำบลหนองเหล่า\หน่วยเลือกตั้งที่ 5\5ทับ18(บช).pdf,24313,retry,7966,PASS,200,17.491,0.0
3.914,1,rawData\อำเภอเขื่องใน\ตำบลหนองเหล่า\หน่วยเลือกตั้งที่ 5\5ทับ18.pdf,6056,initial,1776,PASS,200,3.914,0.0
5.213,1,rawData\อำเภอเขื่องใน\ตำบลหนองเหล่า\หน่วยเลือกตั้งที่ 5\5ทับ18.pdf,9864,retry,1776,PASS,200,5.213,0.0
15.139,1,rawData\อำเภอเขื่องใน\ตำบลหนองเหล่า\หน่วยเลือกตั้งที่ 6\5ทับ18(บช).pdf,8844,initial,7260,PASS,200,15.139,0.0
18.313,1,rawData\อำเภอเขื่องใน\ตำบลหนองเหล่า\หน่วยเลือกตั้งที่ 6\5ทับ18(บช).pdf,30276,retry,7261,PASS,200,18.313,0.0
23.844,1,rawData\อำเภอเขื่องใน\ตำบลหนองเหล่า\หน่วยเลือกตั้งที่ 6\5ทับ18.pdf,6341,initial,2808,PASS,200,23.844,0.0
19.144,1,rawData\อำเภอเขื่องใน\ตำบลหนองเหล่า\หน่วยเลือกตั้งที่ 7\5ทับ18(บช).pdf,8917,initial,7468,PASS,200,19.144,0.0
39.401,1,rawData\อำเภอเขื่องใน\ตำบลหนองเหล่า\หน่วยเลือกตั้งที่ 7\5ทับ18(บช).pdf,49796,retry,7492,PASS,200,39.401,0.0
4.329,1,rawData\อำเภอเขื่องใน\ตำบลหนองเหล่า\หน่วยเลือกตั้งที่ 7\5ทับ18.pdf,5572,initial,1751,PASS,200,4.329,0.0
9.92,1,rawData\อำเภอเขื่องใน\ตำบลหนองเหล่า\หน่วยเลือกตั้งที่ 7\5ทับ18.pdf,10501,retry,1750,PASS,200,9.92,0.0
10.68,1,rawData\อำเภอเขื่องใน\ตำบลหนองเหล่า\หน่วยเลือกตั้งที่ 8\5ทับ18(บช).pdf,7041,initial,4417,PASS,200,10.68,0.0
11.106,1,rawData\อำเภอเขื่องใน\ตำบลหนองเหล่า\หน่วยเลือกตั้งที่ 8\5ทับ18(บช).pdf,21888,retry,4429,PASS,200,11.106,0.0
4.305,1,rawData\อำเภอเขื่องใน\ตำบลหนองเหล่า\หน่วยเลือกตั้งที่ 8\5ทับ18.pdf,5537,initial,1738,PASS,200,4.305,0.0
4.402,1,rawData\อำเภอเขื่องใน\ตำบลหนองเหล่า\หน่วยเลือกตั้งที่ 8\5ทับ18.pdf,11027,retry,1729,PASS,200,4.402,0.0
9.071,1,rawData\อำเภอเขื่องใน\ตำบลหนองเหล่า\หน่วยเลือกตั้งที่ 9\5ทับ18(บช).pdf,7281,initial,4397,PASS,200,9.071,0.0
9.665,1,rawData\อำเภอเขื่องใน\ตำบลหนองเหล่า\หน่วยเลือกตั้งที่ 9\5ทับ18(บช).pdf,16416,retry,4396,PASS,200,9.665,0.0
4.172,1,rawData\อำเภอเขื่องใน\ตำบลหนองเหล่า\หน่วยเลือกตั้งที่ 9\5ทับ8.pdf,6499,initial,1736,PASS,200,4.172,0.0
4.046,1,rawData\อำเภอเขื่องใน\ตำบลหนองเหล่า\หน่วยเลือกตั้งที่ 9\5ทับ8.pdf,10336,retry,1736,PASS,200,4.046,0.0
12.028,1,rawData\อำเภอเขื่องใน\ตำบลหัวดอน\หน่วยเลือกตั้งที่ 1\5 ทับ 18 (บช).pdf,6480,initial,6148,PASS,200,12.028,0.0
3.882,1,rawData\อำเภอเขื่องใน\ตำบลหัวดอน\หน่วยเลือกตั้งที่ 1\5 ทับ 18.pdf,5505,initial,1722,PASS,200,3.882,0.0
14.816,1,rawData\อำเภอเขื่องใน\ตำบลหัวดอน\หน่วยเลือกตั้งที่ 10\5ทับ18(บช).pdf,8994,initial,7382,PASS,200,14.816,0.0
15.945,1,rawData\อำเภอเขื่องใน\ตำบลหัวดอน\หน่วยเลือกตั้งที่ 10\5ทับ18(บช).pdf,27692,retry,7386,PASS,200,15.945,0.0
3.677,1,rawData\อำเภอเขื่องใน\ตำบลหัวดอน\หน่วยเลือกตั้งที่ 10\5ทับ18.pdf,5808,initial,1664,PASS,200,3.677,0.0
17.702,1,rawData\อำเภอเขื่องใน\ตำบลหัวดอน\หน่วยเลือกตั้งที่ 11\5ทับ18(บช).pdf,8517,initial,7688,PASS,200,17.702,0.0
4.312,1,rawData\อำเภอเขื่องใน\ตำบลหัวดอน\หน่วยเลือกตั้งที่ 11\5ทับ18.pdf,5781,initial,1780,PASS,200,4.312,0.0
4.426,1,rawData\อำเภอเขื่องใน\ตำบลหัวดอน\หน่วยเลือกตั้งที่ 11\5ทับ18.pdf,9595,retry,1780,PASS,200,4.426,0.0
15.55,1,rawData\อำเภอเขื่องใน\ตำบลหัวดอน\หน่วยเลือกตั้งที่ 2\5 ทับ 18 (บช).pdf,8963,initial,7382,PASS,200,15.55,0.0
4.109,1,rawData\อำเภอเขื่องใน\ตำบลหัวดอน\หน่วยเลือกตั้งที่ 2\5 ทับ 18.pdf,5786,initial,1716,PASS,200,4.109,0.0
13.182,1,rawData\อำเภอเขื่องใน\ตำบลหัวดอน\หน่วยเลือกตั้งที่ 2\5 ทับ 18.pdf,10049,retry,1716,PASS,200,13.182,0.0
15.592,1,rawData\อำเภอเขื่องใน\ตำบลหัวดอน\หน่วยเลือกตั้งที่ 3\5 ทับ 18 (บช).pdf,9329,initial,7246,PASS,200,15.592,0.0
14.08,1,rawData\อำเภอเขื่องใน\ตำบลหัวดอน\หน่วยเลือกตั้งที่ 3\5 ทับ 18 (บช).pdf,24639,retry,6520,PASS,200,14.08,0.0
5.197,1,rawData\อำเภอเขื่องใน\ตำบลหัวดอน\หน่วยเลือกตั้งที่ 3\5 ทับ 18.pdf,5472,initial,1727,PASS,200,5.197,0.0
16.3,1,rawData\อำเภอเขื่องใน\ตำบลหัวดอน\หน่วยเลือกตั้งที่ 4\5 ทับ 18 (บช).pdf,9302,initial,7470,PASS,200,16.3,0.0
20.902,1,rawData\อำเภอเขื่องใน\ตำบลหัวดอน\หน่วยเลือกตั้งที่ 4\5 ทับ 18 (บช).pdf,26605,retry,7471,PASS,200,20.902,0.0
3.87,1,rawData\อำเภอเขื่องใน\ตำบลหัวดอน\หน่วยเลือกตั้งที่ 4\5 ทับ 18.pdf,5762,initial,1730,PASS,200,3.87,0.0
4.117,1,rawData\อำเภอเขื่องใน\ตำบลหัวดอน\หน่วยเลือกตั้งที่ 4\5 ทับ 18.pdf,9526,retry,1730,PASS,200,4.117,0.0
10.585,1,rawData\อำเภอเขื่องใน\ตำบลหัวดอน\หน่วยเลือกตั้งที่ 5\5 ทับ 18 (บช).pdf,7193,initial,4395,PASS,200,10.585,0.0
6.789,1,rawData\อำเภอเขื่องใน\ตำบลหัวดอน\หน่วยเลือกตั้งที่ 5\5 ทับ 18 (บช).pdf,17494,retry,2678,PASS,200,6.789,0.0
3.932,1,rawData\อำเภอเขื่องใน\ตำบลหัวดอน\หน่วยเลือกตั้งที่ 5\5 ทับ 18.pdf,6233,initial,1735,PASS,200,3.932,0.0
3.861,1,rawData\อำเภอเขื่องใน\ตำบลหัวดอน\หน่วยเลือกตั้งที่ 5\5 ทับ 18.pdf,10588,retry,1735,PASS,200,3.861,0.0
15.563,1,rawData\อำเภอเขื่องใน\ตำบลหัวดอน\หน่วยเลือกตั้งที่ 6\5 ทับ18 (บช).pdf,9797,initial,7316,PASS,200,15.563,0.0
4.006,1,rawData\อำเภอเขื่องใน\ตำบลหัวดอน\หน่วยเลือกตั้งที่ 6\5 ทับ18.pdf,5772,initial,1713,PASS,200,4.006,0.0
4.596,1,rawData\อำเภอเขื่องใน\ตำบลหัวดอน\หน่วยเลือกตั้งที่ 6\5 ทับ18.pdf,9475,retry,1713,PASS,200,4.596,0.0
16.025,1,rawData\อำเภอเขื่องใน\ตำบลหัวดอน\หน่วยเลือกตั้งที่ 7\5ทับ18(บช).pdf,8743,initial,7294,PASS,200,16.025,0.0
15.176,1,rawData\อำเภอเขื่องใน\ตำบลหัวดอน\หน่วยเลือกตั้งที่ 7\5ทับ18(บช).pdf,24809,retry,7294,PASS,200,15.176,0.0
6.084,1,rawData\อำเภอเขื่องใน\ตำบลหัวดอน\หน่วยเลือกตั้งที่ 7\5ทับ18.pdf,5501,initial,1729,PASS,200,6.084,0.0
20.118,1,rawData\อำเภอเขื่องใน\ตำบลหัวดอน\หน่วยเลือกตั้งที่ 8\5ทับ18(บช).pdf,8066,initial,7392,PASS,200,20.118,0.0
20.876,1,rawData\อำเภอเขื่องใน\ตำบลหัวดอน\หน่วยเลือกตั้งที่ 8\5ทับ18(บช).pdf,25146,retry,7395,PASS,200,20.876,0.0
3.788,1,rawData\อำเภอเขื่องใน\ตำบลหัวดอน\หน่วยเลือกตั้งที่ 8\5ทับ18.pdf,4640,initial,1719,PASS,200,3.788,0.0
4.478,1,rawData\อำเภอเขื่องใน\ตำบลหัวดอน\หน่วยเลือกตั้งที่ 8\5ทับ18.pdf,8287,retry,1719,PASS,200,4.478,0.0
18.024,1,rawData\อำเภอเขื่องใน\ตำบลหัวดอน\หน่วยเลือกตั้งที่ 9\5ทับ18 (บช).pdf,9220,initial,7387,PASS,200,18.024,0.0
15.346,1,rawData\อำเภอเขื่องใน\ตำบลหัวดอน\หน่วยเลือกตั้งที่ 9\5ทับ18 (บช).pdf,24591,retry,7388,PASS,200,15.346,0.0
5.044,1,rawData\อำเภอเขื่องใน\ตำบลหัวดอน\หน่วยเลือกตั้งที่ 9\5ทับ18.pdf,5509,initial,1727,PASS,200,5.045,0.0
3.889,1,rawData\อำเภอเขื่องใน\ตำบลหัวดอน\หน่วยเลือกตั้งที่ 9\5ทับ18.pdf,9272,retry,1727,PASS,200,3.889,0.0
14.572,1,rawData\อำเภอเขื่องใน\ตำบลเขื่องใน\เขตตำบลเขื่องใน\หน่วยเลือกตั้งที่ 10\5ทับ18(บช).pdf,9441,initial,7270,PASS,200,14.572,0.0
15.528,1,rawData\อำเภอเขื่องใน\ตำบลเขื่องใน\เขตตำบลเขื่องใน\หน่วยเลือกตั้งที่ 10\5ทับ18(บช).pdf,24849,retry,7272,PASS,200,15.528,0.0
4.784,1,rawData\อำเภอเขื่องใน\ตำบลเขื่องใน\เขตตำบลเขื่องใน\หน่วยเลือกตั้งที่ 10\5ทับ18.pdf,6536,initial,1730,PASS,200,4.784,0.0
3.889,1,rawData\อำเภอเขื่องใน\ตำบลเขื่องใน\เขตตำบลเขื่องใน\หน่วยเลือกตั้งที่ 10\5ทับ18.pdf,10272,retry,1730,PASS,200,3.889,0.0
15.994,1,rawData\อำเภอเขื่องใน\ตำบลเขื่องใน\เขตตำบลเขื่องใน\หน่วยเลือกตั้งที่ 11\5ทับ18(บช).pdf,11069,initial,7193,PASS,200,15.994,0.0
14.558,1,rawData\อำเภอเขื่องใน\ตำบลเขื่องใน\เขตตำบลเขื่องใน\หน่วยเลือกตั้งที่ 11\5ทับ18(บช).pdf,25819,retry,7194,PASS,200,14.558,0.0
4.079,1,rawData\อำเภอเขื่องใน\ตำบลเขื่องใน\เขตตำบลเขื่องใน\หน่วยเลือกตั้งที่ 11\5ทับ18.pdf,5800,initial,1719,PASS,200,4.079,0.0
4.28,1,rawData\อำเภอเขื่องใน\ตำบลเขื่องใน\เขตตำบลเขื่องใน\หน่วยเลือกตั้งที่ 11\5ทับ18.pdf,9703,retry,1719,PASS,200,4.28,0.0
15.22,1,rawData\อำเภอเขื่องใน\ตำบลเขื่องใน\เขตตำบลเขื่องใน\หน่วยเลือกตั้งที่ 12\5ทับ18(บช).pdf,8569,initial,7378,PASS,200,15.22,0.0
17.73,1,rawData\อำเภอเขื่องใน\ตำบลเขื่องใน\เขตตำบลเขื่องใน\หน่วยเลือกตั้งที่ 12\5ทับ18(บช).pdf,24015,retry,7380,PASS,200,17.73,0.0
5.092,1,rawData\อำเภอเขื่องใน\ตำบลเขื่องใน\เขตตำบลเขื่องใน\หน่วยเลือกตั้งที่ 12\5ทับ18.pdf,4754,initial,1721,PASS,200,5.092,0.0
16.907,1,rawData\อำเภอเขื่องใน\ตำบลเขื่องใน\เขตตำบลเขื่องใน\หน่วยเลือกตั้งที่ 13\5ทับ18(บช).pdf,7915,initial,7302,PASS,200,16.907,0.0
14.104,1,rawData\อำเภอเขื่องใน\ตำบลเขื่องใน\เขตตำบลเขื่องใน\หน่วยเลือกตั้งที่ 13\5ทับ18(บช).pdf,22817,retry,7303,PASS,200,14.104,0.0
3.914,1,rawData\อำเภอเขื่องใน\ตำบลเขื่องใน\เขตตำบลเขื่องใน\หน่วยเลือกตั้งที่ 13\5ทับ18.pdf,5777,initial,1734,PASS,200,3.914,0.0
4.029,1,rawData\อำเภอเขื่องใน\ตำบลเขื่องใน\เขตตำบลเขื่องใน\หน่วยเลือกตั้งที่ 13\5ทับ18.pdf,9457,retry,1734,PASS,200,4.029,0.0
13.609,1,rawData\อำเภอเขื่องใน\ตำบลเขื่องใน\เขตตำบลเขื่องใน\หน่วยเลือกตั้งที่ 7\5ทับ18(บช).pdf,7923,initial,4361,PASS,200,13.609,0.0
9.117,1,rawData\อำเภอเขื่องใน\ตำบลเขื่องใน\เขตตำบลเขื่องใน\หน่วยเลือกตั้งที่ 7\5ทับ18(บช).pdf,18054,retry,4361,PASS,200,9.117,0.0
4.899,1,rawData\อำเภอเขื่องใน\ตำบลเขื่องใน\เขตตำบลเขื่องใน\หน่วยเลือกตั้งที่ 7\5ทับ18.pdf,5734,initial,1728,PASS,200,4.899,0.0
18.488,1,rawData\อำเภอเขื่องใน\ตำบลเขื่องใน\เขตตำบลเขื่องใน\หน่วยเลือกตั้งที่ 8\5ทับ18(บช).pdf,9073,initial,7389,PASS,200,18.488,0.0
4.949,1,rawData\อำเภอเขื่องใน\ตำบลเขื่องใน\เขตตำบลเขื่องใน\หน่วยเลือกตั้งที่ 8\5ทับ18.pdf,5547,initial,1732,PASS,200,4.949,0.0
3.883,1,rawData\อำเภอเขื่องใน\ตำบลเขื่องใน\เขตตำบลเขื่องใน\หน่วยเลือกตั้งที่ 8\5ทับ18.pdf,9281,retry,1732,PASS,200,3.883,0.0
9.813,1,rawData\อำเภอเขื่องใน\ตำบลเขื่องใน\เขตตำบลเขื่องใน\หน่วยเลือกตั้งที่ 9\5ทับ18(บช).pdf,11069,initial,4377,PASS,200,9.813,0.0
5.785,1,rawData\อำเภอเขื่องใน\ตำบลเขื่องใน\เขตตำบลเขื่องใน\หน่วยเลือกตั้งที่ 9\5ทับ18(บช).pdf,20343,retry,2611,PASS,200,5.785,0.0
4.33,1,rawData\อำเภอเขื่องใน\ตำบลเขื่องใน\เขตตำบลเขื่องใน\หน่วยเลือกตั้งที่ 9\5ทับ18.pdf,5416,initial,1690,PASS,200,4.33,0.0
4.372,1,rawData\อำเภอเขื่องใน\ตำบลเขื่องใน\เขตตำบลเขื่องใน\หน่วยเลือกตั้งที่ 9\5ทับ18.pdf,9051,retry,1690,PASS,200,4.372,0.0
16.544,1,rawData\อำเภอเขื่องใน\ตำบลเขื่องใน\เขตเทศบาล และนอกเขต\หน่วยเลือกตั้งที่ 1 (เทศบาล)\5ทับ18(บช).pdf,9139,initial,7382,PASS,200,16.544,0.0
15.684,1,rawData\อำเภอเขื่องใน\ตำบลเขื่องใน\เขตเทศบาล และนอกเขต\หน่วยเลือกตั้งที่ 1 (เทศบาล)\5ทับ18(บช).pdf,25069,retry,7383,PASS,200,15.684,0.0
4.481,1,rawData\อำเภอเขื่องใน\ตำบลเขื่องใน\เขตเทศบาล และนอกเขต\หน่วยเลือกตั้งที่ 1 (เทศบาล)\5ทับ18.pdf,5733,initial,1733,PASS,200,4.481,0.0
4.634,1,rawData\อำเภอเขื่องใน\ตำบลเขื่องใน\เขตเทศบาล และนอกเขต\หน่วยเลือกตั้งที่ 1 (เทศบาล)\5ทับ18.pdf,9521,retry,1733,PASS,200,4.634,0.0
18.109,1,rawData\อำเภอเขื่องใน\ตำบลเขื่องใน\เขตเทศบาล และนอกเขต\หน่วยเลือกตั้งที่ 2 (เทศบาล)\5ทับ18(บช).pdf,8990,initial,7323,PASS,200,18.109,0.0
4.039,1,rawData\อำเภอเขื่องใน\ตำบลเขื่องใน\เขตเทศบาล และนอกเขต\หน่วยเลือกตั้งที่ 2 (เทศบาล)\5ทับ18.pdf,5593,initial,1695,PASS,200,4.039,0.0
16.083,1,rawData\อำเภอเขื่องใน\ตำบลเขื่องใน\เขตเทศบาล และนอกเขต\หน่วยเลือกตั้งที่ 3 (เทศบาล)\5ทับ18(บช).pdf,8964,initial,7478,PASS,200,16.083,0.0
15.015,1,rawData\อำเภอเขื่องใน\ตำบลเขื่องใน\เขตเทศบาล และนอกเขต\หน่วยเลือกตั้งที่ 3 (เทศบาล)\5ทับ18(บช).pdf,24586,retry,7189,PASS,200,15.015,0.0
10.263,1,rawData\อำเภอเขื่องใน\ตำบลเขื่องใน\เขตเทศบาล และนอกเขต\หน่วยเลือกตั้งที่ 3 (เทศบาล)\5ทับ18.pdf,5660,initial,1721,PASS,200,10.263,0.0
13.63,1,rawData\อำเภอเขื่องใน\ตำบลเขื่องใน\เขตเทศบาล และนอกเขต\หน่วยเลือกตั้งที่ 4 (เทศบาล)\5ทับ18(บช).pdf,8876,initial,7225,PASS,200,13.63,0.0
8.919,1,rawData\อำเภอเขื่องใน\ตำบลเขื่องใน\เขตเทศบาล และนอกเขต\หน่วยเลือกตั้งที่ 4 (เทศบาล)\5ทับ18.pdf,5689,initial,1719,PASS,200,8.919,0.0
4.235,1,rawData\อำเภอเขื่องใน\ตำบลเขื่องใน\เขตเทศบาล และนอกเขต\หน่วยเลือกตั้งที่ 4 (เทศบาล)\5ทับ18.pdf,9912,retry,1720,PASS,200,4.235,0.0
11.33,1,rawData\อำเภอเขื่องใน\ตำบลเขื่องใน\เขตเทศบาล และนอกเขต\หน่วยเลือกตั้งที่ 5 (เทศบาล)\5ทับ18(บช).pdf,6937,initial,4391,PASS,200,11.33,0.0
5.442,1,rawData\อำเภอเขื่องใน\ตำบลเขื่องใน\เขตเทศบาล และนอกเขต\หน่วยเลือกตั้งที่ 5 (เทศบาล)\5ทับ18(บช).pdf,17044,retry,2673,PASS,200,5.442,0.0
10.612,1,rawData\อำเภอเขื่องใน\ตำบลเขื่องใน\เขตเทศบาล และนอกเขต\หน่วยเลือกตั้งที่ 5 (เทศบาล)\5ทับ18.pdf,5795,initial,1719,PASS,200,10.612,0.0
15.524,1,rawData\อำเภอเขื่องใน\ตำบลเขื่องใน\เขตเทศบาล และนอกเขต\หน่วยเลือกตั้งที่ 6 (เทศบาล)\5ทับ18(บช).pdf,9117,initial,7391,PASS,200,15.524,0.0
27.426,1,rawData\อำเภอเขื่องใน\ตำบลเขื่องใน\เขตเทศบาล และนอกเขต\หน่วยเลือกตั้งที่ 6 (เทศบาล)\5ทับ18(บช).pdf,24488,retry,7391,PASS,200,27.426,0.0
4.492,1,rawData\อำเภอเขื่องใน\ตำบลเขื่องใน\เขตเทศบาล และนอกเขต\หน่วยเลือกตั้งที่ 6 (เทศบาล)\5ทับ18.pdf,5607,initial,1695,PASS,200,4.492,0.0
18.237,1,rawData\อำเภอเขื่องใน\ตำบลเขื่องใน\เขตเทศบาล และนอกเขต\หน่วยเลือกตั้งที่ 7 (เทศบาล)\5ทับ18(บช).pdf,8986,initial,7390,PASS,200,18.237,0.0
4.388,1,rawData\อำเภอเขื่องใน\ตำบลเขื่องใน\เขตเทศบาล และนอกเขต\หน่วยเลือกตั้งที่ 7 (เทศบาล)\5ทับ8.pdf,5930,initial,1717,PASS,200,4.388,0.0
14.524,1,rawData\อำเภอเขื่องใน\ตำบลเขื่องใน\เขตเทศบาล และนอกเขต\หน่วยเลือกตั้งที่ 8 (เทศบาล)\5ทับ18(บช).pdf,7761,initial,7260,PASS,200,14.524,0.0
17.795,1,rawData\อำเภอเขื่องใน\ตำบลเขื่องใน\เขตเทศบาล และนอกเขต\หน่วยเลือกตั้งที่ 8 (เทศบาล)\5ทับ18(บช).pdf,22696,retry,7262,PASS,200,17.795,0.0
4.701,1,rawData\อำเภอเขื่องใน\ตำบลเขื่องใน\เขตเทศบาล และนอกเขต\หน่วยเลือกตั้งที่ 8 (เทศบาล)\5ทับ18.pdf,4536,initial,1744,PASS,200,4.701,0.0
4.251,1,rawData\อำเภอเขื่องใน\ตำบลเขื่องใน\เขตเทศบาล และนอกเขต\หน่วยเลือกตั้งที่ 8 (เทศบาล)\5ทับ18.pdf,9414,retry,1746,PASS,200,4.251,0.0
17.021,1,rawData\อำเภอเขื่องใน\ตำบลแดงหม้อ\หน่วยเลือกตั้งที่ 1\5ทับ18(บช).pdf,8817,initial,7385,PASS,200,17.021,0.0
18.045,1,rawData\อำเภอเขื่องใน\ตำบลแดงหม้อ\หน่วยเลือกตั้งที่ 1\5ทับ18(บช).pdf,23749,retry,7385,PASS,200,18.045,0.0
3.783,1,rawData\อำเภอเขื่องใน\ตำบลแดงหม้อ\หน่วยเลือกตั้งที่ 1\5ทับ18.pdf,6011,initial,1736,PASS,200,3.783,0.0
13.959,1,rawData\อำเภอเขื่องใน\ตำบลแดงหม้อ\หน่วยเลือกตั้งที่ 2\5ทับ18(บช).pdf,8929,initial,7246,PASS,200,13.959,0.0
14.894,1,rawData\อำเภอเขื่องใน\ตำบลแดงหม้อ\หน่วยเลือกตั้งที่ 2\5ทับ18(บช).pdf,24946,retry,7247,PASS,200,14.894,0.0
3.764,1,rawData\อำเภอเขื่องใน\ตำบลแดงหม้อ\หน่วยเลือกตั้งที่ 2\5ทับ18.pdf,5601,initial,1715,PASS,200,3.764,0.0
4.115,1,rawData\อำเภอเขื่องใน\ตำบลแดงหม้อ\หน่วยเลือกตั้งที่ 2\5ทับ18.pdf,9352,retry,1715,PASS,200,4.115,0.0
4.199,1,rawData\อำเภอเขื่องใน\ตำบลแดงหม้อ\หน่วยเลือกตั้งที่ 3\5ทับ18(บช).pdf,5475,initial,1505,PASS,200,4.199,0.0
3.764,1,rawData\อำเภอเขื่องใน\ตำบลแดงหม้อ\หน่วยเลือกตั้งที่ 3\5ทับ18(บช).pdf,8898,retry,1505,PASS,200,3.764,0.0
5.186,1,rawData\อำเภอเขื่องใน\ตำบลแดงหม้อ\หน่วยเลือกตั้งที่ 3\5ทับ18.pdf,5790,initial,1695,PASS,200,5.186,0.0
17.801,1,rawData\อำเภอเขื่องใน\ตำบลแดงหม้อ\หน่วยเลือกตั้งที่ 4\5ทับ18(บช).pdf,8934,initial,7155,PASS,200,17.801,0.0
4.037,1,rawData\อำเภอเขื่องใน\ตำบลแดงหม้อ\หน่วยเลือกตั้งที่ 4\5ทับ18.pdf,5603,initial,1709,PASS,200,4.037,0.0
16.093,1,rawData\อำเภอเขื่องใน\ตำบลแดงหม้อ\หน่วยเลือกตั้งที่ 5\5ทับ18(บช).pdf,7808,initial,4283,PASS,200,16.093,0.0
14.634,1,rawData\อำเภอเขื่องใน\ตำบลแดงหม้อ\หน่วยเลือกตั้งที่ 5\5ทับ18(บช).pdf,17072,retry,4283,PASS,200,14.634,0.0
3.822,1,rawData\อำเภอเขื่องใน\ตำบลแดงหม้อ\หน่วยเลือกตั้งที่ 5\5ทับ18.pdf,5979,initial,1518,PASS,200,3.822,0.0
8.775,1,rawData\อำเภอเขื่องใน\ตำบลแดงหม้อ\หน่วยเลือกตั้งที่ 6\5ทับ18(บช).pdf,7135,initial,4345,PASS,200,8.775,0.0
8.838,1,rawData\อำเภอเขื่องใน\ตำบลแดงหม้อ\หน่วยเลือกตั้งที่ 6\5ทับ18(บช).pdf,16344,retry,4345,PASS,200,8.838,0.0
4.117,1,rawData\อำเภอเขื่องใน\ตำบลแดงหม้อ\หน่วยเลือกตั้งที่ 6\5ทับ18.pdf,5792,initial,1722,PASS,200,4.117,0.0
14.502,1,rawData\อำเภอเขื่องใน\ตำบลแดงหม้อ\หน่วยเลือกตั้งที่ 6\5ทับ18.pdf,9989,retry,1721,PASS,200,14.502,0.0
9.221,1,rawData\อำเภอเขื่องใน\ตำบลโนนรัง\หน่วยเลือกตั้งที่ 1\5ทับ18(บช).pdf,7218,initial,4395,PASS,200,9.221,0.0
15.024,1,rawData\อำเภอเขื่องใน\ตำบลโนนรัง\หน่วยเลือกตั้งที่ 1\5ทับ18(บช).pdf,17330,retry,4395,PASS,200,15.024,0.0
4.036,1,rawData\อำเภอเขื่องใน\ตำบลโนนรัง\หน่วยเลือกตั้งที่ 1\5ทับ18.pdf,5797,initial,1726,PASS,200,4.036,0.0
20.254,1,rawData\อำเภอเขื่องใน\ตำบลโนนรัง\หน่วยเลือกตั้งที่ 2\5ทับ18(บช).pdf,8524,initial,7382,PASS,200,20.254,0.0
17.699,1,rawData\อำเภอเขื่องใน\ตำบลโนนรัง\หน่วยเลือกตั้งที่ 2\5ทับ18(บช).pdf,24491,retry,7383,PASS,200,17.699,0.0
3.84,1,rawData\อำเภอเขื่องใน\ตำบลโนนรัง\หน่วยเลือกตั้งที่ 2\5ทับ18.pdf,9213,initial,1718,PASS,200,3.84,0.0
8.683,1,rawData\อำเภอเขื่องใน\ตำบลโนนรัง\หน่วยเลือกตั้งที่ 3\5ทับ18(บช).pdf,6843,initial,4359,PASS,200,8.683,0.0
10.178,1,rawData\อำเภอเขื่องใน\ตำบลโนนรัง\หน่วยเลือกตั้งที่ 3\5ทับ18(บช).pdf,16464,retry,4360,PASS,200,10.178,0.0
5.015,1,rawData\อำเภอเขื่องใน\ตำบลโนนรัง\หน่วยเลือกตั้งที่ 3\5ทับ18.pdf,5628,initial,1707,PASS,200,5.015,0.0
8.486,1,rawData\อำเภอเขื่องใน\ตำบลโนนรัง\หน่วยเลือกตั้งที่ 4\5ทับ18(บช).pdf,6340,initial,4386,PASS,200,8.486,0.0
9.673,1,rawData\อำเภอเขื่องใน\ตำบลโนนรัง\หน่วยเลือกตั้งที่ 4\5ทับ18(บช).pdf,15393,retry,4386,PASS,200,9.673,0.0
3.943,1,rawData\อำเภอเขื่องใน\ตำบลโนนรัง\หน่วยเลือกตั้งที่ 4\5ทับ18.pdf,5688,initial,1724,PASS,200,3.943,0.0
9.04,1,rawData\อำเภอเขื่องใน\ตำบลโนนรัง\หน่วยเลือกตั้งที่ 5\5ทับ18(บช).pdf,7141,initial,4327,PASS,200,9.04,0.0
12.613,1,rawData\อำเภอเขื่องใน\ตำบลโนนรัง\หน่วยเลือกตั้งที่ 5\5ทับ18(บช).pdf,16245,retry,4327,PASS,200,12.613,0.0
4.388,1,rawData\อำเภอเขื่องใน\ตำบลโนนรัง\หน่วยเลือกตั้งที่ 5\5ทับ18.pdf,4744,initial,1707,PASS,200,4.388,0.0
5.003,1,rawData\อำเภอเขื่องใน\ตำบลโนนรัง\หน่วยเลือกตั้งที่ 5\5ทับ18.pdf,8432,retry,1707,PASS,200,5.003,0.0
9.318,1,rawData\อำเภอเขื่องใน\ตำบลโนนรัง\หน่วยเลือกตั้งที่ 6\5ทับ18(บช).pdf,8559,initial,4513,PASS,200,9.318,0.0
6.029,1,rawData\อำเภอเขื่องใน\ตำบลโนนรัง\หน่วยเลือกตั้งที่ 6\5ทับ18(บช).pdf,17884,retry,2741,PASS,200,6.029,0.0
4.883,1,rawData\อำเภอเขื่องใน\ตำบลโนนรัง\หน่วยเลือกตั้งที่ 6\5ทับ18.pdf,5879,initial,1703,PASS,200,4.883,0.0
19.319,1,rawData\อำเภอเขื่องใน\ตำบลโนนรัง\หน่วยเลือกตั้งที่ 7\5ทับ18(บช).pdf,9317,initial,7387,PASS,200,19.319,0.0
17.925,1,rawData\อำเภอเขื่องใน\ตำบลโนนรัง\หน่วยเลือกตั้งที่ 7\5ทับ18(บช).pdf,24319,retry,7387,PASS,200,17.925,0.0
3.724,1,rawData\อำเภอเขื่องใน\ตำบลโนนรัง\หน่วยเลือกตั้งที่ 7\5ทับ18.pdf,5463,initial,1740,PASS,200,3.724,0.0
4.583,1,rawData\อำเภอเขื่องใน\ตำบลโนนรัง\หน่วยเลือกตั้งที่ 7\5ทับ18.pdf,9139,retry,1740,PASS,200,4.583,0.0
6.824,1,rawData\เขต 2 อ.เมืองฯ\ตำบลขี้เหล็ก\ตำบลขี้เหล็ก\หน่วยเลือกตั้งที่ 1\5ทับ18.pdf,5860,initial,1707,PASS,200,6.824,0.0
5.691,1,rawData\เขต 2 อ.เมืองฯ\ตำบลขี้เหล็ก\ตำบลขี้เหล็ก\หน่วยเลือกตั้งที่ 1\5ทับ18.pdf,10051,retry,1707,PASS,200,5.691,0.0
19.917,1,rawData\เขต 2 อ.เมืองฯ\ตำบลขี้เหล็ก\ตำบลขี้เหล็ก\หน่วยเลือกตั้งที่ 10\5ทับ18(บช).pdf,7909,initial,7536,PASS,200,19.917,0.0
20.131,1,rawData\เขต 2 อ.เมืองฯ\ตำบลขี้เหล็ก\ตำบลขี้เหล็ก\หน่วยเลือกตั้งที่ 10\5ทับ18(บช).pdf,23453,retry,7536,PASS,200,20.131,0.0
6.893,1,rawData\เขต 2 อ.เมืองฯ\ตำบลขี้เหล็ก\ตำบลขี้เหล็ก\หน่วยเลือกตั้งที่ 10\5ทับ18.pdf,5599,initial,1713,PASS,200,6.893,0.0
10.417,1,rawData\เขต 2 อ.เมืองฯ\ตำบลขี้เหล็ก\ตำบลขี้เหล็ก\หน่วยเลือกตั้งที่ 10\5ทับ18.pdf,9794,retry,1713,PASS,200,10.417,0.0
16.469,1,rawData\เขต 2 อ.เมืองฯ\ตำบลขี้เหล็ก\ตำบลขี้เหล็ก\หน่วยเลือกตั้งที่ 11\5ทับ18(บช).pdf,9066,initial,7439,PASS,200,16.469,0.0
13.027,1,rawData\เขต 2 อ.เมืองฯ\ตำบลขี้เหล็ก\ตำบลขี้เหล็ก\หน่วยเลือกตั้งที่ 11\5ทับ18(บช).pdf,24075,retry,4523,PASS,200,13.027,0.0
4.062,1,rawData\เขต 2 อ.เมืองฯ\ตำบลขี้เหล็ก\ตำบลขี้เหล็ก\หน่วยเลือกตั้งที่ 11\5ทับ18.pdf,5754,initial,1730,PASS,200,4.062,0.0
21.808,1,rawData\เขต 2 อ.เมืองฯ\ตำบลขี้เหล็ก\ตำบลขี้เหล็ก\หน่วยเลือกตั้งที่ 2\5ทับ18(บช).pdf,8838,initial,7399,PASS,200,21.808,0.0
10.755,1,rawData\เขต 2 อ.เมืองฯ\ตำบลขี้เหล็ก\ตำบลขี้เหล็ก\หน่วยเลือกตั้งที่ 2\5ทับ18(บช).pdf,24388,retry,4483,PASS,200,10.755,0.0
3.937,1,rawData\เขต 2 อ.เมืองฯ\ตำบลขี้เหล็ก\ตำบลขี้เหล็ก\หน่วยเลือกตั้งที่ 2\5ทับ18.pdf,5705,initial,1691,PASS,200,3.937,0.0
4.457,1,rawData\เขต 2 อ.เมืองฯ\ตำบลขี้เหล็ก\ตำบลขี้เหล็ก\หน่วยเลือกตั้งที่ 2\5ทับ18.pdf,9328,retry,1691,PASS,200,4.457,0.0
10.92,1,rawData\เขต 2 อ.เมืองฯ\ตำบลขี้เหล็ก\ตำบลขี้เหล็ก\หน่วยเลือกตั้งที่ 3\5ทับ18(บช).pdf,6991,initial,4496,PASS,200,10.92,0.0
12.406,1,rawData\เขต 2 อ.เมืองฯ\ตำบลขี้เหล็ก\ตำบลขี้เหล็ก\หน่วยเลือกตั้งที่ 3\5ทับ18(บช).pdf,16276,retry,4496,PASS,200,12.406,0.0
3.979,1,rawData\เขต 2 อ.เมืองฯ\ตำบลขี้เหล็ก\ตำบลขี้เหล็ก\หน่วยเลือกตั้งที่ 3\5ทับ18.pdf,5612,initial,1721,PASS,200,3.979,0.0
8.973,1,rawData\เขต 2 อ.เมืองฯ\ตำบลขี้เหล็ก\ตำบลขี้เหล็ก\หน่วยเลือกตั้งที่ 4\5ทับ18(บช).pdf,7158,initial,4517,PASS,200,8.973,0.0
9.066,1,rawData\เขต 2 อ.เมืองฯ\ตำบลขี้เหล็ก\ตำบลขี้เหล็ก\หน่วยเลือกตั้งที่ 4\5ทับ18(บช).pdf,16441,retry,4517,PASS,200,9.066,0.0
6.887,1,rawData\เขต 2 อ.เมืองฯ\ตำบลขี้เหล็ก\ตำบลขี้เหล็ก\หน่วยเลือกตั้งที่ 4\5ทับ18.pdf,5625,initial,1738,PASS,200,6.887,0.0
14.244,1,rawData\เขต 2 อ.เมืองฯ\ตำบลขี้เหล็ก\ตำบลขี้เหล็ก\หน่วยเลือกตั้งที่ 5\5ทับ18(บช).pdf,8534,initial,7291,PASS,200,14.244,0.0
4.113,1,rawData\เขต 2 อ.เมืองฯ\ตำบลขี้เหล็ก\ตำบลขี้เหล็ก\หน่วยเลือกตั้งที่ 5\5ทับ18.pdf,5763,initial,1713,PASS,200,4.113,0.0
9.615,1,rawData\เขต 2 อ.เมืองฯ\ตำบลขี้เหล็ก\ตำบลขี้เหล็ก\หน่วยเลือกตั้งที่ 6\5ทับ18(บช).pdf,6990,initial,4333,PASS,200,9.615,0.0
5.65,1,rawData\เขต 2 อ.เมืองฯ\ตำบลขี้เหล็ก\ตำบลขี้เหล็ก\หน่วยเลือกตั้งที่ 6\5ทับ18(บช).pdf,17696,retry,2617,PASS,200,5.65,0.0
3.966,1,rawData\เขต 2 อ.เมืองฯ\ตำบลขี้เหล็ก\ตำบลขี้เหล็ก\หน่วยเลือกตั้งที่ 6\5ทับ18.pdf,5737,initial,1724,PASS,200,3.966,0.0
15.42,1,rawData\เขต 2 อ.เมืองฯ\ตำบลขี้เหล็ก\ตำบลขี้เหล็ก\หน่วยเลือกตั้งที่ 7\5ทับ18(บช).pdf,8924,initial,7594,PASS,200,15.42,0.0
17.283,1,rawData\เขต 2 อ.เมืองฯ\ตำบลขี้เหล็ก\ตำบลขี้เหล็ก\หน่วยเลือกตั้งที่ 7\5ทับ18(บช).pdf,23988,retry,7560,PASS,200,17.283,0.0
3.98,1,rawData\เขต 2 อ.เมืองฯ\ตำบลขี้เหล็ก\ตำบลขี้เหล็ก\หน่วยเลือกตั้งที่ 7\5ทับ18.pdf,5570,initial,1721,PASS,200,3.98,0.0
18.331,1,rawData\เขต 2 อ.เมืองฯ\ตำบลขี้เหล็ก\ตำบลขี้เหล็ก\หน่วยเลือกตั้งที่ 8\5ทับ18(บช).pdf,8777,initial,7398,PASS,200,18.331,0.0
9.561,1,rawData\เขต 2 อ.เมืองฯ\ตำบลขี้เหล็ก\ตำบลขี้เหล็ก\หน่วยเลือกตั้งที่ 8\5ทับ18(บช).pdf,23647,retry,4481,PASS,200,9.561,0.0
4.089,1,rawData\เขต 2 อ.เมืองฯ\ตำบลขี้เหล็ก\ตำบลขี้เหล็ก\หน่วยเลือกตั้งที่ 8\5ทับ18.pdf,5759,initial,1778,PASS,200,4.089,0.0
1.09,1,rawData\เขต 2 อ.เมืองฯ\ตำบลขี้เหล็ก\ตำบลขี้เหล็ก\หน่วยเลือกตั้งที่ 9\5ทับ18(บช).pdf,2950,initial,290,PASS,200,1.09,0.0
14.958,1,rawData\เขต 2 อ.เมืองฯ\ตำบลขี้เหล็ก\ตำบลขี้เหล็ก\หน่วยเลือกตั้งที่ 9\5ทับ18.pdf,9017,initial,7382,PASS,200,14.958,0.0
15.346,1,rawData\เขต 2 อ.เมืองฯ\ตำบลขี้เหล็ก\ตำบลขี้เหล็ก\หน่วยเลือกตั้งที่ 9\5ทับ18.pdf,23911,retry,7386,PASS,200,15.346,0.0
4.775,1,rawData\เขต 2 อ.เมืองฯ\ตำบลปะอาว\ตำบลปะอาว\หน่วยเลือกตั้งที่ 1\5 ทับ 18 (บช).pdf,5424,initial,1558,PASS,200,4.775,0.0
3.829,1,rawData\เขต 2 อ.เมืองฯ\ตำบลปะอาว\ตำบลปะอาว\หน่วยเลือกตั้งที่ 1\5 ทับ 18.pdf,5627,initial,1715,PASS,200,3.829,0.0
17.846,1,rawData\เขต 2 อ.เมืองฯ\ตำบลปะอาว\ตำบลปะอาว\หน่วยเลือกตั้งที่ 2\5ทับ18(บช).pdf,9704,initial,7771,PASS,200,17.846,0.0
4.567,1,rawData\เขต 2 อ.เมืองฯ\ตำบลปะอาว\ตำบลปะอาว\หน่วยเลือกตั้งที่ 2\5ทับ18.pdf,5462,initial,1753,PASS,200,4.567,0.0
24.843,1,rawData\เขต 2 อ.เมืองฯ\ตำบลปะอาว\ตำบลปะอาว\หน่วยเลือกตั้งที่ 3\5ทับ18(บช).pdf,8929,initial,7332,PASS,200,24.843,0.0
15.765,1,rawData\เขต 2 อ.เมืองฯ\ตำบลปะอาว\ตำบลปะอาว\หน่วยเลือกตั้งที่ 3\5ทับ18(บช).pdf,25008,retry,7333,PASS,200,15.765,0.0
23.213,1,rawData\เขต 2 อ.เมืองฯ\ตำบลปะอาว\ตำบลปะอาว\หน่วยเลือกตั้งที่ 3\5ทับ18.pdf,5762,initial,1703,PASS,200,23.213,0.0
5.7,1,rawData\เขต 2 อ.เมืองฯ\ตำบลปะอาว\ตำบลปะอาว\หน่วยเลือกตั้งที่ 4\5ทับ18.pdf,5863,initial,1692,PASS,200,5.7,0.0
3.981,1,rawData\เขต 2 อ.เมืองฯ\ตำบลปะอาว\ตำบลปะอาว\หน่วยเลือกตั้งที่ 5\5ทับ18.pdf,5843,initial,1732,PASS,200,3.981,0.0
21.088,1,rawData\เขต 2 อ.เมืองฯ\ตำบลปะอาว\ตำบลปะอาว\หน่วยเลือกตั้งที่ 6\5ทับ18(บช).pdf,9862,initial,7756,PASS,200,21.088,0.0
19.763,1,rawData\เขต 2 อ.เมืองฯ\ตำบลปะอาว\ตำบลปะอาว\หน่วยเลือกตั้งที่ 6\5ทับ18(บช).pdf,25386,retry,7754,PASS,200,19.763,0.0
4.282,1,rawData\เขต 2 อ.เมืองฯ\ตำบลปะอาว\ตำบลปะอาว\หน่วยเลือกตั้งที่ 6\5ทับ18.pdf,5974,initial,1738,PASS,200,4.282,0.0
10.269,1,rawData\เขต 2 อ.เมืองฯ\ตำบลปะอาว\ตำบลปะอาว\หน่วยเลือกตั้งที่ 7\5ทับ18(บช).pdf,7316,initial,4396,PASS,200,10.269,0.0
10.873,1,rawData\เขต 2 อ.เมืองฯ\ตำบลปะอาว\ตำบลปะอาว\หน่วยเลือกตั้งที่ 7\5ทับ18(บช).pdf,16937,retry,4396,PASS,200,10.873,0.0
6.755,1,rawData\เขต 2 อ.เมืองฯ\ตำบลปะอาว\ตำบลปะอาว\หน่วยเลือกตั้งที่ 7\5ทับ18.pdf,5779,initial,1700,PASS,200,6.755,0.0
15.074,1,rawData\เขต 2 อ.เมืองฯ\ตำบลปะอาว\ตำบลปะอาว\หน่วยเลือกตั้งที่ 8\5ทับ18(บช).pdf,9321,initial,7481,PASS,200,15.074,0.0
26.98,1,rawData\เขต 2 อ.เมืองฯ\ตำบลปะอาว\ตำบลปะอาว\หน่วยเลือกตั้งที่ 8\5ทับ18(บช).pdf,26014,retry,7481,PASS,200,26.98,0.0
4.016,1,rawData\เขต 2 อ.เมืองฯ\ตำบลปะอาว\ตำบลปะอาว\หน่วยเลือกตั้งที่ 8\5ทับ18.pdf,5714,initial,1731,PASS,200,4.016,0.0
14.721,1,rawData\เขต 2 อ.เมืองฯ\ตำบลปะอาว\ตำบลปะอาว\หน่วยเลือกตั้งที่ 9\5ทับ18(บช).pdf,8989,initial,7392,PASS,200,14.721,0.0
9.723,1,rawData\เขต 2 อ.เมืองฯ\ตำบลปะอาว\ตำบลปะอาว\หน่วยเลือกตั้งที่ 9\5ทับ18(บช).pdf,23884,retry,4475,PASS,200,9.723,0.0
16.167,1,rawData\เขต 2 อ.เมืองฯ\ตำบลปะอาว\ตำบลปะอาว\หน่วยเลือกตั้งที่ 9\5ทับ18.pdf,9351,initial,7389,PASS,200,16.167,0.0
18.101,1,rawData\เขต 2 อ.เมืองฯ\ตำบลปะอาว\ตำบลปะอาว\หน่วยเลือกตั้งที่ 9\5ทับ18.pdf,24218,retry,7389,PASS,200,18.101,0.0
17.772,1,rawData\เขต 2 อ.เมืองฯ\ตำบลหนองขอน\หน่วยเลือกตั้งที่ 1\5ทับ18(บช).pdf,8954,initial,7414,PASS,200,17.772,0.0
19.055,1,rawData\เขต 2 อ.เมืองฯ\ตำบลหนองขอน\หน่วยเลือกตั้งที่ 1\5ทับ18(บช).pdf,24967,retry,7416,PASS,200,19.055,0.0
4.318,1,rawData\เขต 2 อ.เมืองฯ\ตำบลหนองขอน\หน่วยเลือกตั้งที่ 1\5ทับ18.pdf,5713,initial,1724,PASS,200,4.318,0.0
23.248,1,rawData\เขต 2 อ.เมืองฯ\ตำบลหนองขอน\หน่วยเลือกตั้งที่ 10\5ทับ18  (บช).pdf,11069,initial,11403,PASS,200,23.248,0.0
25.943,1,rawData\เขต 2 อ.เมืองฯ\ตำบลหนองขอน\หน่วยเลือกตั้งที่ 10\5ทับ18  (บช).pdf,34624,retry,11409,PASS,200,25.943,0.0
23.0,1,rawData\เขต 2 อ.เมืองฯ\ตำบลหนองขอน\หน่วยเลือกตั้งที่ 10\5ทับ18.pdf,5750,initial,1729,PASS,200,23.0,0.0
61.291,1,rawData\เขต 2 อ.เมืองฯ\ตำบลหนองขอน\หน่วยเลือกตั้งที่ 11\5ทับ 18( บช).pdf,11069,initial,10870,PASS,200,61.291,0.0
12.06,1,rawData\เขต 2 อ.เมืองฯ\ตำบลหนองขอน\หน่วยเลือกตั้งที่ 11\5ทับ18.pdf,5910,initial,1736,PASS,200,12.06,0.0
21.425,1,rawData\เขต 2 อ.เมืองฯ\ตำบลหนองขอน\หน่วยเลือกตั้งที่ 12\5ทับ18(บช).pdf,10014,initial,7117,PASS,200,21.425,0.0
38.913,1,rawData\เขต 2 อ.เมืองฯ\ตำบลหนองขอน\หน่วยเลือกตั้งที่ 12\5ทับ18(บช).pdf,24886,retry,3980,PASS,200,38.913,0.0
4.15,1,rawData\เขต 2 อ.เมืองฯ\ตำบลหนองขอน\หน่วยเลือกตั้งที่ 12\5ทับ18.pdf,5890,initial,1746,PASS,200,4.15,0.0
3.291,1,rawData\เขต 2 อ.เมืองฯ\ตำบลหนองขอน\หน่วยเลือกตั้งที่ 13\5ทับ18(บช).pdf,11069,initial,1359,PASS,200,3.291,0.0
3.913,1,rawData\เขต 2 อ.เมืองฯ\ตำบลหนองขอน\หน่วยเลือกตั้งที่ 13\5ทับ18(บช).pdf,14406,retry,1349,PASS,200,3.913,0.0
4.213,1,rawData\เขต 2 อ.เมืองฯ\ตำบลหนองขอน\หน่วยเลือกตั้งที่ 13\5ทับ18.pdf,5682,initial,1738,PASS,200,4.213,0.0
12.642,1,rawData\เขต 2 อ.เมืองฯ\ตำบลหนองขอน\หน่วยเลือกตั้งที่ 14\5ทับ18(บช).pdf,9346,initial,5755,PASS,200,12.642,0.0
10.566,1,rawData\เขต 2 อ.เมืองฯ\ตำบลหนองขอน\หน่วยเลือกตั้งที่ 14\5ทับ18(บช).pdf,21555,retry,5389,PASS,200,10.566,0.0
6.511,1,rawData\เขต 2 อ.เมืองฯ\ตำบลหนองขอน\หน่วยเลือกตั้งที่ 14\5ทับ18.pdf,5766,initial,1724,PASS,200,6.511,0.0
24.614,1,rawData\เขต 2 อ.เมืองฯ\ตำบลหนองขอน\หน่วยเลือกตั้งที่ 15\5ทับ18(บช).pdf,11069,initial,6498,PASS,200,24.614,0.0
28.768,1,rawData\เขต 2 อ.เมืองฯ\ตำบลหนองขอน\หน่วยเลือกตั้งที่ 15\5ทับ18(บช).pdf,24679,retry,6368,PASS,200,28.768,0.0
4.381,1,rawData\เขต 2 อ.เมืองฯ\ตำบลหนองขอน\หน่วยเลือกตั้งที่ 15\5ทับ18.pdf,5550,initial,1713,PASS,200,4.381,0.0
5.506,1,rawData\เขต 2 อ.เมืองฯ\ตำบลหนองขอน\หน่วยเลือกตั้งที่ 15\5ทับ18.pdf,9740,retry,1713,PASS,200,5.506,0.0
15.631,1,rawData\เขต 2 อ.เมืองฯ\ตำบลหนองขอน\หน่วยเลือกตั้งที่ 16\5ทับ18(บช).pdf,10442,initial,4396,PASS,200,15.631,0.0
36.043,1,rawData\เขต 2 อ.เมืองฯ\ตำบลหนองขอน\หน่วยเลือกตั้งที่ 16\5ทับ18(บช).pdf,19065,retry,2876,PASS,200,36.043,0.0
35.473,1,rawData\เขต 2 อ.เมืองฯ\ตำบลหนองขอน\หน่วยเลือกตั้งที่ 16\5ทับ18.pdf,5751,initial,1718,PASS,200,35.473,0.0
4.499,1,rawData\เขต 2 อ.เมืองฯ\ตำบลหนองขอน\หน่วยเลือกตั้งที่ 16\5ทับ18.pdf,9943,retry,1718,PASS,200,4.499,0.0
4.022,1,rawData\เขต 2 อ.เมืองฯ\ตำบลหนองขอน\หน่วยเลือกตั้งที่ 2\5ทับ18.pdf,5861,initial,1744,PASS,200,4.022,0.0
17.814,1,rawData\เขต 2 อ.เมืองฯ\ตำบลหนองขอน\หน่วยเลือกตั้งที่ 2\5ทับ18.pdf,11340,retry,1744,PASS,200,17.814,0.0
15.534,1,rawData\เขต 2 อ.เมืองฯ\ตำบลหนองขอน\หน่วยเลือกตั้งที่ 2\5ทับ188(บช)2.pdf,8948,initial,7371,PASS,200,15.534,0.0
16.301,1,rawData\เขต 2 อ.เมืองฯ\ตำบลหนองขอน\หน่วยเลือกตั้งที่ 3\5ทับ18(บช).pdf,8949,initial,7384,PASS,200,16.301,0.0
9.303,1,rawData\เขต 2 อ.เมืองฯ\ตำบลหนองขอน\หน่วยเลือกตั้งที่ 3\5ทับ18.pdf,6094,initial,1667,PASS,200,9.303,0.0
5.713,1,rawData\เขต 2 อ.เมืองฯ\ตำบลหนองขอน\หน่วยเลือกตั้งที่ 3\5ทับ18.pdf,9797,retry,1667,PASS,200,5.713,0.0
5.516,1,rawData\เขต 2 อ.เมืองฯ\ตำบลหนองขอน\หน่วยเลือกตั้งที่ 4\5ทับ18(บช).pdf,6498,initial,2244,PASS,200,5.516,0.0
9.448,1,rawData\เขต 2 อ.เมืองฯ\ตำบลหนองขอน\หน่วยเลือกตั้งที่ 4\5ทับ18(บช).pdf,11544,retry,4553,PASS,200,9.448,0.0
5.287,1,rawData\เขต 2 อ.เมืองฯ\ตำบลหนองขอน\หน่วยเลือกตั้งที่ 4\5ทับ18.pdf,5555,initial,1726,PASS,200,5.287,0.0
14.588,1,rawData\เขต 2 อ.เมืองฯ\ตำบลหนองขอน\หน่วยเลือกตั้งที่ 5\5ทับ18(บช).pdf,8879,initial,7364,PASS,200,14.588,0.0
40.912,1,rawData\เขต 2 อ.เมืองฯ\ตำบลหนองขอน\หน่วยเลือกตั้งที่ 5\5ทับ18(บช).pdf,24339,retry,7364,PASS,200,40.912,0.0
7.354,1,rawData\เขต 2 อ.เมืองฯ\ตำบลหนองขอน\หน่วยเลือกตั้งที่ 5\5ทับ18.pdf,5525,initial,1734,PASS,200,7.354,0.0
48.087,1,rawData\เขต 2 อ.เมืองฯ\ตำบลหนองขอน\หน่วยเลือกตั้งที่ 5\5ทับ18.pdf,9255,retry,1731,PASS,200,48.087,0.0
36.92,1,rawData\เขต 2 อ.เมืองฯ\ตำบลหนองขอน\หน่วยเลือกตั้งที่ 6\5ทับ18(บช).pdf,7414,initial,4252,PASS,200,36.921,0.0
15.222,1,rawData\เขต 2 อ.เมืองฯ\ตำบลหนองขอน\หน่วยเลือกตั้งที่ 6\5ทับ18(บช).pdf,16166,retry,4255,PASS,200,15.222,0.0
29.459,1,rawData\เขต 2 อ.เมืองฯ\ตำบลหนองขอน\หน่วยเลือกตั้งที่ 6\5ทับ18.pdf,5950,initial,1736,PASS,200,29.459,0.0
4.743,1,rawData\เขต 2 อ.เมืองฯ\ตำบลหนองขอน\หน่วยเลือกตั้งที่ 6\5ทับ18.pdf,9690,retry,1736,PASS,200,4.743,0.0
13.952,1,rawData\เขต 2 อ.เมืองฯ\ตำบลหนองขอน\หน่วยเลือกตั้งที่ 7\5ทับ 18( บช).pdf,8573,initial,5383,PASS,200,13.952,0.0
14.378,1,rawData\เขต 2 อ.เมืองฯ\ตำบลหนองขอน\หน่วยเลือกตั้งที่ 7\5ทับ 18( บช).pdf,19880,retry,5260,PASS,200,14.378,0.0
5.219,1,rawData\เขต 2 อ.เมืองฯ\ตำบลหนองขอน\หน่วยเลือกตั้งที่ 7\5ทับ18.pdf,5741,initial,1730,PASS,200,5.219,0.0
4.364,1,rawData\เขต 2 อ.เมืองฯ\ตำบลหนองขอน\หน่วยเลือกตั้งที่ 7\5ทับ18.pdf,9404,retry,1730,PASS,200,4.364,0.0
1.592,1,rawData\เขต 2 อ.เมืองฯ\ตำบลหนองขอน\หน่วยเลือกตั้งที่ 8\5ทับ18( บช).pdf,6606,initial,769,PASS,200,1.592,0.0
4.554,1,rawData\เขต 2 อ.เมืองฯ\ตำบลหนองขอน\หน่วยเลือกตั้งที่ 8\5ทับ18.pdf,5637,initial,1725,PASS,200,4.554,0.0
6.117,1,rawData\เขต 2 อ.เมืองฯ\ตำบลหนองขอน\หน่วยเลือกตั้งที่ 8\5ทับ18.pdf,10470,retry,1725,PASS,200,6.117,0.0
2.447,1,rawData\เขต 2 อ.เมืองฯ\ตำบลหนองขอน\หน่วยเลือกตั้งที่ 9\5ทับ18 ( บช).pdf,5526,initial,993,PASS,200,2.447,0.0
2.732,1,rawData\เขต 2 อ.เมืองฯ\ตำบลหนองขอน\หน่วยเลือกตั้งที่ 9\5ทับ18 ( บช).pdf,8203,retry,988,PASS,200,2.732,0.0
4.33,1,rawData\เขต 2 อ.เมืองฯ\ตำบลหนองขอน\หน่วยเลือกตั้งที่ 9\5ทับ18.pdf,5562,initial,1722,PASS,200,4.33,0.0
8.944,1,rawData\เขต 2 อ.เมืองฯ\ตำบลหัวเรือ\ตำบลหัวเรือ\หน่วยเลือกตั้งที่1\5ทับ18(บช).pdf,6390,initial,4375,PASS,200,8.945,0.0
9.16,1,rawData\เขต 2 อ.เมืองฯ\ตำบลหัวเรือ\ตำบลหัวเรือ\หน่วยเลือกตั้งที่1\5ทับ18(บช).pdf,15713,retry,4375,PASS,200,9.16,0.0
5.282,1,rawData\เขต 2 อ.เมืองฯ\ตำบลหัวเรือ\ตำบลหัวเรือ\หน่วยเลือกตั้งที่1\5ทับ18.pdf,4725,initial,1679,PASS,200,5.282,0.0
17.267,1,rawData\เขต 2 อ.เมืองฯ\ตำบลหัวเรือ\ตำบลหัวเรือ\หน่วยเลือกตั้งที่10\5ทับ18(บช).pdf,8323,initial,7368,PASS,200,17.267,0.0
20.997,1,rawData\เขต 2 อ.เมืองฯ\ตำบลหัวเรือ\ตำบลหัวเรือ\หน่วยเลือกตั้งที่10\5ทับ18(บช).pdf,23173,retry,7377,PASS,200,20.997,0.0
18.796,1,rawData\เขต 2 อ.เมืองฯ\ตำบลหัวเรือ\ตำบลหัวเรือ\หน่วยเลือกตั้งที่10\5ทับ18.pdf,5749,initial,1721,PASS,200,18.796,0.0
4.455,1,rawData\เขต 2 อ.เมืองฯ\ตำบลหัวเรือ\ตำบลหัวเรือ\หน่วยเลือกตั้งที่10\5ทับ18.pdf,9465,retry,1721,PASS,200,4.455,0.0
8.623,1,rawData\เขต 2 อ.เมืองฯ\ตำบลหัวเรือ\ตำบลหัวเรือ\หน่วยเลือกตั้งที่11\5ทับ18(บช).pdf,7208,initial,4388,PASS,200,8.623,0.0
9.217,1,rawData\เขต 2 อ.เมืองฯ\ตำบลหัวเรือ\ตำบลหัวเรือ\หน่วยเลือกตั้งที่11\5ทับ18(บช).pdf,16742,retry,4388,PASS,200,9.217,0.0
6.193,1,rawData\เขต 2 อ.เมืองฯ\ตำบลหัวเรือ\ตำบลหัวเรือ\หน่วยเลือกตั้งที่11\5ทับ18.pdf,5805,initial,1736,PASS,200,6.193,0.0
15.34,1,rawData\เขต 2 อ.เมืองฯ\ตำบลหัวเรือ\ตำบลหัวเรือ\หน่วยเลือกตั้งที่12\5ทับ18(บช).pdf,8579,initial,7369,PASS,200,15.34,0.0
17.276,1,rawData\เขต 2 อ.เมืองฯ\ตำบลหัวเรือ\ตำบลหัวเรือ\หน่วยเลือกตั้งที่12\5ทับ18(บช).pdf,24556,retry,7372,PASS,200,17.276,0.0
6.769,1,rawData\เขต 2 อ.เมืองฯ\ตำบลหัวเรือ\ตำบลหัวเรือ\หน่วยเลือกตั้งที่12\5ทับ18.pdf,5791,initial,1699,PASS,200,6.769,0.0
4.002,1,rawData\เขต 2 อ.เมืองฯ\ตำบลหัวเรือ\ตำบลหัวเรือ\หน่วยเลือกตั้งที่12\5ทับ18.pdf,10111,retry,1699,PASS,200,4.002,0.0
9.121,1,rawData\เขต 2 อ.เมืองฯ\ตำบลหัวเรือ\ตำบลหัวเรือ\หน่วยเลือกตั้งที่13\5ทับ18(บช).pdf,11069,initial,4378,PASS,200,9.121,0.0
16.445,1,rawData\เขต 2 อ.เมืองฯ\ตำบลหัวเรือ\ตำบลหัวเรือ\หน่วยเลือกตั้งที่13\5ทับ18(บช).pdf,20599,retry,4378,PASS,200,16.445,0.0
27.985,1,rawData\เขต 2 อ.เมืองฯ\ตำบลหัวเรือ\ตำบลหัวเรือ\หน่วยเลือกตั้งที่13\5ทับ18.pdf,6067,initial,1733,PASS,200,27.985,0.0
4.365,1,rawData\เขต 2 อ.เมืองฯ\ตำบลหัวเรือ\ตำบลหัวเรือ\หน่วยเลือกตั้งที่13\5ทับ18.pdf,10418,retry,1734,PASS,200,4.365,0.0
15.76,1,rawData\เขต 2 อ.เมืองฯ\ตำบลหัวเรือ\ตำบลหัวเรือ\หน่วยเลือกตั้งที่14\5ทับ18(บช).pdf,9062,initial,7375,PASS,200,15.76,0.0
16.162,1,rawData\เขต 2 อ.เมืองฯ\ตำบลหัวเรือ\ตำบลหัวเรือ\หน่วยเลือกตั้งที่14\5ทับ18(บช).pdf,25067,retry,7376,PASS,200,16.162,0.0
19.874,1,rawData\เขต 2 อ.เมืองฯ\ตำบลหัวเรือ\ตำบลหัวเรือ\หน่วยเลือกตั้งที่14\5ทับ18.pdf,4641,initial,1722,PASS,200,19.874,0.0
17.582,1,rawData\เขต 2 อ.เมืองฯ\ตำบลหัวเรือ\ตำบลหัวเรือ\หน่วยเลือกตั้งที่15\5ทับ18(บช).pdf,11069,initial,7267,PASS,200,17.582,0.0
31.619,1,rawData\เขต 2 อ.เมืองฯ\ตำบลหัวเรือ\ตำบลหัวเรือ\หน่วยเลือกตั้งที่15\5ทับ18(บช).pdf,27630,retry,7269,PASS,200,31.619,0.0
7.266,1,rawData\เขต 2 อ.เมืองฯ\ตำบลหัวเรือ\ตำบลหัวเรือ\หน่วยเลือกตั้งที่15\5ทับ18.pdf,5701,initial,1718,PASS,200,7.266,0.0
10.117,1,rawData\เขต 2 อ.เมืองฯ\ตำบลหัวเรือ\ตำบลหัวเรือ\หน่วยเลือกตั้งที่16\5ทับ18(บช).pdf,6252,initial,4396,PASS,200,10.117,0.0
9.714,1,rawData\เขต 2 อ.เมืองฯ\ตำบลหัวเรือ\ตำบลหัวเรือ\หน่วยเลือกตั้งที่16\5ทับ18(บช).pdf,15801,retry,4395,PASS,200,9.715,0.0
4.14,1,rawData\เขต 2 อ.เมืองฯ\ตำบลหัวเรือ\ตำบลหัวเรือ\หน่วยเลือกตั้งที่16\5ทับ18.pdf,6081,initial,1718,PASS,200,4.14,0.0
5.09,1,rawData\เขต 2 อ.เมืองฯ\ตำบลหัวเรือ\ตำบลหัวเรือ\หน่วยเลือกตั้งที่16\5ทับ18.pdf,9735,retry,1718,PASS,200,5.09,0.0
19.524,1,rawData\เขต 2 อ.เมืองฯ\ตำบลหัวเรือ\ตำบลหัวเรือ\หน่วยเลือกตั้งที่2\5ทับ18(บช).pdf,9174,initial,7384,PASS,200,19.524,0.0
5.812,1,rawData\เขต 2 อ.เมืองฯ\ตำบลหัวเรือ\ตำบลหัวเรือ\หน่วยเลือกตั้งที่2\5ทับ18.pdf,5927,initial,1747,PASS,200,5.812,0.0
14.99,1,rawData\เขต 2 อ.เมืองฯ\ตำบลหัวเรือ\ตำบลหัวเรือ\หน่วยเลือกตั้งที่3\5ทับ18(บช).pdf,8946,initial,7383,PASS,200,14.99,0.0
18.361,1,rawData\เขต 2 อ.เมืองฯ\ตำบลหัวเรือ\ตำบลหัวเรือ\หน่วยเลือกตั้งที่3\5ทับ18(บช).pdf,27300,retry,7384,PASS,200,18.361,0.0
4.089,1,rawData\เขต 2 อ.เมืองฯ\ตำบลหัวเรือ\ตำบลหัวเรือ\หน่วยเลือกตั้งที่3\5ทับ18.pdf,5353,initial,1729,PASS,200,4.089,0.0
6.479,1,rawData\เขต 2 อ.เมืองฯ\ตำบลหัวเรือ\ตำบลหัวเรือ\หน่วยเลือกตั้งที่3\5ทับ18.pdf,9680,retry,1730,PASS,200,6.479,0.0
15.803,1,rawData\เขต 2 อ.เมืองฯ\ตำบลหัวเรือ\ตำบลหัวเรือ\หน่วยเลือกตั้งที่4\5ทับ18(บช).pdf,8778,initial,7370,PASS,200,15.803,0.0
22.023,1,rawData\เขต 2 อ.เมืองฯ\ตำบลหัวเรือ\ตำบลหัวเรือ\หน่วยเลือกตั้งที่4\5ทับ18(บช).pdf,24831,retry,7375,PASS,200,22.023,0.0
4.377,1,rawData\เขต 2 อ.เมืองฯ\ตำบลหัวเรือ\ตำบลหัวเรือ\หน่วยเลือกตั้งที่4\5ทับ18.pdf,5897,initial,1731,PASS,200,4.377,0.0
3.748,1,rawData\เขต 2 อ.เมืองฯ\ตำบลหัวเรือ\ตำบลหัวเรือ\หน่วยเลือกตั้งที่4\5ทับ18.pdf,9567,retry,1731,PASS,200,3.748,0.0
16.134,1,rawData\เขต 2 อ.เมืองฯ\ตำบลหัวเรือ\ตำบลหัวเรือ\หน่วยเลือกตั้งที่5\5ทับ18(บช).pdf,8606,initial,7402,PASS,200,16.134,0.0
27.293,1,rawData\เขต 2 อ.เมืองฯ\ตำบลหัวเรือ\ตำบลหัวเรือ\หน่วยเลือกตั้งที่5\5ทับ18(บช).pdf,24012,retry,7402,PASS,200,27.293,0.0
5.605,1,rawData\เขต 2 อ.เมืองฯ\ตำบลหัวเรือ\ตำบลหัวเรือ\หน่วยเลือกตั้งที่5\5ทับ18.pdf,5849,initial,1701,PASS,200,5.605,0.0
18.764,1,rawData\เขต 2 อ.เมืองฯ\ตำบลหัวเรือ\ตำบลหัวเรือ\หน่วยเลือกตั้งที่6\5ทับ18(บช).pdf,9579,initial,7257,PASS,200,18.764,0.0
12.893,1,rawData\เขต 2 อ.เมืองฯ\ตำบลหัวเรือ\ตำบลหัวเรือ\หน่วยเลือกตั้งที่6\5ทับ18(บช).pdf,24897,retry,4392,PASS,200,12.893,0.0
38.112,1,rawData\เขต 2 อ.เมืองฯ\ตำบลหัวเรือ\ตำบลหัวเรือ\หน่วยเลือกตั้งที่6\5ทับ18.pdf,5818,initial,1725,PASS,200,38.112,0.0
5.462,1,rawData\เขต 2 อ.เมืองฯ\ตำบลหัวเรือ\ตำบลหัวเรือ\หน่วยเลือกตั้งที่6\5ทับ18.pdf,9657,retry,1725,PASS,200,5.462,0.0
9.523,1,rawData\เขต 2 อ.เมืองฯ\ตำบลหัวเรือ\ตำบลหัวเรือ\หน่วยเลือกตั้งที่7\5ทับ18(บช).pdf,7031,initial,4393,PASS,200,9.523,0.0
9.257,1,rawData\เขต 2 อ.เมืองฯ\ตำบลหัวเรือ\ตำบลหัวเรือ\หน่วยเลือกตั้งที่7\5ทับ18(บช).pdf,16032,retry,4393,PASS,200,9.257,0.0
3.986,1,rawData\เขต 2 อ.เมืองฯ\ตำบลหัวเรือ\ตำบลหัวเรือ\หน่วยเลือกตั้งที่7\5ทับ18.pdf,6097,initial,1704,PASS,200,3.986,0.0
15.235,1,rawData\เขต 2 อ.เมืองฯ\ตำบลหัวเรือ\ตำบลหัวเรือ\หน่วยเลือกตั้งที่8\5ทับ18(บช).pdf,8234,initial,7370,PASS,200,15.235,0.0
19.021,1,rawData\เขต 2 อ.เมืองฯ\ตำบลหัวเรือ\ตำบลหัวเรือ\หน่วยเลือกตั้งที่8\5ทับ18(บช).pdf,24168,retry,7363,PASS,200,19.021,0.0
8.823,1,rawData\เขต 2 อ.เมืองฯ\ตำบลหัวเรือ\ตำบลหัวเรือ\หน่วยเลือกตั้งที่8\5ทับ18.pdf,5749,initial,1721,PASS,200,8.823,0.0
5.069,1,rawData\เขต 2 อ.เมืองฯ\ตำบลหัวเรือ\ตำบลหัวเรือ\หน่วยเลือกตั้งที่8\5ทับ18.pdf,9465,retry,1721,PASS,200,5.069,0.0
3.866,1,rawData\เขต 2 อ.เมืองฯ\ตำบลหัวเรือ\ตำบลหัวเรือ\หน่วยเลือกตั้งที่9\5ทับ18(บช).pdf,9692,initial,1425,PASS,200,3.866,0.0
4.716,1,rawData\เขต 2 อ.เมืองฯ\ตำบลหัวเรือ\ตำบลหัวเรือ\หน่วยเลือกตั้งที่9\5ทับ18(บช).pdf,13136,retry,1425,PASS,200,4.716,0.0
6.75,1,rawData\เขต 2 อ.เมืองฯ\ตำบลหัวเรือ\ตำบลหัวเรือ\หน่วยเลือกตั้งที่9\5ทับ18.pdf,4680,initial,1741,PASS,200,6.75,0.0
6.118,1,rawData\เขต 2 อ.เมืองฯ\ตำบลหัวเรือ\ตำบลหัวเรือ\หน่วยเลือกตั้งที่9\5ทับ18.pdf,9047,retry,1742,PASS,200,6.118,0.0
16.777,1,rawData\เขต 2 อ.เมืองฯ\เขตไร่น้อย\เขตไร่น้อย\หน่วยเลือกตั้งที่ 1\5ทับ18(บช).pdf,9432,initial,7384,PASS,200,16.777,0.0
12.165,1,rawData\เขต 2 อ.เมืองฯ\เขตไร่น้อย\เขตไร่น้อย\หน่วยเลือกตั้งที่ 1\5ทับ18(บช).pdf,24239,retry,4832,PASS,200,12.165,0.0
6.788,1,rawData\เขต 2 อ.เมืองฯ\เขตไร่น้อย\เขตไร่น้อย\หน่วยเลือกตั้งที่ 1\5ทับ18.pdf,5742,initial,1748,PASS,200,6.788,0.0
18.728,1,rawData\เขต 2 อ.เมืองฯ\เขตไร่น้อย\เขตไร่น้อย\หน่วยเลือกตั้งที่ 10\5ทับ18(บช).pdf,11069,initial,7375,PASS,200,18.728,0.0
11.817,1,rawData\เขต 2 อ.เมืองฯ\เขตไร่น้อย\เขตไร่น้อย\หน่วยเลือกตั้งที่ 10\5ทับ18(บช).pdf,26396,retry,4459,PASS,200,11.817,0.0
4.786,1,rawData\เขต 2 อ.เมืองฯ\เขตไร่น้อย\เขตไร่น้อย\หน่วยเลือกตั้งที่ 10\5ทับ18.pdf,5733,initial,1729,PASS,200,4.786,0.0
8.077,1,rawData\เขต 2 อ.เมืองฯ\เขตไร่น้อย\เขตไร่น้อย\หน่วยเลือกตั้งที่ 11\5ทับ18(บช).pdf,6603,initial,4326,PASS,200,8.077,0.0
11.022,1,rawData\เขต 2 อ.เมืองฯ\เขตไร่น้อย\เขตไร่น้อย\หน่วยเลือกตั้งที่ 11\5ทับ18(บช).pdf,16918,retry,4326,PASS,200,11.022,0.0
5.059,1,rawData\เขต 2 อ.เมืองฯ\เขตไร่น้อย\เขตไร่น้อย\หน่วยเลือกตั้งที่ 11\5ทับ18.pdf,5872,initial,1713,PASS,200,5.059,0.0
4.967,1,rawData\เขต 2 อ.เมืองฯ\เขตไร่น้อย\เขตไร่น้อย\หน่วยเลือกตั้งที่ 11\5ทับ18.pdf,9574,retry,1713,PASS,200,4.967,0.0
12.722,1,rawData\เขต 2 อ.เมืองฯ\เขตไร่น้อย\เขตไร่น้อย\หน่วยเลือกตั้งที่ 12\5ทับ18(บช).pdf,6412,initial,4739,PASS,200,12.722,0.0
10.833,1,rawData\เขต 2 อ.เมืองฯ\เขตไร่น้อย\เขตไร่น้อย\หน่วยเลือกตั้งที่ 12\5ทับ18(บช).pdf,16050,retry,4739,PASS,200,10.833,0.0
7.707,1,rawData\เขต 2 อ.เมืองฯ\เขตไร่น้อย\เขตไร่น้อย\หน่วยเลือกตั้งที่ 12\5ทับ18.pdf,6221,initial,1771,PASS,200,7.707,0.0
21.178,1,rawData\เขต 2 อ.เมืองฯ\เขตไร่น้อย\เขตไร่น้อย\หน่วยเลือกตั้งที่ 13\5ทับ18(บช).pdf,9509,initial,7679,PASS,200,21.178,0.0
15.331,1,rawData\เขต 2 อ.เมืองฯ\เขตไร่น้อย\เขตไร่น้อย\หน่วยเลือกตั้งที่ 13\5ทับ18(บช).pdf,25021,retry,7679,PASS,200,15.331,0.0
36.412,1,rawData\เขต 2 อ.เมืองฯ\เขตไร่น้อย\เขตไร่น้อย\หน่วยเลือกตั้งที่ 13\5ทับ18.pdf,5672,initial,1758,PASS,200,36.412,0.0
4.013,1,rawData\เขต 2 อ.เมืองฯ\เขตไร่น้อย\เขตไร่น้อย\หน่วยเลือกตั้งที่ 13\5ทับ18.pdf,10073,retry,1759,PASS,200,4.013,0.0
20.042,1,rawData\เขต 2 อ.เมืองฯ\เขตไร่น้อย\เขตไร่น้อย\หน่วยเลือกตั้งที่ 14\5ทับ18(บช).pdf,8541,initial,7385,PASS,200,20.042,0.0
16.553,1,rawData\เขต 2 อ.เมืองฯ\เขตไร่น้อย\เขตไร่น้อย\หน่วยเลือกตั้งที่ 14\5ทับ18(บช).pdf,23338,retry,5057,PASS,200,16.553,0.0
4.146,1,rawData\เขต 2 อ.เมืองฯ\เขตไร่น้อย\เขตไร่น้อย\หน่วยเลือกตั้งที่ 14\5ทับ18.pdf,5742,initial,1769,PASS,200,4.147,0.0
14.775,1,rawData\เขต 2 อ.เมืองฯ\เขตไร่น้อย\เขตไร่น้อย\หน่วยเลือกตั้งที่ 16\5ทับ18(บช).pdf,9378,initial,7366,PASS,200,14.775,0.0
9.882,1,rawData\เขต 2 อ.เมืองฯ\เขตไร่น้อย\เขตไร่น้อย\หน่วยเลือกตั้งที่ 16\5ทับ18(บช).pdf,24195,retry,4450,PASS,200,9.882,0.0
6.807,1,rawData\เขต 2 อ.เมืองฯ\เขตไร่น้อย\เขตไร่น้อย\หน่วยเลือกตั้งที่ 16\5ทับ18.pdf,5797,initial,1725,PASS,200,6.807,0.0
48.417,1,rawData\เขต 2 อ.เมืองฯ\เขตไร่น้อย\เขตไร่น้อย\หน่วยเลือกตั้งที่ 17\5ทับ18(บช).pdf,8764,initial,7368,PASS,200,48.417,0.0
3.826,1,rawData\เขต 2 อ.เมืองฯ\เขตไร่น้อย\เขตไร่น้อย\หน่วยเลือกตั้งที่ 17\5ทับ18.pdf,6029,initial,1720,PASS,200,3.826,0.0
14.045,1,rawData\เขต 2 อ.เมืองฯ\เขตไร่น้อย\เขตไร่น้อย\หน่วยเลือกตั้งที่ 18\5ทับ18(บช).pdf,8785,initial,7279,PASS,200,14.045,0.0
9.773,1,rawData\เขต 2 อ.เมืองฯ\เขตไร่น้อย\เขตไร่น้อย\หน่วยเลือกตั้งที่ 18\5ทับ18(บช).pdf,23812,retry,4362,PASS,200,9.773,0.0
4.077,1,rawData\เขต 2 อ.เมืองฯ\เขตไร่น้อย\เขตไร่น้อย\หน่วยเลือกตั้งที่ 18\5ทับ18.pdf,5521,initial,1721,PASS,200,4.077,0.0
4.951,1,rawData\เขต 2 อ.เมืองฯ\เขตไร่น้อย\เขตไร่น้อย\หน่วยเลือกตั้งที่ 18\5ทับ18.pdf,10890,retry,1722,PASS,200,4.951,0.0
15.332,1,rawData\เขต 2 อ.เมืองฯ\เขตไร่น้อย\เขตไร่น้อย\หน่วยเลือกตั้งที่ 19\5ทับ18(บช).pdf,9005,initial,7368,PASS,200,15.332,0.0
10.433,1,rawData\เขต 2 อ.เมืองฯ\เขตไร่น้อย\เขตไร่น้อย\หน่วยเลือกตั้งที่ 19\5ทับ18.pdf,6048,initial,4509,PASS,200,10.433,0.0
12.718,1,rawData\เขต 2 อ.เมืองฯ\เขตไร่น้อย\เขตไร่น้อย\หน่วยเลือกตั้งที่ 19\5ทับ18.pdf,15834,retry,4513,PASS,200,12.718,0.0
16.117,1,rawData\เขต 2 อ.เมืองฯ\เขตไร่น้อย\เขตไร่น้อย\หน่วยเลือกตั้งที่ 2\5ทับ18(บช).pdf,9688,initial,7483,PASS,200,16.117,0.0
17.987,1,rawData\เขต 2 อ.เมืองฯ\เขตไร่น้อย\เขตไร่น้อย\หน่วยเลือกตั้งที่ 2\5ทับ18(บช).pdf,26429,retry,7484,PASS,200,17.987,0.0
4.147,1,rawData\เขต 2 อ.เมืองฯ\เขตไร่น้อย\เขตไร่น้อย\หน่วยเลือกตั้งที่ 2\5ทับ18.pdf,5836,initial,1747,PASS,200,4.147,0.0
4.538,1,rawData\เขต 2 อ.เมืองฯ\เขตไร่น้อย\เขตไร่น้อย\หน่วยเลือกตั้งที่ 2\5ทับ18.pdf,10156,retry,1747,PASS,200,4.538,0.0
9.438,1,rawData\เขต 2 อ.เมืองฯ\เขตไร่น้อย\เขตไร่น้อย\หน่วยเลือกตั้งที่ 20\5ทับ18(บช).pdf,7077,initial,4423,PASS,200,9.438,0.0
9.602,1,rawData\เขต 2 อ.เมืองฯ\เขตไร่น้อย\เขตไร่น้อย\หน่วยเลือกตั้งที่ 20\5ทับ18(บช).pdf,16235,retry,4423,PASS,200,9.602,0.0
4.351,1,rawData\เขต 2 อ.เมืองฯ\เขตไร่น้อย\เขตไร่น้อย\หน่วยเลือกตั้งที่ 20\5ทับ18.pdf,6087,initial,1704,PASS,200,4.352,0.0
14.904,1,rawData\เขต 2 อ.เมืองฯ\เขตไร่น้อย\เขตไร่น้อย\หน่วยเลือกตั้งที่ 21\5ทับ18(บช).pdf,9115,initial,7384,PASS,200,14.904,0.0
3.891,1,rawData\เขต 2 อ.เมืองฯ\เขตไร่น้อย\เขตไร่น้อย\หน่วยเลือกตั้งที่ 21\5ทับ18.pdf,5776,initial,1704,PASS,200,3.891,0.0
4.739,1,rawData\เขต 2 อ.เมืองฯ\เขตไร่น้อย\เขตไร่น้อย\หน่วยเลือกตั้งที่ 21\5ทับ18.pdf,9544,retry,1704,PASS,200,4.739,0.0
14.524,1,rawData\เขต 2 อ.เมืองฯ\เขตไร่น้อย\เขตไร่น้อย\หน่วยเลือกตั้งที่ 22\5ทับ18(บช).pdf,9012,initial,7368,PASS,200,14.524,0.0
4.028,1,rawData\เขต 2 อ.เมืองฯ\เขตไร่น้อย\เขตไร่น้อย\หน่วยเลือกตั้งที่ 22\5ทับ18.pdf,5759,initial,1720,PASS,200,4.028,0.0
13.704,1,rawData\เขต 2 อ.เมืองฯ\เขตไร่น้อย\เขตไร่น้อย\หน่วยเลือกตั้งที่ 23\5ทับ18(บช).pdf,8670,initial,7242,PASS,200,13.704,0.0
14.932,1,rawData\เขต 2 อ.เมืองฯ\เขตไร่น้อย\เขตไร่น้อย\หน่วยเลือกตั้งที่ 23\5ทับ18(บช).pdf,26397,retry,7241,PASS,200,14.932,0.0
3.83,1,rawData\เขต 2 อ.เมืองฯ\เขตไร่น้อย\เขตไร่น้อย\หน่วยเลือกตั้งที่ 23\5ทับ18.pdf,5783,initial,1729,PASS,200,3.83,0.0
14.735,1,rawData\เขต 2 อ.เมืองฯ\เขตไร่น้อย\เขตไร่น้อย\หน่วยเลือกตั้งที่ 24\5ทับ18(บช).pdf,9393,initial,7391,PASS,200,14.735,0.0
16.337,1,rawData\เขต 2 อ.เมืองฯ\เขตไร่น้อย\เขตไร่น้อย\หน่วยเลือกตั้งที่ 24\5ทับ18(บช).pdf,32558,retry,7392,PASS,200,16.337,0.0
4.69,1,rawData\เขต 2 อ.เมืองฯ\เขตไร่น้อย\เขตไร่น้อย\หน่วยเลือกตั้งที่ 24\5ทับ18.pdf,5625,initial,1729,PASS,200,4.69,0.0
3.963,1,rawData\เขต 2 อ.เมืองฯ\เขตไร่น้อย\เขตไร่น้อย\หน่วยเลือกตั้งที่ 24\5ทับ18.pdf,10609,retry,1730,PASS,200,3.963,0.0
21.588,1,rawData\เขต 2 อ.เมืองฯ\เขตไร่น้อย\เขตไร่น้อย\หน่วยเลือกตั้งที่ 25\5ทับ18(บช).pdf,9050,initial,7389,PASS,200,21.588,0.0
15.03,1,rawData\เขต 2 อ.เมืองฯ\เขตไร่น้อย\เขตไร่น้อย\หน่วยเลือกตั้งที่ 25\5ทับ18(บช).pdf,24457,retry,7390,PASS,200,15.03,0.0
4.012,1,rawData\เขต 2 อ.เมืองฯ\เขตไร่น้อย\เขตไร่น้อย\หน่วยเลือกตั้งที่ 25\5ทับ18.pdf,5670,initial,1727,PASS,200,4.012,0.0
14.251,1,rawData\เขต 2 อ.เมืองฯ\เขตไร่น้อย\เขตไร่น้อย\หน่วยเลือกตั้งที่ 26\5ทับ18(บช).pdf,9816,initial,7380,PASS,200,14.251,0.0
16.265,1,rawData\เขต 2 อ.เมืองฯ\เขตไร่น้อย\เขตไร่น้อย\หน่วยเลือกตั้งที่ 26\5ทับ18(บช).pdf,24619,retry,7376,PASS,200,16.265,0.0
4.914,1,rawData\เขต 2 อ.เมืองฯ\เขตไร่น้อย\เขตไร่น้อย\หน่วยเลือกตั้งที่ 26\5ทับ18.pdf,5530,initial,1739,PASS,200,4.914,0.0
15.655,1,rawData\เขต 2 อ.เมืองฯ\เขตไร่น้อย\เขตไร่น้อย\หน่วยเลือกตั้งที่ 27\5ทับ18(บช).pdf,8622,initial,7362,PASS,200,15.655,0.0
13.917,1,rawData\เขต 2 อ.เมืองฯ\เขตไร่น้อย\เขตไร่น้อย\หน่วยเลือกตั้งที่ 27\5ทับ18(บช).pdf,23433,retry,5036,PASS,200,13.917,0.0
3.782,1,rawData\เขต 2 อ.เมืองฯ\เขตไร่น้อย\เขตไร่น้อย\หน่วยเลือกตั้งที่ 27\5ทับ18.pdf,5935,initial,1714,PASS,200,3.782,0.0
11.676,1,rawData\เขต 2 อ.เมืองฯ\เขตไร่น้อย\เขตไร่น้อย\หน่วยเลือกตั้งที่ 28\5ทับ18(บช).pdf,6641,initial,4415,PASS,200,11.676,0.0
9.19,1,rawData\เขต 2 อ.เมืองฯ\เขตไร่น้อย\เขตไร่น้อย\หน่วยเลือกตั้งที่ 28\5ทับ18(บช).pdf,15810,retry,4250,PASS,200,9.19,0.0
5.634,1,rawData\เขต 2 อ.เมืองฯ\เขตไร่น้อย\เขตไร่น้อย\หน่วยเลือกตั้งที่ 28\5ทับ18.pdf,5765,initial,1738,PASS,200,5.634,0.0
5.116,1,rawData\เขต 2 อ.เมืองฯ\เขตไร่น้อย\เขตไร่น้อย\หน่วยเลือกตั้งที่ 28\5ทับ18.pdf,9435,retry,1738,PASS,200,5.116,0.0
14.37,1,rawData\เขต 2 อ.เมืองฯ\เขตไร่น้อย\เขตไร่น้อย\หน่วยเลือกตั้งที่ 29\5ทับ18(บช).pdf,8899,initial,7183,PASS,200,14.37,0.0
10.086,1,rawData\เขต 2 อ.เมืองฯ\เขตไร่น้อย\เขตไร่น้อย\หน่วยเลือกตั้งที่ 29\5ทับ18(บช).pdf,23796,retry,4266,PASS,200,10.086,0.0
4.383,1,rawData\เขต 2 อ.เมืองฯ\เขตไร่น้อย\เขตไร่น้อย\หน่วยเลือกตั้งที่ 29\5ทับ18.pdf,5685,initial,1735,PASS,200,4.383,0.0
4.996,1,rawData\เขต 2 อ.เมืองฯ\เขตไร่น้อย\เขตไร่น้อย\หน่วยเลือกตั้งที่ 29\5ทับ18.pdf,11699,retry,1732,PASS,200,4.996,0.0
16.696,1,rawData\เขต 2 อ.เมืองฯ\เขตไร่น้อย\เขตไร่น้อย\หน่วยเลือกตั้งที่ 3\5ทับ18(บช).pdf,9378,initial,7387,PASS,200,16.696,0.0
5.13,1,rawData\เขต 2 อ.เมืองฯ\เขตไร่น้อย\เขตไร่น้อย\หน่วยเลือกตั้งที่ 3\5ทับ18.pdf,5668,initial,1740,PASS,200,5.13,0.0
4.403,1,rawData\เขต 2 อ.เมืองฯ\เขตไร่น้อย\เขตไร่น้อย\หน่วยเลือกตั้งที่ 3\5ทับ18.pdf,9969,retry,1740,PASS,200,4.403,0.0
17.199,1,rawData\เขต 2 อ.เมืองฯ\เขตไร่น้อย\เขตไร่น้อย\หน่วยเลือกตั้งที่ 30\5ทับ18(บช).pdf,9082,initial,7299,PASS,200,17.199,0.0
17.692,1,rawData\เขต 2 อ.เมืองฯ\เขตไร่น้อย\เขตไร่น้อย\หน่วยเลือกตั้งที่ 30\5ทับ18(บช).pdf,33317,retry,7299,PASS,200,17.692,0.0
4.804,1,rawData\เขต 2 อ.เมืองฯ\เขตไร่น้อย\เขตไร่น้อย\หน่วยเลือกตั้งที่ 30\5ทับ18.pdf,5546,initial,1794,PASS,200,4.804,0.0
5.273,1,rawData\เขต 2 อ.เมืองฯ\เขตไร่น้อย\เขตไร่น้อย\หน่วยเลือกตั้งที่ 30\5ทับ18.pdf,9314,retry,1794,PASS,200,5.273,0.0
17.214,1,rawData\เขต 2 อ.เมืองฯ\เขตไร่น้อย\เขตไร่น้อย\หน่วยเลือกตั้งที่ 31\5ทับ18(บช).pdf,9142,initial,7358,PASS,200,17.214,0.0
4.878,1,rawData\เขต 2 อ.เมืองฯ\เขตไร่น้อย\เขตไร่น้อย\หน่วยเลือกตั้งที่ 31\5ทับ18.pdf,6043,initial,1690,PASS,200,4.878,0.0
15.229,1,rawData\เขต 2 อ.เมืองฯ\เขตไร่น้อย\เขตไร่น้อย\หน่วยเลือกตั้งที่ 32\5ทับ18(บช).pdf,9197,initial,7379,PASS,200,15.229,0.0
15.93,1,rawData\เขต 2 อ.เมืองฯ\เขตไร่น้อย\เขตไร่น้อย\หน่วยเลือกตั้งที่ 32\5ทับ18(บช).pdf,24016,retry,7370,PASS,200,15.93,0.0
3.69,1,rawData\เขต 2 อ.เมืองฯ\เขตไร่น้อย\เขตไร่น้อย\หน่วยเลือกตั้งที่ 32\5ทับ18.pdf,5830,initial,1662,PASS,200,3.69,0.0
16.018,1,rawData\เขต 2 อ.เมืองฯ\เขตไร่น้อย\เขตไร่น้อย\หน่วยเลือกตั้งที่ 33\5ทับ18(บช).pdf,9007,initial,7379,PASS,200,16.018,0.0
3.776,1,rawData\เขต 2 อ.เมืองฯ\เขตไร่น้อย\เขตไร่น้อย\หน่วยเลือกตั้งที่ 33\5ทับ18.pdf,5967,initial,1675,PASS,200,3.776,0.0
4.213,1,rawData\เขต 2 อ.เมืองฯ\เขตไร่น้อย\เขตไร่น้อย\หน่วยเลือกตั้งที่ 33\5ทับ18.pdf,10681,retry,1675,PASS,200,4.213,0.0
14.563,1,rawData\เขต 2 อ.เมืองฯ\เขตไร่น้อย\เขตไร่น้อย\หน่วยเลือกตั้งที่ 34\5ทับ18(บช).pdf,8951,initial,7365,PASS,200,14.563,0.0
12.428,1,rawData\เขต 2 อ.เมืองฯ\เขตไร่น้อย\เขตไร่น้อย\หน่วยเลือกตั้งที่ 34\5ทับ18(บช).pdf,24276,retry,5036,PASS,200,12.428,0.0
4.609,1,rawData\เขต 2 อ.เมืองฯ\เขตไร่น้อย\เขตไร่น้อย\หน่วยเลือกตั้งที่ 34\5ทับ18.pdf,5742,initial,1720,PASS,200,4.609,0.0
16.982,1,rawData\เขต 2 อ.เมืองฯ\เขตไร่น้อย\เขตไร่น้อย\หน่วยเลือกตั้งที่ 35\5ทับ18(บช).pdf,8953,initial,7381,PASS,200,16.982,0.0
17.73,1,rawData\เขต 2 อ.เมืองฯ\เขตไร่น้อย\เขตไร่น้อย\หน่วยเลือกตั้งที่ 35\5ทับ18(บช).pdf,24563,retry,7377,PASS,200,17.73,0.0
3.717,1,rawData\เขต 2 อ.เมืองฯ\เขตไร่น้อย\เขตไร่น้อย\หน่วยเลือกตั้งที่ 35\5ทับ18.pdf,5681,initial,1689,PASS,200,3.717,0.0
3.223,1,rawData\เขต 2 อ.เมืองฯ\เขตไร่น้อย\เขตไร่น้อย\หน่วยเลือกตั้งที่ 36\5ทับ18(บช).pdf,5818,initial,1532,PASS,200,3.223,0.0
3.771,1,rawData\เขต 2 อ.เมืองฯ\เขตไร่น้อย\เขตไร่น้อย\หน่วยเลือกตั้งที่ 36\5ทับ18.pdf,5858,initial,1693,PASS,200,3.771,0.0
11.673,1,rawData\เขต 2 อ.เมืองฯ\เขตไร่น้อย\เขตไร่น้อย\หน่วยเลือกตั้งที่ 37\5ทับ18(บช).pdf,5666,initial,6026,PASS,200,11.673,0.0
5.798,1,rawData\เขต 2 อ.เมืองฯ\เขตไร่น้อย\เขตไร่น้อย\หน่วยเลือกตั้งที่ 37\5ทับ18.pdf,5759,initial,1700,PASS,200,5.798,0.0
4.051,1,rawData\เขต 2 อ.เมืองฯ\เขตไร่น้อย\เขตไร่น้อย\หน่วยเลือกตั้งที่ 37\5ทับ18.pdf,9451,retry,1700,PASS,200,4.051,0.0
6.52,1,rawData\เขต 2 อ.เมืองฯ\เขตไร่น้อย\เขตไร่น้อย\หน่วยเลือกตั้งที่ 38\5ทับ18(บช).pdf,8440,initial,3167,PASS,200,6.52,0.0
6.984,1,rawData\เขต 2 อ.เมืองฯ\เขตไร่น้อย\เขตไร่น้อย\หน่วยเลือกตั้งที่ 38\5ทับ18(บช).pdf,15057,retry,3167,PASS,200,6.984,0.0
3.944,1,rawData\เขต 2 อ.เมืองฯ\เขตไร่น้อย\เขตไร่น้อย\หน่วยเลือกตั้งที่ 38\5ทับ18.pdf,5662,initial,1727,PASS,200,3.944,0.0
17.962,1,rawData\เขต 2 อ.เมืองฯ\เขตไร่น้อย\เขตไร่น้อย\หน่วยเลือกตั้งที่ 39\5ทับ18(บช).pdf,9065,initial,7368,PASS,200,17.962,0.0
4.455,1,rawData\เขต 2 อ.เมืองฯ\เขตไร่น้อย\เขตไร่น้อย\หน่วยเลือกตั้งที่ 39\5ทับ18.pdf,5689,initial,1738,PASS,200,4.455,0.0
5.03,1,rawData\เขต 2 อ.เมืองฯ\เขตไร่น้อย\เขตไร่น้อย\หน่วยเลือกตั้งที่ 39\5ทับ18.pdf,11722,retry,1732,PASS,200,5.03,0.0
8.265,1,rawData\เขต 2 อ.เมืองฯ\เขตไร่น้อย\เขตไร่น้อย\หน่วยเลือกตั้งที่ 4\5ทับ18(บช).pdf,7660,initial,4406,PASS,200,8.265,0.0
9.191,1,rawData\เขต 2 อ.เมืองฯ\เขตไร่น้อย\เขตไร่น้อย\หน่วยเลือกตั้งที่ 4\5ทับ18(บช).pdf,17398,retry,4360,PASS,200,9.191,0.0
4.23,1,rawData\เขต 2 อ.เมืองฯ\เขตไร่น้อย\เขตไร่น้อย\หน่วยเลือกตั้งที่ 4\5ทับ18.pdf,5832,initial,1747,PASS,200,4.23,0.0
4.039,1,rawData\เขต 2 อ.เมืองฯ\เขตไร่น้อย\เขตไร่น้อย\หน่วยเลือกตั้งที่ 4\5ทับ18.pdf,9701,retry,1747,PASS,200,4.039,0.0
15.623,1,rawData\เขต 2 อ.เมืองฯ\เขตไร่น้อย\เขตไร่น้อย\หน่วยเลือกตั้งที่ 41\5ทับ18(บช).pdf,9062,initial,7389,PASS,200,15.623,0.0
3.984,1,rawData\เขต 2 อ.เมืองฯ\เขตไร่น้อย\เขตไร่น้อย\หน่วยเลือกตั้งที่ 41\5ทับ18.pdf,5747,initial,1736,PASS,200,3.984,0.0
4.54,1,rawData\เขต 2 อ.เมืองฯ\เขตไร่น้อย\เขตไร่น้อย\หน่วยเลือกตั้งที่ 41\5ทับ18.pdf,9420,retry,1736,PASS,200,4.54,0.0
15.721,1,rawData\เขต 2 อ.เมืองฯ\เขตไร่น้อย\เขตไร่น้อย\หน่วยเลือกตั้งที่ 42\5ทับ18(บช).pdf,9156,initial,7387,PASS,200,15.721,0.0
15.599,1,rawData\เขต 2 อ.เมืองฯ\เขตไร่น้อย\เขตไร่น้อย\หน่วยเลือกตั้งที่ 42\5ทับ18(บช).pdf,24657,retry,7375,PASS,200,15.599,0.0
4.333,1,rawData\เขต 2 อ.เมืองฯ\เขตไร่น้อย\เขตไร่น้อย\หน่วยเลือกตั้งที่ 42\5ทับ18.pdf,5805,initial,1711,PASS,200,4.333,0.0
4.75,1,rawData\เขต 2 อ.เมืองฯ\เขตไร่น้อย\เขตไร่น้อย\หน่วยเลือกตั้งที่ 42\5ทับ18.pdf,10095,retry,1711,PASS,200,4.75,0.0
18.09,1,rawData\เขต 2 อ.เมืองฯ\เขตไร่น้อย\เขตไร่น้อย\หน่วยเลือกตั้งที่ 43\5ทับ18(บช).pdf,8947,initial,7369,PASS,200,18.09,0.0
3.965,1,rawData\เขต 2 อ.เมืองฯ\เขตไร่น้อย\เขตไร่น้อย\หน่วยเลือกตั้งที่ 43\5ทับ18.pdf,5614,initial,1727,PASS,200,3.965,0.0
15.772,1,rawData\เขต 2 อ.เมืองฯ\เขตไร่น้อย\เขตไร่น้อย\หน่วยเลือกตั้งที่ 44\5ทับ18(บช).pdf,10020,initial,7364,PASS,200,15.772,0.0
16.851,1,rawData\เขต 2 อ.เมืองฯ\เขตไร่น้อย\เขตไร่น้อย\หน่วยเลือกตั้งที่ 44\5ทับ18(บช).pdf,27584,retry,7365,PASS,200,16.851,0.0
4.558,1,rawData\เขต 2 อ.เมืองฯ\เขตไร่น้อย\เขตไร่น้อย\หน่วยเลือกตั้งที่ 44\5ทับ18.pdf,6172,initial,1725,PASS,200,4.558,0.0
15.159,1,rawData\เขต 2 อ.เมืองฯ\เขตไร่น้อย\เขตไร่น้อย\หน่วยเลือกตั้งที่ 45\5ทับ18(บช).pdf,9230,initial,7307,PASS,200,15.159,0.0
3.943,1,rawData\เขต 2 อ.เมืองฯ\เขตไร่น้อย\เขตไร่น้อย\หน่วยเลือกตั้งที่ 45\5ทับ18.pdf,5817,initial,1739,PASS,200,3.943,0.0
17.627,1,rawData\เขต 2 อ.เมืองฯ\เขตไร่น้อย\เขตไร่น้อย\หน่วยเลือกตั้งที่ 5\5ทับ18(บช).pdf,9015,initial,7361,PASS,200,17.627,0.0
5.208,1,rawData\เขต 2 อ.เมืองฯ\เขตไร่น้อย\เขตไร่น้อย\หน่วยเลือกตั้งที่ 5\5ทับ18.pdf,5642,initial,1720,PASS,200,5.208,0.0
13.897,1,rawData\เขต 2 อ.เมืองฯ\เขตไร่น้อย\เขตไร่น้อย\หน่วยเลือกตั้งที่ 6\5ทับ18(บช).pdf,9805,initial,8120,PASS,200,13.897,0.0
8.585,1,rawData\เขต 2 อ.เมืองฯ\เขตไร่น้อย\เขตไร่น้อย\หน่วยเลือกตั้งที่ 6\5ทับ18(บช).pdf,26099,retry,5198,PASS,200,8.585,0.0
6.243,1,rawData\เขต 2 อ.เมืองฯ\เขตไร่น้อย\เขตไร่น้อย\หน่วยเลือกตั้งที่ 6\5ทับ18.pdf,5538,initial,1735,PASS,200,6.243,0.0
4.202,1,rawData\เขต 2 อ.เมืองฯ\เขตไร่น้อย\เขตไร่น้อย\หน่วยเลือกตั้งที่ 6\5ทับ18.pdf,10947,retry,1735,PASS,200,4.202,0.0
15.615,1,rawData\เขต 2 อ.เมืองฯ\เขตไร่น้อย\เขตไร่น้อย\หน่วยเลือกตั้งที่ 7\5ทับ18(บช).pdf,9383,initial,7385,PASS,200,15.615,0.0
16.451,1,rawData\เขต 2 อ.เมืองฯ\เขตไร่น้อย\เขตไร่น้อย\หน่วยเลือกตั้งที่ 7\5ทับ18(บช).pdf,25299,retry,7383,PASS,200,16.451,0.0
4.073,1,rawData\เขต 2 อ.เมืองฯ\เขตไร่น้อย\เขตไร่น้อย\หน่วยเลือกตั้งที่ 7\5ทับ18.pdf,5860,initial,1721,PASS,200,4.073,0.0
8.705,1,rawData\เขต 2 อ.เมืองฯ\เขตไร่น้อย\เขตไร่น้อย\หน่วยเลือกตั้งที่ 8\5ทับ18(บช).pdf,7577,initial,4382,PASS,200,8.705,0.0
4.351,1,rawData\เขต 2 อ.เมืองฯ\เขตไร่น้อย\เขตไร่น้อย\หน่วยเลือกตั้งที่ 8\5ทับ18.pdf,5749,initial,1750,PASS,200,4.351,0.0
4.223,1,rawData\เขต 2 อ.เมืองฯ\เขตไร่น้อย\เขตไร่น้อย\หน่วยเลือกตั้งที่ 8\5ทับ18.pdf,9453,retry,1750,PASS,200,4.223,0.0
14.74,1,rawData\เขต 2 อ.เมืองฯ\เขตไร่น้อย\เขตไร่น้อย\หน่วยเลือกตั้งที่ 9\5ทับ18(บช).pdf,9107,initial,7396,PASS,200,14.74,0.0
9.809,1,rawData\เขต 2 อ.เมืองฯ\เขตไร่น้อย\เขตไร่น้อย\หน่วยเลือกตั้งที่ 9\5ทับ18(บช).pdf,24677,retry,4480,PASS,200,9.809,0.0
4.277,1,rawData\เขต 2 อ.เมืองฯ\เขตไร่น้อย\เขตไร่น้อย\หน่วยเลือกตั้งที่ 9\5ทับ18.pdf,5768,initial,1743,PASS,200,4.277,0.0
15.999,1,rawData\เขต 2 อ.เมืองฯ\เขตไร่น้อย\เขตไร่น้อย\หน่วยเลือกตั้งที่ิ 40\5ทับ18(บช).pdf,8974,initial,7263,PASS,200,15.999,0.0
15.519,1,rawData\เขต 2 อ.เมืองฯ\เขตไร่น้อย\เขตไร่น้อย\หน่วยเลือกตั้งที่ิ 40\5ทับ18(บช).pdf,25001,retry,7264,PASS,200,15.519,0.0
3.929,1,rawData\เขต 2 อ.เมืองฯ\เขตไร่น้อย\เขตไร่น้อย\หน่วยเลือกตั้งที่ิ 40\5ทับ18.pdf,5846,initial,1734,PASS,200,3.929,0.0
9.415,1,rawData\อำเภอเขื่องใน\ตำบลกลางใหญ่\หน่วยเลือกตั้งที่ 10\5ทับ18(บช).pdf,11956,correction,4246,PASS,200,9.415,0.0
4.209,1,rawData\อำเภอเขื่องใน\ตำบลกลางใหญ่\หน่วยเลือกตั้งที่ 10\5ทับ18.pdf,7669,correction,1264,PASS,200,4.209,0.0
11.799,1,rawData\อำเภอเขื่องใน\ตำบลกลางใหญ่\หน่วยเลือกตั้งที่ 2\5ทับ18(บช).pdf,11699,correction,4873,PASS,200,11.799,0.0
3.438,1,rawData\อำเภอเขื่องใน\ตำบลกลางใหญ่\หน่วยเลือกตั้งที่ 3\5ทับ18.pdf,8870,correction,1280,PASS,200,3.438,0.0
13.374,1,rawData\อำเภอเขื่องใน\ตำบลกลางใหญ่\หน่วยเลือกตั้งที่ 4\5ทับ18(บช).pdf,12901,correction,5338,PASS,200,13.374,0.0
9.112,1,rawData\อำเภอเขื่องใน\ตำบลกลางใหญ่\หน่วยเลือกตั้งที่ 5\5ทับ18(บช).pdf,11301,correction,3026,PASS,200,9.112,0.0
7.022,1,rawData\อำเภอเขื่องใน\ตำบลกลางใหญ่\หน่วยเลือกตั้งที่ 7\5ทับ18(บช).pdf,10312,correction,3000,PASS,200,7.022,0.0
3.786,1,rawData\อำเภอเขื่องใน\ตำบลกลางใหญ่\หน่วยเลือกตั้งที่ 7\5ทับ18.pdf,8865,correction,1284,PASS,200,3.786,0.0
13.597,1,rawData\อำเภอเขื่องใน\ตำบลกลางใหญ่\หน่วยเลือกตั้งที่ 8\5ทับ18(บช).pdf,11320,correction,5060,PASS,200,13.597,0.0
12.182,1,rawData\อำเภอเขื่องใน\ตำบลกลางใหญ่\หน่วยเลือกตั้งที่ 9\5ทับ18(บช).pdf,11824,correction,5058,PASS,200,12.182,0.0
3.736,1,rawData\อำเภอเขื่องใน\ตำบลกลางใหญ่\หน่วยเลือกตั้งที่ 9\5ทับ18.pdf,14157,correction,1274,PASS,200,3.736,0.0
8.142,1,rawData\อำเภอเขื่องใน\ตำบลก่อเอ้\หน่วยเลือกตั้งที่ 10\5 ทับ 18 (บช).pdf,10348,correction,3022,PASS,200,8.142,0.0
4.584,1,rawData\อำเภอเขื่องใน\ตำบลก่อเอ้\หน่วยเลือกตั้งที่ 10\5 ทับ 18.pdf,8577,correction,1288,PASS,200,4.584,0.0
13.038,1,rawData\อำเภอเขื่องใน\ตำบลก่อเอ้\หน่วยเลือกตั้งที่ 11\5 ทับ 18 (บช).pdf,11986,correction,5083,PASS,200,13.038,0.0
4.016,1,rawData\อำเภอเขื่องใน\ตำบลก่อเอ้\หน่วยเลือกตั้งที่ 11\5 ทับ 18.pdf,8577,correction,1288,PASS,200,4.016,0.0
13.007,1,rawData\อำเภอเขื่องใน\ตำบลก่อเอ้\หน่วยเลือกตั้งที่ 12\5 ทับ 18 (บช).pdf,12369,correction,4948,PASS,200,13.007,0.0
7.401,1,rawData\อำเภอเขื่องใน\ตำบลก่อเอ้\หน่วยเลือกตั้งที่ 2\5 ทับ 18 (บช).pdf,10945,correction,2934,PASS,200,7.401,0.0
14.758,1,rawData\อำเภอเขื่องใน\ตำบลก่อเอ้\หน่วยเลือกตั้งที่ 3\5 ทับ 18 (บช).pdf,11548,correction,5084,PASS,200,14.758,0.0
12.322,1,rawData\อำเภอเขื่องใน\ตำบลก่อเอ้\หน่วยเลือกตั้งที่ 4\5 ทับ 18 (บช).pdf,10430,correction,5321,PASS,200,12.322,0.0
8.245,1,rawData\อำเภอเขื่องใน\ตำบลก่อเอ้\หน่วยเลือกตั้งที่ 5\5 ทับ 18 (บช).pdf,10115,correction,2934,PASS,200,8.245,0.0
3.94,1,rawData\อำเภอเขื่องใน\ตำบลก่อเอ้\หน่วยเลือกตั้งที่ 5\5 ทับ 18.pdf,8630,correction,1275,PASS,200,3.94,0.0
13.083,1,rawData\อำเภอเขื่องใน\ตำบลก่อเอ้\หน่วยเลือกตั้งที่ 6\5 ทับ 18 (บช).pdf,11876,correction,4977,PASS,200,13.083,0.0
3.345,1,rawData\อำเภอเขื่องใน\ตำบลก่อเอ้\หน่วยเลือกตั้งที่ 6\5 ทับ 18.pdf,8441,correction,1284,PASS,200,3.345,0.0
11.483,1,rawData\อำเภอเขื่องใน\ตำบลก่อเอ้\หน่วยเลือกตั้งที่ 7\5 ทับ 18 (บช).pdf,12597,correction,4759,PASS,200,11.483,0.0
3.329,1,rawData\อำเภอเขื่องใน\ตำบลก่อเอ้\หน่วยเลือกตั้งที่ 7\5 ทับ18.pdf,10140,correction,1267,PASS,200,3.329,0.0
6.812,1,rawData\อำเภอเขื่องใน\ตำบลก่อเอ้\หน่วยเลือกตั้งที่ 8\5 ทับ 18 (บช).pdf,10235,correction,2746,PASS,200,6.812,0.0
4.225,1,rawData\อำเภอเขื่องใน\ตำบลก่อเอ้\หน่วยเลือกตั้งที่ 8\5 ทับ 18.pdf,8630,correction,1275,PASS,200,4.225,0.0
8.707,1,rawData\อำเภอเขื่องใน\ตำบลก่อเอ้\หน่วยเลือกตั้งที่ 9\5 ทับ 18 (บช).pdf,11828,correction,4462,PASS,200,8.707,0.0
3.624,1,rawData\อำเภอเขื่องใน\ตำบลก่อเอ้\หน่วยเลือกตั้งที่ 9\5 ทับ 18.pdf,8697,correction,1290,PASS,200,3.624,0.0
3.465,1,rawData\อำเภอเขื่องใน\ตำบลค้อทอง\หน่วยเลือกตั้งที่ 1\5ทับ18.pdf,8993,correction,1288,PASS,200,3.465,0.0
12.233,1,rawData\อำเภอเขื่องใน\ตำบลค้อทอง\หน่วยเลือกตั้งที่ 10\5 ทับ 18 (บช).pdf,12820,correction,5050,PASS,200,12.233,0.0
8.091,1,rawData\อำเภอเขื่องใน\ตำบลค้อทอง\หน่วยเลือกตั้งที่ 11\5 ทับ 18 (บช).pdf,10317,correction,3010,PASS,200,8.091,0.0
3.529,1,rawData\อำเภอเขื่องใน\ตำบลค้อทอง\หน่วยเลือกตั้งที่ 11\5 ทับ 18.pdf,8660,correction,1283,PASS,200,3.529,0.0
9.546,1,rawData\อำเภอเขื่องใน\ตำบลค้อทอง\หน่วยเลือกตั้งที่ 2\5ทับ18(บช).pdf,12191,correction,4492,PASS,200,9.546,0.0
12.801,1,rawData\อำเภอเขื่องใน\ตำบลค้อทอง\หน่วยเลือกตั้งที่ 3\5 ทับ 18 (บช).pdf,12434,correction,5064,PASS,200,12.801,0.0
7.926,1,rawData\อำเภอเขื่องใน\ตำบลค้อทอง\หน่วยเลือกตั้งที่ 4\5 ทับ 18 (บช).pdf,10188,correction,3187,PASS,200,7.926,0.0
3.371,1,rawData\อำเภอเขื่องใน\ตำบลค้อทอง\หน่วยเลือกตั้งที่ 4\5 ทับ 18.pdf,7426,correction,1120,PASS,200,3.371,0.0
12.881,1,rawData\อำเภอเขื่องใน\ตำบลค้อทอง\หน่วยเลือกตั้งที่ 5\5 ทับ 18 (บช).pdf,11428,correction,5058,PASS,200,12.881,0.0
7.271,1,rawData\อำเภอเขื่องใน\ตำบลค้อทอง\หน่วยเลือกตั้งที่ 7\5 ทับ 18 (บช).pdf,10560,correction,3005,PASS,200,7.271,0.0
12.034,1,rawData\อำเภอเขื่องใน\ตำบลค้อทอง\หน่วยเลือกตั้งที่ 9\5 ทับ 18 (บช).pdf,12996,correction,5047,PASS,200,12.034,0.0
3.26,1,rawData\อำเภอเขื่องใน\ตำบลค้อทอง\หน่วยเลือกตั้งที่ 9\5 ทับ 18.pdf,7663,correction,1194,PASS,200,3.26,0.0
7.258,1,rawData\อำเภอเขื่องใน\ตำบลชีทวน\หน่วยเลือกตั้งที่ 1\5ทับ18(บช).pdf,10370,correction,2910,PASS,200,7.258,0.0
7.224,1,rawData\อำเภอเขื่องใน\ตำบลชีทวน\หน่วยเลือกตั้งที่ 10\5ทับ18(บช).pdf,10227,correction,3013,PASS,200,7.224,0.0
14.967,1,rawData\อำเภอเขื่องใน\ตำบลชีทวน\หน่วยเลือกตั้งที่ 11\5ทับ18(บช).pdf,12472,correction,5079,PASS,200,14.967,0.0
6.52,1,rawData\อำเภอเขื่องใน\ตำบลชีทวน\หน่วยเลือกตั้งที่ 2\5ทับ18(บช).pdf,9835,correction,2917,PASS,200,6.52,0.0
11.663,1,rawData\อำเภอเขื่องใน\ตำบลชีทวน\หน่วยเลือกตั้งที่ 3\5ทับ18(บช).pdf,12141,correction,5049,PASS,200,11.663,0.0
7.731,1,rawData\อำเภอเขื่องใน\ตำบลชีทวน\หน่วยเลือกตั้งที่ 4\5ทับ18(บช).pdf,9580,correction,3138,PASS,200,7.731,0.0
12.881,1,rawData\อำเภอเขื่องใน\ตำบลชีทวน\หน่วยเลือกตั้งที่ 5\5ทับ18(บช).pdf,12659,correction,5339,PASS,200,12.881,0.0
3.797,1,rawData\อำเภอเขื่องใน\ตำบลชีทวน\หน่วยเลือกตั้งที่ 5\5ทับ18.pdf,9221,correction,1301,PASS,200,3.797,0.0
7.499,1,rawData\อำเภอเขื่องใน\ตำบลชีทวน\หน่วยเลือกตั้งที่ 6\5ทับ18(บช).pdf,10726,correction,3191,PASS,200,7.499,0.0
3.458,1,rawData\อำเภอเขื่องใน\ตำบลชีทวน\หน่วยเลือกตั้งที่ 6\5ทับ18.pdf,8879,correction,1277,PASS,200,3.458,0.0
3.827,1,rawData\อำเภอเขื่องใน\ตำบลชีทวน\หน่วยเลือกตั้งที่ 7\5ทับ18.pdf,8827,correction,1270,PASS,200,3.827,0.0
9.259,1,rawData\อำเภอเขื่องใน\ตำบลชีทวน\หน่วยเลือกตั้งที่ 8\5ทับ18(บช).pdf,11622,correction,4445,PASS,200,9.259,0.0
12.911,1,rawData\อำเภอเขื่องใน\ตำบลชีทวน\หน่วยเลือกตั้งที่ 9\5ทับ18(บช).pdf,13253,correction,5045,PASS,200,12.911,0.0
3.293,1,rawData\อำเภอเขื่องใน\ตำบลท่าไห\หน่วยเลือกตั้งที่ 1\50ทับ18.pdf,8629,correction,1261,PASS,200,3.293,0.0
11.249,1,rawData\อำเภอเขื่องใน\ตำบลท่าไห\หน่วยเลือกตั้งที่ 1\5ทับ18(บช).pdf,11941,correction,4866,PASS,200,11.249,0.0
6.716,1,rawData\อำเภอเขื่องใน\ตำบลท่าไห\หน่วยเลือกตั้งที่ 10\5ทับ18(บช).pdf,9129,correction,2953,PASS,200,6.716,0.0
7.84,1,rawData\อำเภอเขื่องใน\ตำบลท่าไห\หน่วยเลือกตั้งที่ 12\5 ทับ 18 (บช).pdf,9932,correction,3007,PASS,200,7.84,0.0
11.087,1,rawData\อำเภอเขื่องใน\ตำบลท่าไห\หน่วยเลือกตั้งที่ 13\5 ทับ 18 (บช).pdf,11964,correction,4935,PASS,200,11.087,0.0
3.274,1,rawData\อำเภอเขื่องใน\ตำบลท่าไห\หน่วยเลือกตั้งที่ 13\5 ทับ 18.pdf,8885,correction,1277,PASS,200,3.274,0.0
11.165,1,rawData\อำเภอเขื่องใน\ตำบลท่าไห\หน่วยเลือกตั้งที่ 2\5ทับ18(บช).pdf,10781,correction,4929,PASS,200,11.165,0.0
4.612,1,rawData\อำเภอเขื่องใน\ตำบลท่าไห\หน่วยเลือกตั้งที่ 2\5ทับ18.pdf,8935,correction,1258,PASS,200,4.612,0.0
11.176,1,rawData\อำเภอเขื่องใน\ตำบลท่าไห\หน่วยเลือกตั้งที่ 4\5ทับ18(บช).pdf,12084,correction,4942,PASS,200,11.176,0.0
3.183,1,rawData\อำเภอเขื่องใน\ตำบลท่าไห\หน่วยเลือกตั้งที่ 4\5ทับ18.pdf,8727,correction,1223,PASS,200,3.183,0.0
5.226,1,rawData\อำเภอเขื่องใน\ตำบลท่าไห\หน่วยเลือกตั้งที่ 6\5ทับ18(บช).pdf,14153,correction,1989,PASS,200,5.226,0.0
3.386,1,rawData\อำเภอเขื่องใน\ตำบลท่าไห\หน่วยเลือกตั้งที่ 6\5ทับ18.pdf,8586,correction,1280,PASS,200,3.386,0.0
9.15,1,rawData\อำเภอเขื่องใน\ตำบลท่าไห\หน่วยเลือกตั้งที่ 7\5ทับ18(บช).pdf,12016,correction,4512,PASS,200,9.15,0.0
13.861,1,rawData\อำเภอเขื่องใน\ตำบลท่าไห\หน่วยเลือกตั้งที่ 8\5ทับ18(บช).pdf,11705,correction,5287,PASS,200,13.861,0.0
14.075,1,rawData\อำเภอเขื่องใน\ตำบลธาตุน้อย\หน่วยเลือกตั้งที่ 1\5ทับ18(บช).pdf,11976,correction,5061,PASS,200,14.075,0.0
6.579,1,rawData\อำเภอเขื่องใน\ตำบลธาตุน้อย\หน่วยเลือกตั้งที่ 2\5ทับ18(บช).pdf,10657,correction,2924,PASS,200,6.579,0.0
3.222,1,rawData\อำเภอเขื่องใน\ตำบลธาตุน้อย\หน่วยเลือกตั้งที่ 2\5ทับ18.pdf,9005,correction,1180,PASS,200,3.222,0.0
6.982,1,rawData\อำเภอเขื่องใน\ตำบลธาตุน้อย\หน่วยเลือกตั้งที่ 3\5ทับ18(บช).pdf,10276,correction,2955,PASS,200,6.982,0.0
11.222,1,rawData\อำเภอเขื่องใน\ตำบลธาตุน้อย\หน่วยเลือกตั้งที่ 4\5ทับ18(บช).pdf,11981,correction,4687,PASS,200,11.222,0.0
14.157,1,rawData\อำเภอเขื่องใน\ตำบลธาตุน้อย\หน่วยเลือกตั้งที่ 5\5ทับ18(บช).pdf,12680,correction,5067,PASS,200,14.157,0.0
4.184,1,rawData\อำเภอเขื่องใน\ตำบลธาตุน้อย\หน่วยเลือกตั้งที่ 5\5ทับ18.pdf,9095,correction,1369,PASS,200,4.184,0.0
8.115,1,rawData\อำเภอเขื่องใน\ตำบลธาตุน้อย\หน่วยเลือกตั้งที่ 6\5ทับ18(บช).pdf,9125,correction,3003,PASS,200,8.115,0.0
7.711,1,rawData\อำเภอเขื่องใน\ตำบลธาตุน้อย\หน่วยเลือกตั้งที่ 7\5ทับ18(บช).pdf,11609,correction,3003,PASS,200,7.711,0.0
12.22,1,rawData\อำเภอเขื่องใน\ตำบลธาตุน้อย\หน่วยเลือกตั้งที่ 8\5ทับ18(บช).pdf,12503,correction,5095,PASS,200,12.22,0.0
7.172,1,rawData\อำเภอเขื่องใน\ตำบลธาตุน้อย\หน่วยเลือกตั้งที่ 9\5ทับ18(บช).pdf,9445,correction,3009,PASS,200,7.172,0.0
13.778,1,rawData\อำเภอเขื่องใน\ตำบลนาคำใหญ่\หน่วยเลือกตั้งที่ 1\5 ทับ 18 (บช).pdf,12641,correction,5065,PASS,200,13.778,0.0
12.386,1,rawData\อำเภอเขื่องใน\ตำบลนาคำใหญ่\หน่วยเลือกตั้งที่ 2\5 ทับ 18 (บช).pdf,12556,correction,4876,PASS,200,12.386,0.0
3.536,1,rawData\อำเภอเขื่องใน\ตำบลนาคำใหญ่\หน่วยเลือกตั้งที่ 2\5 ทับ 18.pdf,7776,correction,1271,PASS,200,3.536,0.0
13.366,1,rawData\อำเภอเขื่องใน\ตำบลนาคำใหญ่\หน่วยเลือกตั้งที่ 4\5ทับ18(บช).pdf,13440,correction,4839,PASS,200,13.366,0.0
10.201,1,rawData\อำเภอเขื่องใน\ตำบลนาคำใหญ่\หน่วยเลือกตั้งที่ 6\5ทับ18(บช).pdf,10342,correction,2995,PASS,200,10.201,0.0
7.574,1,rawData\อำเภอเขื่องใน\ตำบลนาคำใหญ่\หน่วยเลือกตั้งที่ 7\5ทับ18(บช).pdf,9669,correction,2920,PASS,200,7.574,0.0
5.19,1,rawData\อำเภอเขื่องใน\ตำบลนาคำใหญ่\หน่วยเลือกตั้งที่ 7\5ทับ18.pdf,8921,correction,1289,PASS,200,5.19,0.0
12.57,1,rawData\อำเภอเขื่องใน\ตำบลนาคำใหญ่\หน่วยเลือกตั้งที่ 8\5ทับ18(บช).pdf,11038,correction,5036,PASS,200,12.57,0.0
11.269,1,rawData\อำเภอเขื่องใน\ตำบลบ้านกอก\หน่วยเลือกตั้งที่ 1\5ทับ18(บช).pdf,14154,correction,4884,PASS,200,11.269,0.0
15.267,1,rawData\อำเภอเขื่องใน\ตำบลบ้านกอก\หน่วยเลือกตั้งที่ 2\5ทับ18(บช).pdf,12418,correction,5094,PASS,200,15.267,0.0
7.131,1,rawData\อำเภอเขื่องใน\ตำบลบ้านกอก\หน่วยเลือกตั้งที่ 4\5ทับ18(บช).pdf,10249,correction,2969,PASS,200,7.131,0.0
8.738,1,rawData\อำเภอเขื่องใน\ตำบลบ้านไทย\หน่วยเลือกตั้งที่ 1\5ทับ18(บช).pdf,9479,correction,3020,PASS,200,8.738,0.0
11.729,1,rawData\อำเภอเขื่องใน\ตำบลบ้านไทย\หน่วยเลือกตั้งที่ 10\5ทับ18(บช).pdf,10939,correction,4854,PASS,200,11.729,0.0
3.817,1,rawData\อำเภอเขื่องใน\ตำบลบ้านไทย\หน่วยเลือกตั้งที่ 10\5ทับ18.pdf,8926,correction,1276,PASS,200,3.817,0.0
13.063,1,rawData\อำเภอเขื่องใน\ตำบลบ้านไทย\หน่วยเลือกตั้งที่ 11\5ทับ18(บช).pdf,12233,correction,5060,PASS,200,13.063,0.0
4.213,1,rawData\อำเภอเขื่องใน\ตำบลบ้านไทย\หน่วยเลือกตั้งที่ 2\5 ทับ18.pdf,8793,correction,1279,PASS,200,4.213,0.0
8.992,1,rawData\อำเภอเขื่องใน\ตำบลบ้านไทย\หน่วยเลือกตั้งที่ 3\5ทับ18(บช).pdf,11507,correction,4476,PASS,200,8.992,0.0
8.37,1,rawData\อำเภอเขื่องใน\ตำบลบ้านไทย\หน่วยเลือกตั้งที่ 4\5ทับ18(บช).pdf,9362,correction,3000,PASS,200,8.37,0.0
12.338,1,rawData\อำเภอเขื่องใน\ตำบลบ้านไทย\หน่วยเลือกตั้งที่ 5\5ทับ18(บช).pdf,12385,correction,5064,PASS,200,12.338,0.0
8.029,1,rawData\อำเภอเขื่องใน\ตำบลบ้านไทย\หน่วยเลือกตั้งที่ 6\5ทับ18(บช).pdf,10546,correction,2954,PASS,200,8.029,0.0
4.394,1,rawData\อำเภอเขื่องใน\ตำบลบ้านไทย\หน่วยเลือกตั้งที่ 6\5ทับ18.pdf,8575,correction,1258,PASS,200,4.394,0.0
10.423,1,rawData\อำเภอเขื่องใน\ตำบลบ้านไทย\หน่วยเลือกตั้งที่ 7\5ทับ18(บช).pdf,14153,correction,4136,PASS,200,10.423,0.0
12.251,1,rawData\อำเภอเขื่องใน\ตำบลบ้านไทย\หน่วยเลือกตั้งที่ 8\5ทับ18(บช).pdf,11880,correction,4947,PASS,200,12.251,0.0
7.435,1,rawData\อำเภอเขื่องใน\ตำบลบ้านไทย\หน่วยเลือกตั้งที่ 9\5ทับ18(บช).pdf,10367,correction,2975,PASS,200,7.435,0.0
13.285,1,rawData\อำเภอเขื่องใน\ตำบลยางขี้นก\หน่วยเลือกตั้งที่ 1\5ทับ18(บช).pdf,11495,correction,5145,PASS,200,13.285,0.0
9.19,1,rawData\อำเภอเขื่องใน\ตำบลยางขี้นก\หน่วยเลือกตั้งที่ 10\5ทับ18(บช).pdf,11732,correction,4455,PASS,200,9.191,0.0
16.563,1,rawData\อำเภอเขื่องใน\ตำบลยางขี้นก\หน่วยเลือกตั้งที่ 2\5ทับ18(บช).pdf,13582,correction,5230,PASS,200,16.563,0.0
4.77,1,rawData\อำเภอเขื่องใน\ตำบลยางขี้นก\หน่วยเลือกตั้งที่ 2\5ทับ18.pdf,9059,correction,1261,PASS,200,4.77,0.0
12.291,1,rawData\อำเภอเขื่องใน\ตำบลยางขี้นก\หน่วยเลือกตั้งที่ 3\5ทับ18(บช).pdf,11990,correction,5061,PASS,200,12.291,0.0
8.082,1,rawData\อำเภอเขื่องใน\ตำบลยางขี้นก\หน่วยเลือกตั้งที่ 4\5ทับ18(บช).pdf,10303,correction,3013,PASS,200,8.082,0.0
3.305,1,rawData\อำเภอเขื่องใน\ตำบลยางขี้นก\หน่วยเลือกตั้งที่ 4\5ทับ18.pdf,8544,correction,1067,PASS,200,3.305,0.0
7.865,1,rawData\อำเภอเขื่องใน\ตำบลยางขี้นก\หน่วยเลือกตั้งที่ 6\5ทับ18(บช).pdf,10361,correction,2934,PASS,200,7.865,0.0
4.837,1,rawData\อำเภอเขื่องใน\ตำบลยางขี้นก\หน่วยเลือกตั้งที่ 6\5ทับ18.pdf,8639,correction,1277,PASS,200,4.837,0.0
10.715,1,rawData\อำเภอเขื่องใน\ตำบลยางขี้นก\หน่วยเลือกตั้งที่ 7\5ทับ18(บช).pdf,11256,correction,4851,PASS,200,10.715,0.0
12.895,1,rawData\อำเภอเขื่องใน\ตำบลยางขี้นก\หน่วยเลือกตั้งที่ 8\5ทับ18(บช).pdf,11992,correction,4940,PASS,200,12.895,0.0
6.958,1,rawData\อำเภอเขื่องใน\ตำบลยางขี้นก\หน่วยเลือกตั้งที่ 9\5ทับ18 (บช).pdf,10437,correction,3000,PASS,200,6.958,0.0
8.34,1,rawData\อำเภอเขื่องใน\ตำบลศรีสุข\หน่วยเลือกตั้งที่ 3\5ทับ18(บช).pdf,10171,correction,3037,PASS,200,8.34,0.0
3.334,1,rawData\อำเภอเขื่องใน\ตำบลศรีสุข\หน่วยเลือกตั้งที่ 4\5ทับ18(บช).pdf,14154,correction,1069,PASS,200,3.334,0.0
14.075,1,rawData\อำเภอเขื่องใน\ตำบลศรีสุข\หน่วยเลือกตั้งที่ 5\5ทับ18(บช).pdf,11499,correction,5063,PASS,200,14.075,0.0
10.35,1,rawData\อำเภอเขื่องใน\ตำบลศรีสุข\หน่วยเลือกตั้งที่ 6\5ทับ18(บช).pdf,12976,correction,4465,PASS,200,10.35,0.0
3.632,1,rawData\อำเภอเขื่องใน\ตำบลศรีสุข\หน่วยเลือกตั้งที่ 6\5ทับ18.pdf,8782,correction,1275,PASS,200,3.632,0.0
8.365,1,rawData\อำเภอเขื่องใน\ตำบลศรีสุข\หน่วยเลือกตั้งที่ 7\5ทับ18(บช).pdf,11917,correction,4312,PASS,200,8.365,0.0
3.394,1,rawData\อำเภอเขื่องใน\ตำบลศรีสุข\หน่วยเลือกตั้งที่ 7\5ทับ18.pdf,8745,correction,1278,PASS,200,3.394,0.0
7.242,1,rawData\อำเภอเขื่องใน\ตำบลศรีสุข\หน่วยเลือกตั้งที่ 8\5ทับ18(บช).pdf,9426,correction,3017,PASS,200,7.242,0.0
14.202,1,rawData\อำเภอเขื่องใน\ตำบลสร้างถ่อ\หน่วยเลือกตั้งที่ 1\5ทับ18(บช).pdf,12609,correction,5068,PASS,200,14.202,0.0
11.101,1,rawData\อำเภอเขื่องใน\ตำบลสร้างถ่อ\หน่วยเลือกตั้งที่ 10\5ทับ18(บช).pdf,14153,correction,4805,PASS,200,11.101,0.0
3.402,1,rawData\อำเภอเขื่องใน\ตำบลสร้างถ่อ\หน่วยเลือกตั้งที่ 12\5ทับ18.pdf,8848,correction,1308,PASS,200,3.402,0.0
11.736,1,rawData\อำเภอเขื่องใน\ตำบลสร้างถ่อ\หน่วยเลือกตั้งที่ 13\5ทับ18(บช).pdf,12006,correction,5074,PASS,200,11.736,0.0
5.486,1,rawData\อำเภอเขื่องใน\ตำบลสร้างถ่อ\หน่วยเลือกตั้งที่ 14\5ทับ18(บช).pdf,12210,correction,2736,PASS,200,5.486,0.0
11.234,1,rawData\อำเภอเขื่องใน\ตำบลสร้างถ่อ\หน่วยเลือกตั้งที่ 15\5ทับ18(บช).pdf,12055,correction,4912,PASS,200,11.234,0.0
12.476,1,rawData\อำเภอเขื่องใน\ตำบลสร้างถ่อ\หน่วยเลือกตั้งที่ 16\5ทับ18(บช).pdf,12238,correction,5043,PASS,200,12.476,0.0
12.367,1,rawData\อำเภอเขื่องใน\ตำบลสร้างถ่อ\หน่วยเลือกตั้งที่ 17\5ทับ18(บช).pdf,11154,correction,5065,PASS,200,12.367,0.0
11.97,1,rawData\อำเภอเขื่องใน\ตำบลสร้างถ่อ\หน่วยเลือกตั้งที่ 2\5ทับ18(บช).pdf,14163,correction,5025,PASS,200,11.97,0.0
2.664,1,rawData\อำเภอเขื่องใน\ตำบลสร้างถ่อ\หน่วยเลือกตั้งที่ 4\5ทับ18(บช).pdf,7324,correction,1056,PASS,200,2.664,0.0
8.306,1,rawData\อำเภอเขื่องใน\ตำบลสร้างถ่อ\หน่วยเลือกตั้งที่ 6\5ทับ18(บช).pdf,9422,correction,2955,PASS,200,8.306,0.0
3.407,1,rawData\อำเภอเขื่องใน\ตำบลสร้างถ่อ\หน่วยเลือกตั้งที่ 6\5ทับ18.pdf,8880,correction,1286,PASS,200,3.407,0.0
10.31,1,rawData\อำเภอเขื่องใน\ตำบลสร้างถ่อ\หน่วยเลือกตั้งที่ 7\5ทับ18(บช).pdf,14154,correction,4218,PASS,200,10.31,0.0
11.071,1,rawData\อำเภอเขื่องใน\ตำบลสร้างถ่อ\หน่วยเลือกตั้งที่ 9\5ทับ18(บช).pdf,12665,correction,4917,PASS,200,11.071,0.0
12.394,1,rawData\อำเภอเขื่องใน\ตำบลสหธาตุ\หน่วยเลือกตั้งที่ 1\5ทับ18(บช).pdf,11922,correction,5041,PASS,200,12.394,0.0
2.776,1,rawData\อำเภอเขื่องใน\ตำบลสหธาตุ\หน่วยเลือกตั้งที่ 1\5ทับ18.pdf,8448,correction,1164,PASS,200,2.776,0.0
12.527,1,rawData\อำเภอเขื่องใน\ตำบลสหธาตุ\หน่วยเลือกตั้งที่ 2\5ทับ18(บช).pdf,12247,correction,5046,PASS,200,12.527,0.0
7.13,1,rawData\อำเภอเขื่องใน\ตำบลสหธาตุ\หน่วยเลือกตั้งที่ 3\5ทับ18(บช).pdf,10560,correction,3026,PASS,200,7.13,0.0
12.174,1,rawData\อำเภอเขื่องใน\ตำบลสหธาตุ\หน่วยเลือกตั้งที่ 4\5ทับ18(บช).pdf,13717,correction,5083,PASS,200,12.174,0.0
8.762,1,rawData\อำเภอเขื่องใน\ตำบลสหธาตุ\หน่วยเลือกตั้งที่ 5\5ทับ18(บช).pdf,12176,correction,4455,PASS,200,8.762,0.0
7.377,1,rawData\อำเภอเขื่องใน\ตำบลสหธาตุ\หน่วยเลือกตั้งที่ 6\5ทับ18(บช).pdf,10089,correction,2953,PASS,200,7.377,0.0
3.31,1,rawData\อำเภอเขื่องใน\ตำบลสหธาตุ\หน่วยเลือกตั้งที่ 6\5ทับ18.pdf,8615,correction,1209,PASS,200,3.31,0.0
12.951,1,rawData\อำเภอเขื่องใน\ตำบลสหธาตุ\หน่วยเลือกตั้งที่ 7\5ทับ18(บช).pdf,11780,correction,4953,PASS,200,12.951,0.0
3.628,1,rawData\อำเภอเขื่องใน\ตำบลสหธาตุ\หน่วยเลือกตั้งที่ 7\5ทับ18.pdf,8735,correction,1278,PASS,200,3.628,0.0
3.99,1,rawData\อำเภอเขื่องใน\ตำบลหนองเหล่า\หน่วยเลือกตั้งที่ 1\5ทับ18.pdf,8962,correction,1275,PASS,200,3.99,0.0
3.392,1,rawData\อำเภอเขื่องใน\ตำบลหนองเหล่า\หน่วยเลือกตั้งที่ 10\5ทับ18.pdf,8811,correction,1280,PASS,200,3.392,0.0
8.507,1,rawData\อำเภอเขื่องใน\ตำบลหนองเหล่า\หน่วยเลือกตั้งที่ 11\5ทับ18(บช).pdf,9642,correction,3039,PASS,200,8.507,0.0
3.443,1,rawData\อำเภอเขื่องใน\ตำบลหนองเหล่า\หน่วยเลือกตั้งที่ 11\5ทับ18.pdf,9097,correction,1336,PASS,200,3.443,0.0
12.482,1,rawData\อำเภอเขื่องใน\ตำบลหนองเหล่า\หน่วยเลือกตั้งที่ 5\5ทับ18(บช).pdf,11731,correction,5080,PASS,200,12.482,0.0
12.223,1,rawData\อำเภอเขื่องใน\ตำบลหนองเหล่า\หน่วยเลือกตั้งที่ 6\5ทับ18(บช).pdf,11928,correction,4932,PASS,200,12.223,0.0
12.314,1,rawData\อำเภอเขื่องใน\ตำบลหนองเหล่า\หน่วยเลือกตั้งที่ 7\5ทับ18(บช).pdf,12004,correction,5071,PASS,200,12.315,0.0
3.457,1,rawData\อำเภอเขื่องใน\ตำบลหนองเหล่า\หน่วยเลือกตั้งที่ 7\5ทับ18.pdf,8621,correction,1303,PASS,200,3.457,0.0
7.233,1,rawData\อำเภอเขื่องใน\ตำบลหนองเหล่า\หน่วยเลือกตั้งที่ 8\5ทับ18(บช).pdf,10131,correction,3062,PASS,200,7.233,0.0
7.486,1,rawData\อำเภอเขื่องใน\ตำบลหนองเหล่า\หน่วยเลือกตั้งที่ 9\5ทับ18(บช).pdf,10365,correction,3028,PASS,200,7.486,0.0
10.8,1,rawData\อำเภอเขื่องใน\ตำบลหัวดอน\หน่วยเลือกตั้งที่ 3\5 ทับ 18 (บช).pdf,12416,correction,4380,PASS,200,10.8,0.0
8.978,1,rawData\อำเภอเขื่องใน\ตำบลหัวดอน\หน่วยเลือกตั้งที่ 5\5 ทับ 18 (บช).pdf,10278,correction,3032,PASS,200,8.978,0.0
3.602,1,rawData\อำเภอเขื่องใน\ตำบลหัวดอน\หน่วยเลือกตั้งที่ 5\5 ทับ 18.pdf,9281,correction,1287,PASS,200,3.602,0.0
13.605,1,rawData\อำเภอเขื่องใน\ตำบลหัวดอน\หน่วยเลือกตั้งที่ 7\5ทับ18(บช).pdf,11827,correction,4940,PASS,200,13.605,0.0
14.331,1,rawData\อำเภอเขื่องใน\ตำบลหัวดอน\หน่วยเลือกตั้งที่ 8\5ทับ18(บช).pdf,11154,correction,5065,PASS,200,14.331,0.0
4.69,1,rawData\อำเภอเขื่องใน\ตำบลหัวดอน\หน่วยเลือกตั้งที่ 8\5ทับ18.pdf,7687,correction,1271,PASS,200,4.69,0.0
14.178,1,rawData\อำเภอเขื่องใน\ตำบลหัวดอน\หน่วยเลือกตั้งที่ 9\5ทับ18 (บช).pdf,12304,correction,5055,PASS,200,14.178,0.0
3.805,1,rawData\อำเภอเขื่องใน\ตำบลเขื่องใน\เขตตำบลเขื่องใน\หน่วยเลือกตั้งที่ 11\5ทับ18.pdf,8849,correction,1271,PASS,200,3.805,0.0
12.424,1,rawData\อำเภอเขื่องใน\ตำบลเขื่องใน\เขตตำบลเขื่องใน\หน่วยเลือกตั้งที่ 12\5ทับ18(บช).pdf,11653,correction,5065,PASS,200,12.424,0.0
12.045,1,rawData\อำเภอเขื่องใน\ตำบลเขื่องใน\เขตตำบลเขื่องใน\หน่วยเลือกตั้งที่ 13\5ทับ18(บช).pdf,11000,correction,4975,PASS,200,12.045,0.0
3.513,1,rawData\อำเภอเขื่องใน\ตำบลเขื่องใน\เขตตำบลเขื่องใน\หน่วยเลือกตั้งที่ 13\5ทับ18.pdf,8826,correction,1286,PASS,200,3.513,0.0
6.754,1,rawData\อำเภอเขื่องใน\ตำบลเขื่องใน\เขตตำบลเขื่องใน\หน่วยเลือกตั้งที่ 7\5ทับ18(บช).pdf,11007,correction,2993,PASS,200,6.754,0.0
8.615,1,rawData\อำเภอเขื่องใน\ตำบลเขื่องใน\เขตตำบลเขื่องใน\หน่วยเลือกตั้งที่ 9\5ทับ18(บช).pdf,14151,correction,4027,PASS,200,8.615,0.0
12.965,1,rawData\อำเภอเขื่องใน\ตำบลเขื่องใน\เขตเทศบาล และนอกเขต\หน่วยเลือกตั้งที่ 1 (เทศบาล)\5ทับ18(บช).pdf,12223,correction,5054,PASS,200,12.965,0.0
16.087,1,rawData\อำเภอเขื่องใน\ตำบลเขื่องใน\เขตเทศบาล และนอกเขต\หน่วยเลือกตั้งที่ 3 (เทศบาล)\5ทับ18(บช).pdf,12054,correction,5050,PASS,200,16.087,0.0
3.652,1,rawData\อำเภอเขื่องใน\ตำบลเขื่องใน\เขตเทศบาล และนอกเขต\หน่วยเลือกตั้งที่ 4 (เทศบาล)\5ทับ18.pdf,8738,correction,1272,PASS,200,3.652,0.0
7.213,1,rawData\อำเภอเขื่องใน\ตำบลเขื่องใน\เขตเทศบาล และนอกเขต\หน่วยเลือกตั้งที่ 5 (เทศบาล)\5ทับ18(บช).pdf,10022,correction,3024,PASS,200,7.213,0.0
8.839,1,rawData\อำเภอเขื่องใน\ตำบลเขื่องใน\เขตเทศบาล และนอกเขต\หน่วยเลือกตั้งที่ 6 (เทศบาล)\5ทับ18(บช).pdf,12202,correction,4463,PASS,200,8.839,0.0
3.683,1,rawData\อำเภอเขื่องใน\ตำบลเขื่องใน\เขตเทศบาล และนอกเขต\หน่วยเลือกตั้งที่ 8 (เทศบาล)\5ทับ18.pdf,7587,correction,1298,PASS,200,3.683,0.0
12.726,1,rawData\อำเภอเขื่องใน\ตำบลแดงหม้อ\หน่วยเลือกตั้งที่ 1\5ทับ18(บช).pdf,11902,correction,5057,PASS,200,12.726,0.0
10.434,1,rawData\อำเภอเขื่องใน\ตำบลแดงหม้อ\หน่วยเลือกตั้งที่ 2\5ทับ18(บช).pdf,12013,correction,4342,PASS,200,10.434,0.0
3.3,1,rawData\อำเภอเขื่องใน\ตำบลแดงหม้อ\หน่วยเลือกตั้งที่ 2\5ทับ18.pdf,8654,correction,1267,PASS,200,3.3,0.0
2.623,1,rawData\อำเภอเขื่องใน\ตำบลแดงหม้อ\หน่วยเลือกตั้งที่ 3\5ทับ18(บช).pdf,8558,correction,1057,PASS,200,2.623,0.0
4.906,1,rawData\อำเภอเขื่องใน\ตำบลแดงหม้อ\หน่วยเลือกตั้งที่ 5\5ทับ18(บช).pdf,11081,correction,2561,PASS,200,4.906,0.0
7.442,1,rawData\อำเภอเขื่องใน\ตำบลแดงหม้อ\หน่วยเลือกตั้งที่ 6\5ทับ18(บช).pdf,10221,correction,2995,PASS,200,7.442,0.0
9.672,1,rawData\อำเภอเขื่องใน\ตำบลโนนรัง\หน่วยเลือกตั้งที่ 1\5ทับ18(บช).pdf,10302,correction,3025,PASS,200,9.672,0.0
13.829,1,rawData\อำเภอเขื่องใน\ตำบลโนนรัง\หน่วยเลือกตั้งที่ 2\5ทับ18(บช).pdf,11610,correction,5074,PASS,200,13.829,0.0
7.893,1,rawData\อำเภอเขื่องใน\ตำบลโนนรัง\หน่วยเลือกตั้งที่ 3\5ทับ18(บช).pdf,9926,correction,3019,PASS,200,7.893,0.0
7.353,1,rawData\อำเภอเขื่องใน\ตำบลโนนรัง\หน่วยเลือกตั้งที่ 4\5ทับ18(บช).pdf,9424,correction,3028,PASS,200,7.353,0.0
8.262,1,rawData\อำเภอเขื่องใน\ตำบลโนนรัง\หน่วยเลือกตั้งที่ 5\5ทับ18(บช).pdf,10225,correction,2959,PASS,200,8.262,0.0
4.384,1,rawData\อำเภอเขื่องใน\ตำบลโนนรัง\หน่วยเลือกตั้งที่ 5\5ทับ18.pdf,7793,correction,1258,PASS,200,4.384,0.0
12.071,1,rawData\อำเภอเขื่องใน\ตำบลโนนรัง\หน่วยเลือกตั้งที่ 6\5ทับ18(บช).pdf,11641,correction,4719,PASS,200,12.071,0.0
13.183,1,rawData\อำเภอเขื่องใน\ตำบลโนนรัง\หน่วยเลือกตั้งที่ 7\5ทับ18(บช).pdf,12402,correction,5059,PASS,200,13.184,0.0
3.641,1,rawData\อำเภอเขื่องใน\ตำบลโนนรัง\หน่วยเลือกตั้งที่ 7\5ทับ18.pdf,8511,correction,1292,PASS,200,3.641,0.0
12.732,1,rawData\เขต 2 อ.เมืองฯ\ตำบลขี้เหล็ก\ตำบลขี้เหล็ก\หน่วยเลือกตั้งที่ 10\5ทับ18(บช).pdf,11003,correction,5207,PASS,200,12.732,0.0
4.0,1,rawData\เขต 2 อ.เมืองฯ\ตำบลขี้เหล็ก\ตำบลขี้เหล็ก\หน่วยเลือกตั้งที่ 10\5ทับ18.pdf,8648,correction,1265,PASS,200,4.0,0.0
9.073,1,rawData\เขต 2 อ.เมืองฯ\ตำบลขี้เหล็ก\ตำบลขี้เหล็ก\หน่วยเลือกตั้งที่ 11\5ทับ18(บช).pdf,12153,correction,4523,PASS,200,9.073,0.0
15.06,1,rawData\เขต 2 อ.เมืองฯ\ตำบลขี้เหล็ก\ตำบลขี้เหล็ก\หน่วยเลือกตั้งที่ 2\5ทับ18(บช).pdf,11926,correction,5072,PASS,200,15.06,0.0
8.36,1,rawData\เขต 2 อ.เมืองฯ\ตำบลขี้เหล็ก\ตำบลขี้เหล็ก\หน่วยเลือกตั้งที่ 3\5ทับ18(บช).pdf,10076,correction,3088,PASS,200,8.36,0.0
7.21,1,rawData\เขต 2 อ.เมืองฯ\ตำบลขี้เหล็ก\ตำบลขี้เหล็ก\หน่วยเลือกตั้งที่ 4\5ทับ18(บช).pdf,10243,correction,3109,PASS,200,7.21,0.0
6.96,1,rawData\เขต 2 อ.เมืองฯ\ตำบลขี้เหล็ก\ตำบลขี้เหล็ก\หน่วยเลือกตั้งที่ 6\5ทับ18(บช).pdf,10078,correction,2977,PASS,200,6.96,0.0
13.116,1,rawData\เขต 2 อ.เมืองฯ\ตำบลขี้เหล็ก\ตำบลขี้เหล็ก\หน่วยเลือกตั้งที่ 7\5ทับ18(บช).pdf,12008,correction,5215,PASS,200,13.116,0.0
14.022,1,rawData\เขต 2 อ.เมืองฯ\ตำบลขี้เหล็ก\ตำบลขี้เหล็ก\หน่วยเลือกตั้งที่ 8\5ทับ18(บช).pdf,11862,correction,5070,PASS,200,14.022,0.0
13.153,1,rawData\เขต 2 อ.เมืองฯ\ตำบลขี้เหล็ก\ตำบลขี้เหล็ก\หน่วยเลือกตั้งที่ 9\5ทับ18.pdf,12065,correction,5058,PASS,200,13.153,0.0
14.437,1,rawData\เขต 2 อ.เมืองฯ\ตำบลปะอาว\ตำบลปะอาว\หน่วยเลือกตั้งที่ 3\5ทับ18(บช).pdf,12013,correction,5035,PASS,200,14.437,0.0
6.988,1,rawData\เขต 2 อ.เมืองฯ\ตำบลปะอาว\ตำบลปะอาว\หน่วยเลือกตั้งที่ 7\5ทับ18(บช).pdf,10400,correction,3028,PASS,200,6.988,0.0
14.585,1,rawData\เขต 2 อ.เมืองฯ\ตำบลปะอาว\ตำบลปะอาว\หน่วยเลือกตั้งที่ 8\5ทับ18(บช).pdf,12406,correction,5063,PASS,200,14.585,0.0
12.856,1,rawData\เขต 2 อ.เมืองฯ\ตำบลปะอาว\ตำบลปะอาว\หน่วยเลือกตั้งที่ 9\5ทับ18(บช).pdf,12072,correction,5080,PASS,200,12.856,0.0
14.211,1,rawData\เขต 2 อ.เมืองฯ\ตำบลปะอาว\ตำบลปะอาว\หน่วยเลือกตั้งที่ 9\5ทับ18.pdf,12398,correction,5072,PASS,200,14.211,0.0
14.205,1,rawData\เขต 2 อ.เมืองฯ\ตำบลหนองขอน\หน่วยเลือกตั้งที่ 1\5ทับ18(บช).pdf,12038,correction,5054,PASS,200,14.205,0.0
9.425,1,rawData\เขต 2 อ.เมืองฯ\ตำบลหนองขอน\หน่วยเลือกตั้งที่ 10\5ทับ18  (บช).pdf,14153,correction,4144,PASS,200,9.425,0.0
5.361,1,rawData\เขต 2 อ.เมืองฯ\ตำบลหนองขอน\หน่วยเลือกตั้งที่ 12\5ทับ18(บช).pdf,13098,correction,2485,PASS,200,5.361,0.0
14.167,1,rawData\เขต 2 อ.เมืองฯ\ตำบลหนองขอน\หน่วยเลือกตั้งที่ 13\5ทับ18(บช).pdf,14153,correction,5069,PASS,200,14.167,0.0
6.329,1,rawData\เขต 2 อ.เมืองฯ\ตำบลหนองขอน\หน่วยเลือกตั้งที่ 14\5ทับ18(บช).pdf,12431,correction,2170,PASS,200,6.329,0.0
8.711,1,rawData\เขต 2 อ.เมืองฯ\ตำบลหนองขอน\หน่วยเลือกตั้งที่ 15\5ทับ18(บช).pdf,14154,correction,4069,PASS,200,8.711,0.0
15.878,1,rawData\เขต 2 อ.เมืองฯ\ตำบลหนองขอน\หน่วยเลือกตั้งที่ 16\5ทับ18(บช).pdf,13533,correction,5213,PASS,200,15.878,0.0
4.291,1,rawData\เขต 2 อ.เมืองฯ\ตำบลหนองขอน\หน่วยเลือกตั้งที่ 2\5ทับ18.pdf,8912,correction,1296,PASS,200,4.291,0.0
3.761,1,rawData\เขต 2 อ.เมืองฯ\ตำบลหนองขอน\หน่วยเลือกตั้งที่ 3\5ทับ18.pdf,9142,correction,1138,PASS,200,3.761,0.0
8.912,1,rawData\เขต 2 อ.เมืองฯ\ตำบลหนองขอน\หน่วยเลือกตั้งที่ 4\5ทับ18(บช).pdf,9583,correction,3029,PASS,200,8.912,0.0
15.31,1,rawData\เขต 2 อ.เมืองฯ\ตำบลหนองขอน\หน่วยเลือกตั้งที่ 5\5ทับ18(บช).pdf,11965,correction,5136,PASS,200,15.31,0.0
7.548,1,rawData\เขต 2 อ.เมืองฯ\ตำบลหนองขอน\หน่วยเลือกตั้งที่ 6\5ทับ18(บช).pdf,10498,correction,2585,PASS,200,7.548,0.0
3.704,1,rawData\เขต 2 อ.เมืองฯ\ตำบลหนองขอน\หน่วยเลือกตั้งที่ 9\5ทับ18 ( บช).pdf,8551,correction,1648,PASS,200,3.704,0.0
9.435,1,rawData\เขต 2 อ.เมืองฯ\ตำบลหัวเรือ\ตำบลหัวเรือ\หน่วยเลือกตั้งที่1\5ทับ18(บช).pdf,9474,correction,3007,PASS,200,9.435,0.0
13.708,1,rawData\เขต 2 อ.เมืองฯ\ตำบลหัวเรือ\ตำบลหัวเรือ\หน่วยเลือกตั้งที่10\5ทับ18(บช).pdf,11406,correction,5049,PASS,200,13.708,0.0
9.968,1,rawData\เขต 2 อ.เมืองฯ\ตำบลหัวเรือ\ตำบลหัวเรือ\หน่วยเลือกตั้งที่11\5ทับ18(บช).pdf,10293,correction,3020,PASS,200,9.968,0.0
13.208,1,rawData\เขต 2 อ.เมืองฯ\ตำบลหัวเรือ\ตำบลหัวเรือ\หน่วยเลือกตั้งที่12\5ทับ18(บช).pdf,11665,correction,5041,PASS,200,13.208,0.0
8.388,1,rawData\เขต 2 อ.เมืองฯ\ตำบลหัวเรือ\ตำบลหัวเรือ\หน่วยเลือกตั้งที่13\5ทับ18(บช).pdf,14153,correction,3013,PASS,200,8.388,0.0
3.307,1,rawData\เขต 2 อ.เมืองฯ\ตำบลหัวเรือ\ตำบลหัวเรือ\หน่วยเลือกตั้งที่13\5ทับ18.pdf,9115,correction,1285,PASS,200,3.307,0.0
9.105,1,rawData\เขต 2 อ.เมืองฯ\ตำบลหัวเรือ\ตำบลหัวเรือ\หน่วยเลือกตั้งที่14\5ทับ18(บช).pdf,12147,correction,4461,PASS,200,9.105,0.0
10.436,1,rawData\เขต 2 อ.เมืองฯ\ตำบลหัวเรือ\ตำบลหัวเรือ\หน่วยเลือกตั้งที่15\5ทับ18(บช).pdf,14154,correction,4357,PASS,200,10.436,0.0
8.16,1,rawData\เขต 2 อ.เมืองฯ\ตำบลหัวเรือ\ตำบลหัวเรือ\หน่วยเลือกตั้งที่16\5ทับ18(บช).pdf,9336,correction,3029,PASS,200,8.16,0.0
4.997,1,rawData\เขต 2 อ.เมืองฯ\ตำบลหัวเรือ\ตำบลหัวเรือ\หน่วยเลือกตั้งที่16\5ทับ18.pdf,9129,correction,1270,PASS,200,4.997,0.0
10.978,1,rawData\เขต 2 อ.เมืองฯ\ตำบลหัวเรือ\ตำบลหัวเรือ\หน่วยเลือกตั้งที่3\5ทับ18(บช).pdf,12031,correction,4466,PASS,200,10.978,0.0
4.371,1,rawData\เขต 2 อ.เมืองฯ\ตำบลหัวเรือ\ตำบลหัวเรือ\หน่วยเลือกตั้งที่3\5ทับ18.pdf,8402,correction,1280,PASS,200,4.371,0.0
12.461,1,rawData\เขต 2 อ.เมืองฯ\ตำบลหัวเรือ\ตำบลหัวเรือ\หน่วยเลือกตั้งที่4\5ทับ18(บช).pdf,11868,correction,5043,PASS,200,12.461,0.0
14.503,1,rawData\เขต 2 อ.เมืองฯ\ตำบลหัวเรือ\ตำบลหัวเรือ\หน่วยเลือกตั้งที่5\5ทับ18(บช).pdf,11692,correction,5074,PASS,200,14.503,0.0
3.657,1,rawData\เขต 2 อ.เมืองฯ\ตำบลหัวเรือ\ตำบลหัวเรือ\หน่วยเลือกตั้งที่6\5ทับ18.pdf,8867,correction,1277,PASS,200,3.657,0.0
7.236,1,rawData\เขต 2 อ.เมืองฯ\ตำบลหัวเรือ\ตำบลหัวเรือ\หน่วยเลือกตั้งที่7\5ทับ18(บช).pdf,10116,correction,3025,PASS,200,7.236,0.0
9.981,1,rawData\เขต 2 อ.เมืองฯ\ตำบลหัวเรือ\ตำบลหัวเรือ\หน่วยเลือกตั้งที่9\5ทับ18(บช).pdf,12780,correction,3050,PASS,200,9.981,0.0
5.159,1,rawData\เขต 2 อ.เมืองฯ\ตำบลหัวเรือ\ตำบลหัวเรือ\หน่วยเลือกตั้งที่9\5ทับ18.pdf,7729,correction,1294,PASS,200,5.159,0.0
12.599,1,rawData\เขต 2 อ.เมืองฯ\เขตไร่น้อย\เขตไร่น้อย\หน่วยเลือกตั้งที่ 1\5ทับ18(บช).pdf,12516,correction,5056,PASS,200,12.599,0.0
12.347,1,rawData\เขต 2 อ.เมืองฯ\เขตไร่น้อย\เขตไร่น้อย\หน่วยเลือกตั้งที่ 10\5ทับ18(บช).pdf,14153,correction,5052,PASS,200,12.347,0.0
6.712,1,rawData\เขต 2 อ.เมืองฯ\เขตไร่น้อย\เขตไร่น้อย\หน่วยเลือกตั้งที่ 11\5ทับ18(บช).pdf,9687,correction,2958,PASS,200,6.712,0.0
7.776,1,rawData\เขต 2 อ.เมืองฯ\เขตไร่น้อย\เขตไร่น้อย\หน่วยเลือกตั้งที่ 12\5ทับ18(บช).pdf,9497,correction,3326,PASS,200,7.776,0.0
13.599,1,rawData\เขต 2 อ.เมืองฯ\เขตไร่น้อย\เขตไร่น้อย\หน่วยเลือกตั้งที่ 13\5ทับ18(บช).pdf,12594,correction,5330,PASS,200,13.599,0.0
3.78,1,rawData\เขต 2 อ.เมืองฯ\เขตไร่น้อย\เขตไร่น้อย\หน่วยเลือกตั้งที่ 13\5ทับ18.pdf,8721,correction,1310,PASS,200,3.78,0.0
12.507,1,rawData\เขต 2 อ.เมืองฯ\เขตไร่น้อย\เขตไร่น้อย\หน่วยเลือกตั้งที่ 14\5ทับ18(บช).pdf,11625,correction,5057,PASS,200,12.507,0.0
15.321,1,rawData\เขต 2 อ.เมืองฯ\เขตไร่น้อย\เขตไร่น้อย\หน่วยเลือกตั้งที่ 18\5ทับ18(บช).pdf,11870,correction,4951,PASS,200,15.321,0.0
7.635,1,rawData\เขต 2 อ.เมืองฯ\เขตไร่น้อย\เขตไร่น้อย\หน่วยเลือกตั้งที่ 19\5ทับ18.pdf,9103,correction,3101,PASS,200,7.635,0.0
3.802,1,rawData\เขต 2 อ.เมืองฯ\เขตไร่น้อย\เขตไร่น้อย\หน่วยเลือกตั้งที่ 2\5ทับ18.pdf,8886,correction,1299,PASS,200,3.802,0.0
8.268,1,rawData\เขต 2 อ.เมืองฯ\เขตไร่น้อย\เขตไร่น้อย\หน่วยเลือกตั้งที่ 20\5ทับ18(บช).pdf,10161,correction,3019,PASS,200,8.268,0.0
12.837,1,rawData\เขต 2 อ.เมืองฯ\เขตไร่น้อย\เขตไร่น้อย\หน่วยเลือกตั้งที่ 23\5ทับ18(บช).pdf,11755,correction,4914,PASS,200,12.837,0.0
3.376,1,rawData\เขต 2 อ.เมืองฯ\เขตไร่น้อย\เขตไร่น้อย\หน่วยเลือกตั้งที่ 24\5ทับ18.pdf,8673,correction,1282,PASS,200,3.376,0.0
11.769,1,rawData\เขต 2 อ.เมืองฯ\เขตไร่น้อย\เขตไร่น้อย\หน่วยเลือกตั้งที่ 25\5ทับ18(บช).pdf,12134,correction,5061,PASS,200,11.769,0.0
12.166,1,rawData\เขต 2 อ.เมืองฯ\เขตไร่น้อย\เขตไร่น้อย\หน่วยเลือกตั้งที่ 27\5ทับ18(บช).pdf,11707,correction,5061,PASS,200,12.166,0.0
7.253,1,rawData\เขต 2 อ.เมืองฯ\เขตไร่น้อย\เขตไร่น้อย\หน่วยเลือกตั้งที่ 28\5ทับ18(บช).pdf,9727,correction,3007,PASS,200,7.253,0.0
3.641,1,rawData\เขต 2 อ.เมืองฯ\เขตไร่น้อย\เขตไร่น้อย\หน่วยเลือกตั้งที่ 29\5ทับ18.pdf,8733,correction,1306,PASS,200,3.641,0.0
2.838,1,rawData\เขต 2 อ.เมืองฯ\เขตไร่น้อย\เขตไร่น้อย\หน่วยเลือกตั้งที่ 3\5ทับ18.pdf,8716,correction,1173,PASS,200,2.838,0.0
14.308,1,rawData\เขต 2 อ.เมืองฯ\เขตไร่น้อย\เขตไร่น้อย\หน่วยเลือกตั้งที่ 35\5ทับ18(บช).pdf,12040,correction,5070,PASS,200,14.308,0.0
6.42,1,rawData\เขต 2 อ.เมืองฯ\เขตไร่น้อย\เขตไร่น้อย\หน่วยเลือกตั้งที่ 38\5ทับ18(บช).pdf,11524,correction,2199,PASS,200,6.42,0.0
3.911,1,rawData\เขต 2 อ.เมืองฯ\เขตไร่น้อย\เขตไร่น้อย\หน่วยเลือกตั้งที่ 39\5ทับ18.pdf,8737,correction,1284,PASS,200,3.911,0.0
13.852,1,rawData\เขต 2 อ.เมืองฯ\เขตไร่น้อย\เขตไร่น้อย\หน่วยเลือกตั้งที่ 44\5ทับ18(บช).pdf,13105,correction,5036,PASS,200,13.852,0.0
8.367,1,rawData\เขต 2 อ.เมืองฯ\เขตไร่น้อย\เขตไร่น้อย\หน่วยเลือกตั้งที่ 6\5ทับ18(บช).pdf,12889,correction,4310,PASS,200,8.367,0.0
4.476,1,rawData\เขต 2 อ.เมืองฯ\เขตไร่น้อย\เขตไร่น้อย\หน่วยเลือกตั้งที่ 8\5ทับ18.pdf,8797,correction,1302,PASS,200,4.476,0.0
12.254,1,rawData\เขต 2 อ.เมืองฯ\เขตไร่น้อย\เขตไร่น้อย\หน่วยเลือกตั้งที่ 9\5ทับ18(บช).pdf,12192,correction,5068,PASS,200,12.254,0.0
