province,constituency,amphoe,tambon,party,const_votes,party_list_votes,const_total,party_list_total,const_share,party_list_share,share_gap,abs_share_gap
อุบลราชธานี,2,ตำบลขี้เหล็ก,ตำบลขี้เหล็ก,กรีน,0.0,0,3605.0,988,0.0,0.0,0.0,0.0
อุบลราชธานี,2,ตำบลขี้เหล็ก,ตำบลขี้เหล็ก,กล้าธรรม,1067.0,48,3605.0,988,0.29597780859916784,0.048582995951417005,0.24739481264775082,0.24739481264775082
อุบลราชธานี,2,ตำบลขี้เหล็ก,ตำบลขี้เหล็ก,ก้าวอิสระ,0.0,1,3605.0,988,0.0,0.0010121457489878543,-0.0010121457489878543,0.0010121457489878543
อุบลราชธานี,2,ตำบลขี้เหล็ก,ตำบลขี้เหล็ก,ครูไทยเพื่อประชาชน,0.0,1,3605.0,988,0.0,0.0010121457489878543,-0.0010121457489878543,0.0010121457489878543
อุบลราชธานี,2,ตำบลขี้เหล็ก,ตำบลขี้เหล็ก,คลองไทย,0.0,1,3605.0,988,0.0,0.0010121457489878543,-0.0010121457489878543,0.0010121457489878543
อุบลราชธานี,2,ตำบลขี้เหล็ก,ตำบลขี้เหล็ก,ความหวังใหม่,0.0,0,3605.0,988,0.0,0.0,0.0,0.0
อุบลราชธานี,2,ตำบลขี้เหล็ก,ตำบลขี้เหล็ก,ทางเลือกใหม่,0.0,8,3605.0,988,0.0,0.008097165991902834,-0.008097165991902834,0.008097165991902834
อุบลราชธานี,2,ตำบลขี้เหล็ก,ตำบลขี้เหล็ก,ท้องที่ไทย,0.0,0,3605.0,988,0.0,0.0,0.0,0.0
อุบลราชธานี,2,ตำบลขี้เหล็ก,ตำบลขี้เหล็ก,ประชากรไทย,0.0,0,3605.0,988,0.0,0.0,0.0,0.0
อุบลราชธานี,2,ตำบลขี้เหล็ก,ตำบลขี้เหล็ก,ประชาชน,446.0,103,3605.0,988,0.12371705963938974,0.10425101214574899,0.019466047493640753,0.019466047493640753
อุบลราชธานี,2,ตำบลขี้เหล็ก,ตำบลขี้เหล็ก,ประชาชาติ,0.0,5,3605.0,988,0.0,0.005060728744939271,-0.005060728744939271,0.005060728744939271
อุบลราชธานี,2,ตำบลขี้เหล็ก,ตำบลขี้เหล็ก,ประชาธิปัตย์,19.0,29,3605.0,988,0.005270457697642164,0.029352226720647773,-0.024081769023005607,0.024081769023005607
อุบลราชธานี,2,ตำบลขี้เหล็ก,ตำบลขี้เหล็ก,ประชาธิปไตยใหม่,15.0,8,3605.0,988,0.004160887656033287,0.008097165991902834,-0.003936278335869547,0.003936278335869547
อุบลราชธานี,2,ตำบลขี้เหล็ก,ตำบลขี้เหล็ก,ประชาอาสาชาติ,0.0,0,3605.0,988,0.0,0.0,0.0,0.0
อุบลราชธานี,2,ตำบลขี้เหล็ก,ตำบลขี้เหล็ก,ประชาไทย,0.0,0,3605.0,988,0.0,0.0,0.0,0.0
อุบลราชธานี,2,ตำบลขี้เหล็ก,ตำบลขี้เหล็ก,ปวงชนไทย,0.0,0,3605.0,988,0.0,0.0,0.0,0.0
อุบลราชธานี,2,ตำบลขี้เหล็ก,ตำบลขี้เหล็ก,พร้อม,0.0,0,3605.0,988,0.0,0.0,0.0,0.0
อุบลราชธานี,2,ตำบลขี้เหล็ก,ตำบลขี้เหล็ก,พลวัต,0.0,1,3605.0,988,0.0,0.0010121457489878543,-0.0010121457489878543,0.0010121457489878543
อุบลราชธานี,2,ตำบลขี้เหล็ก,ตำบลขี้เหล็ก,พลังธรรมใหม่,0.0,1,3605.0,988,0.0,0.0010121457489878543,-0.0010121457489878543,0.0010121457489878543
อุบลราชธานี,2,ตำบลขี้เหล็ก,ตำบลขี้เหล็ก,พลังประชารัฐ,4.0,0,3605.0,988,0.0011095700416088765,0.0,0.0011095700416088765,0.0011095700416088765
อุบลราชธานี,2,ตำบลขี้เหล็ก,ตำบลขี้เหล็ก,พลังสังคมใหม่,0.0,0,3605.0,988,0.0,0.0,0.0,0.0
อุบลราชธานี,2,ตำบลขี้เหล็ก,ตำบลขี้เหล็ก,พลังเพื่อไทย,0.0,4,3605.0,988,0.0,0.004048582995951417,-0.004048582995951417,0.004048582995951417
อุบลราชธานี,2,ตำบลขี้เหล็ก,ตำบลขี้เหล็ก,พลังไทยรักชาติ,0.0,1,3605.0,988,0.0,0.0010121457489878543,-0.0010121457489878543,0.0010121457489878543
อุบลราชธานี,2,ตำบลขี้เหล็ก,ตำบลขี้เหล็ก,ฟิวชัน,0.0,2,3605.0,988,0.0,0.0020242914979757085,-0.0020242914979757085,0.0020242914979757085
อุบลราชธานี,2,ตำบลขี้เหล็ก,ตำบลขี้เหล็ก,ภูมิใจไทย,78.0,34,3605.0,988,0.02163661581137309,0.03441295546558704,-0.012776339654213952,0.012776339654213952
อุบลราชธานี,2,ตำบลขี้เหล็ก,ตำบลขี้เหล็ก,มิติใหม่,0.0,3,3605.0,988,0.0,0.003036437246963563,-0.003036437246963563,0.003036437246963563
อุบลราชธานี,2,ตำบลขี้เหล็ก,ตำบลขี้เหล็ก,รวมพลังประชาชน,0.0,13,3605.0,988,0.0,0.013157894736842105,-0.013157894736842105,0.013157894736842105
อุบลราชธานี,2,ตำบลขี้เหล็ก,ตำบลขี้เหล็ก,รวมใจไทย,0.0,48,3605.0,988,0.0,0.048582995951417005,-0.048582995951417005,0.048582995951417005
อุบลราชธานี,2,ตำบลขี้เหล็ก,ตำบลขี้เหล็ก,รวมไทยสร้างชาติ,0.0,12,3605.0,988,0.0,0.012145748987854251,-0.012145748987854251,0.012145748987854251
อุบลราชธานี,2,ตำบลขี้เหล็ก,ตำบลขี้เหล็ก,รักชาติ,0.0,0,3605.0,988,0.0,0.0,0.0,0.0
อุบลราชธานี,2,ตำบลขี้เหล็ก,ตำบลขี้เหล็ก,วิชชั่นใหม่,0.0,7,3605.0,988,0.0,0.00708502024291498,-0.00708502024291498,0.00708502024291498
อุบลราชธานี,2,ตำบลขี้เหล็ก,ตำบลขี้เหล็ก,สร้างอนาคตไทย,0.0,2,3605.0,988,0.0,0.0020242914979757085,-0.0020242914979757085,0.0020242914979757085
อุบลราชธานี,2,ตำบลขี้เหล็ก,ตำบลขี้เหล็ก,สังคมประชาธิปไตยไทย,0.0,0,3605.0,988,0.0,0.0,0.0,0.0
อุบลราชธานี,2,ตำบลขี้เหล็ก,ตำบลขี้เหล็ก,อนาคตไทย,0.0,0,3605.0,988,0.0,0.0,0.0,0.0
อุบลราชธานี,2,ตำบลขี้เหล็ก,ตำบลขี้เหล็ก,เครือข่ายชาวนาแห่งประเทศไทย,0.0,0,3605.0,988,0.0,0.0,0.0,0.0
อุบลราชธานี,2,ตำบลขี้เหล็ก,ตำบลขี้เหล็ก,เป็นธรรม,0.0,1,3605.0,988,0.0,0.0010121457489878543,-0.0010121457489878543,0.0010121457489878543
อุบลราชธานี,2,ตำบลขี้เหล็ก,ตำบลขี้เหล็ก,เพื่อชาติไทย,0.0,15,3605.0,988,0.0,0.015182186234817813,-0.015182186234817813,0.015182186234817813
อุบลราชธานี,2,ตำบลขี้เหล็ก,ตำบลขี้เหล็ก,เพื่อชีวิตใหม่,0.0,2,3605.0,988,0.0,0.0020242914979757085,-0.0020242914979757085,0.0020242914979757085
อุบลราชธานี,2,ตำบลขี้เหล็ก,ตำบลขี้เหล็ก,เพื่อบ้านเมือง,0.0,0,3605.0,988,0.0,0.0,0.0,0.0
อุบลราชธานี,2,ตำบลขี้เหล็ก,ตำบลขี้เหล็ก,เพื่อไทย,177.0,180,3605.0,988,0.049098474341192785,0.18218623481781376,-0.13308776047662096,0.13308776047662096
อุบลราชธานี,2,ตำบลขี้เหล็ก,ตำบลขี้เหล็ก,เศรษฐกิจ,38.0,48,3605.0,988,0.010540915395284327,0.048582995951417005,-0.038042080556132674,0.038042080556132674
อุบลราชธานี,2,ตำบลขี้เหล็ก,ตำบลขี้เหล็ก,เสรีรวมไทย,0.0,8,3605.0,988,0.0,0.008097165991902834,-0.008097165991902834,0.008097165991902834
อุบลราชธานี,2,ตำบลขี้เหล็ก,ตำบลขี้เหล็ก,แผ่นดินธรรม,0.0,1,3605.0,988,0.0,0.0010121457489878543,-0.0010121457489878543,0.0010121457489878543
อุบลราชธานี,2,ตำบลขี้เหล็ก,ตำบลขี้เหล็ก,แรงงานสร้างชาติ,0.0,5,3605.0,988,0.0,0.005060728744939271,-0.005060728744939271,0.005060728744939271
อุบลราชธานี,2,ตำบลขี้เหล็ก,ตำบลขี้เหล็ก,โอกาสใหม่,0.0,0,3605.0,988,0.0,0.0,0.0,0.0
อุบลราชธานี,2,ตำบลขี้เหล็ก,ตำบลขี้เหล็ก,ใหม่,0.0,8,3605.0,988,0.0,0.008097165991902834,-0.008097165991902834,0.008097165991902834
อุบลราชธานี,2,ตำบลขี้เหล็ก,ตำบลขี้เหล็ก,ไทยก้าวหน้า,0.0,3,3605.0,988,0.0,0.003036437246963563,-0.003036437246963563,0.003036437246963563
อุบลราชธานี,2,ตำบลขี้เหล็ก,ตำบลขี้เหล็ก,ไทยก้าวใหม่,12.0,2,3605.0,988,0.00332871012482663,0.0020242914979757085,0.0013044186268509213,0.0013044186268509213
อุบลราชธานี,2,ตำบลขี้เหล็ก,ตำบลขี้เหล็ก,ไทยชนะ,0.0,1,3605.0,988,0.0,0.0010121457489878543,-0.0010121457489878543,0.0010121457489878543
อุบลราชธานี,2,ตำบลขี้เหล็ก,ตำบลขี้เหล็ก,ไทยทรัพย์ทวี,0.0,35,3605.0,988,0.0,0.0354251012145749,-0.0354251012145749,0.0354251012145749
อุบลราชธานี,2,ตำบลขี้เหล็ก,ตำบลขี้เหล็ก,ไทยธรรม,0.0,1,3605.0,988,0.0,0.0010121457489878543,-0.0010121457489878543,0.0010121457489878543
อุบลราชธานี,2,ตำบลขี้เหล็ก,ตำบลขี้เหล็ก,ไทยพร้อม,0.0,0,3605.0,988,0.0,0.0,0.0,0.0
อุบลราชธานี,2,ตำบลขี้เหล็ก,ตำบลขี้เหล็ก,ไทยพิทักษ์ธรรม,0.0,1,3605.0,988,0.0,0.0010121457489878543,-0.0010121457489878543,0.0010121457489878543
อุบลราชธานี,2,ตำบลขี้เหล็ก,ตำบลขี้เหล็ก,ไทยภักดี,0.0,3,3605.0,988,0.0,0.003036437246963563,-0.003036437246963563,0.003036437246963563
อุบลราชธานี,2,ตำบลขี้เหล็ก,ตำบลขี้เหล็ก,ไทยรวมไทย,0.0,0,3605.0,988,0.0,0.0,0.0,0.0
อุบลราชธานี,2,ตำบลขี้เหล็ก,ตำบลขี้เหล็ก,ไทยสร้างไทย,0.0,5,3605.0,988,0.0,0.005060728744939271,-0.005060728744939271,0.005060728744939271
อุบลราชธานี,2,ตำบลขี้เหล็ก,ตำบลขี้เหล็ก,ไทรวมพลัง,1749.0,337,3605.0,988,0.4851595006934813,0.3410931174089069,0.14406638328457438,0.14406638328457438
อุบลราชธานี,2,ตำบลปะอาว,ตำบลปะอาว,กรีน,0.0,0,2247.0,1349,0.0,0.0,0.0,0.0
อุบลราชธานี,2,ตำบลปะอาว,ตำบลปะอาว,กล้าธรรม,766.0,195,2247.0,1349,0.3408989764129951,0.14455151964418086,0.19634745676881424,0.19634745676881424
อุบลราชธานี,2,ตำบลปะอาว,ตำบลปะอาว,ก้าวอิสระ,0.0,1,2247.0,1349,0.0,0.0007412898443291327,-0.0007412898443291327,0.0007412898443291327
อุบลราชธานี,2,ตำบลปะอาว,ตำบลปะอาว,ครูไทยเพื่อประชาชน,0.0,1,2247.0,1349,0.0,0.0007412898443291327,-0.0007412898443291327,0.0007412898443291327
อุบลราชธานี,2,ตำบลปะอาว,ตำบลปะอาว,คลองไทย,0.0,10,2247.0,1349,0.0,0.007412898443291327,-0.007412898443291327,0.007412898443291327
อุบลราชธานี,2,ตำบลปะอาว,ตำบลปะอาว,ความหวังใหม่,0.0,0,2247.0,1349,0.0,0.0,0.0,0.0
อุบลราชธานี,2,ตำบลปะอาว,ตำบลปะอาว,ทางเลือกใหม่,0.0,7,2247.0,1349,0.0,0.005189028910303929,-0.005189028910303929,0.005189028910303929
อุบลราชธานี,2,ตำบลปะอาว,ตำบลปะอาว,ท้องที่ไทย,0.0,2,2247.0,1349,0.0,0.0014825796886582653,-0.0014825796886582653,0.0014825796886582653
อุบลราชธานี,2,ตำบลปะอาว,ตำบลปะอาว,ประชากรไทย,0.0,0,2247.0,1349,0.0,0.0,0.0,0.0
อุบลราชธานี,2,ตำบลปะอาว,ตำบลปะอาว,ประชาชน,312.0,133,2247.0,1349,0.13885180240320427,0.09859154929577464,0.04026025310742963,0.04026025310742963
อุบลราชธานี,2,ตำบลปะอาว,ตำบลปะอาว,ประชาชาติ,0.0,1,2247.0,1349,0.0,0.0007412898443291327,-0.0007412898443291327,0.0007412898443291327
อุบลราชธานี,2,ตำบลปะอาว,ตำบลปะอาว,ประชาธิปัตย์,14.0,23,2247.0,1349,0.006230529595015576,0.01704966641957005,-0.010819136824554473,0.010819136824554473
อุบลราชธานี,2,ตำบลปะอาว,ตำบลปะอาว,ประชาธิปไตยใหม่,13.0,6,2247.0,1349,0.005785491766800178,0.004447739065974796,0.0013377527008253823,0.0013377527008253823
อุบลราชธานี,2,ตำบลปะอาว,ตำบลปะอาว,ประชาอาสาชาติ,0.0,2,2247.0,1349,0.0,0.0014825796886582653,-0.0014825796886582653,0.0014825796886582653
อุบลราชธานี,2,ตำบลปะอาว,ตำบลปะอาว,ประชาไทย,0.0,1,2247.0,1349,0.0,0.0007412898443291327,-0.0007412898443291327,0.0007412898443291327
อุบลราชธานี,2,ตำบลปะอาว,ตำบลปะอาว,ปวงชนไทย,0.0,1,2247.0,1349,0.0,0.0007412898443291327,-0.0007412898443291327,0.0007412898443291327
อุบลราชธานี,2,ตำบลปะอาว,ตำบลปะอาว,พร้อม,0.0,0,2247.0,1349,0.0,0.0,0.0,0.0
อุบลราชธานี,2,ตำบลปะอาว,ตำบลปะอาว,พลวัต,0.0,1,2247.0,1349,0.0,0.0007412898443291327,-0.0007412898443291327,0.0007412898443291327
อุบลราชธานี,2,ตำบลปะอาว,ตำบลปะอาว,พลังธรรมใหม่,0.0,7,2247.0,1349,0.0,0.005189028910303929,-0.005189028910303929,0.005189028910303929
อุบลราชธานี,2,ตำบลปะอาว,ตำบลปะอาว,พลังประชารัฐ,6.0,4,2247.0,1349,0.0026702269692923898,0.0029651593773165306,-0.00029493240802414087,0.00029493240802414087
อุบลราชธานี,2,ตำบลปะอาว,ตำบลปะอาว,พลังสังคมใหม่,0.0,1,2247.0,1349,0.0,0.0007412898443291327,-0.0007412898443291327,0.0007412898443291327
อุบลราชธานี,2,ตำบลปะอาว,ตำบลปะอาว,พลังเพื่อไทย,0.0,5,2247.0,1349,0.0,0.0037064492216456633,-0.0037064492216456633,0.0037064492216456633
อุบลราชธานี,2,ตำบลปะอาว,ตำบลปะอาว,พลังไทยรักชาติ,0.0,0,2247.0,1349,0.0,0.0,0.0,0.0
อุบลราชธานี,2,ตำบลปะอาว,ตำบลปะอาว,ฟิวชัน,0.0,57,2247.0,1349,0.0,0.04225352112676056,-0.04225352112676056,0.04225352112676056
อุบลราชธานี,2,ตำบลปะอาว,ตำบลปะอาว,ภูมิใจไทย,95.0,93,2247.0,1349,0.04227859368046284,0.06893995552260934,-0.0266613618421465,0.0266613618421465
อุบลราชธานี,2,ตำบลปะอาว,ตำบลปะอาว,มิติใหม่,0.0,4,2247.0,1349,0.0,0.0029651593773165306,-0.0029651593773165306,0.0029651593773165306
อุบลราชธานี,2,ตำบลปะอาว,ตำบลปะอาว,รวมพลังประชาชน,0.0,8,2247.0,1349,0.0,0.005930318754633061,-0.005930318754633061,0.005930318754633061
อุบลราชธานี,2,ตำบลปะอาว,ตำบลปะอาว,รวมใจไทย,0.0,38,2247.0,1349,0.0,0.028169014084507043,-0.028169014084507043,0.028169014084507043
อุบลราชธานี,2,ตำบลปะอาว,ตำบลปะอาว,รวมไทยสร้างชาติ,0.0,16,2247.0,1349,0.0,0.011860637509266123,-0.011860637509266123,0.011860637509266123
อุบลราชธานี,2,ตำบลปะอาว,ตำบลปะอาว,รักชาติ,0.0,71,2247.0,1349,0.0,0.05263157894736842,-0.05263157894736842,0.05263157894736842
อุบลราชธานี,2,ตำบลปะอาว,ตำบลปะอาว,วิชชั่นใหม่,0.0,5,2247.0,1349,0.0,0.0037064492216456633,-0.0037064492216456633,0.0037064492216456633
อุบลราชธานี,2,ตำบลปะอาว,ตำบลปะอาว,สร้างอนาคตไทย,0.0,1,2247.0,1349,0.0,0.0007412898443291327,-0.0007412898443291327,0.0007412898443291327
อุบลราชธานี,2,ตำบลปะอาว,ตำบลปะอาว,สังคมประชาธิปไตยไทย,0.0,2,2247.0,1349,0.0,0.0014825796886582653,-0.0014825796886582653,0.0014825796886582653
อุบลราชธานี,2,ตำบลปะอาว,ตำบลปะอาว,อนาคตไทย,0.0,1,2247.0,1349,0.0,0.0007412898443291327,-0.0007412898443291327,0.0007412898443291327
อุบลราชธานี,2,ตำบลปะอาว,ตำบลปะอาว,เครือข่ายชาวนาแห่งประเทศไทย,0.0,0,2247.0,1349,0.0,0.0,0.0,0.0
อุบลราชธานี,2,ตำบลปะอาว,ตำบลปะอาว,เป็นธรรม,0.0,0,2247.0,1349,0.0,0.0,0.0,0.0
อุบลราชธานี,2,ตำบลปะอาว,ตำบลปะอาว,เพื่อชาติไทย,0.0,8,2247.0,1349,0.0,0.005930318754633061,-0.005930318754633061,0.005930318754633061
อุบลราชธานี,2,ตำบลปะอาว,ตำบลปะอาว,เพื่อชีวิตใหม่,0.0,0,2247.0,1349,0.0,0.0,0.0,0.0
อุบลราชธานี,2,ตำบลปะอาว,ตำบลปะอาว,เพื่อบ้านเมือง,0.0,0,2247.0,1349,0.0,0.0,0.0,0.0
อุบลราชธานี,2,ตำบลปะอาว,ตำบลปะอาว,เพื่อไทย,302.0,294,2247.0,1349,0.1344014241210503,0.21793921423276502,-0.08353779011171472,0.08353779011171472
อุบลราชธานี,2,ตำบลปะอาว,ตำบลปะอาว,เศรษฐกิจ,43.0,38,2247.0,1349,0.01913662661326213,0.028169014084507043,-0.009032387471244914,0.009032387471244914
อุบลราชธานี,2,ตำบลปะอาว,ตำบลปะอาว,เสรีรวมไทย,0.0,7,2247.0,1349,0.0,0.005189028910303929,-0.005189028910303929,0.005189028910303929
อุบลราชธานี,2,ตำบลปะอาว,ตำบลปะอาว,แผ่นดินธรรม,0.0,2,2247.0,1349,0.0,0.0014825796886582653,-0.0014825796886582653,0.0014825796886582653
อุบลราชธานี,2,ตำบลปะอาว,ตำบลปะอาว,แรงงานสร้างชาติ,0.0,2,2247.0,1349,0.0,0.0014825796886582653,-0.0014825796886582653,0.0014825796886582653
อุบลราชธานี,2,ตำบลปะอาว,ตำบลปะอาว,โอกาสใหม่,0.0,3,2247.0,1349,0.0,0.002223869532987398,-0.002223869532987398,0.002223869532987398
อุบลราชธานี,2,ตำบลปะอาว,ตำบลปะอาว,ใหม่,0.0,7,2247.0,1349,0.0,0.005189028910303929,-0.005189028910303929,0.005189028910303929
อุบลราชธานี,2,ตำบลปะอาว,ตำบลปะอาว,ไทยก้าวหน้า,0.0,1,2247.0,1349,0.0,0.0007412898443291327,-0.0007412898443291327,0.0007412898443291327
อุบลราชธานี,2,ตำบลปะอาว,ตำบลปะอาว,ไทยก้าวใหม่,8.0,2,2247.0,1349,0.0035603026257231864,0.0014825796886582653,0.002077722937064921,0.002077722937064921
อุบลราชธานี,2,ตำบลปะอาว,ตำบลปะอาว,ไทยชนะ,0.0,1,2247.0,1349,0.0,0.0007412898443291327,-0.0007412898443291327,0.0007412898443291327
อุบลราชธานี,2,ตำบลปะอาว,ตำบลปะอาว,ไทยทรัพย์ทวี,0.0,28,2247.0,1349,0.0,0.020756115641215715,-0.020756115641215715,0.020756115641215715
อุบลราชธานี,2,ตำบลปะอาว,ตำบลปะอาว,ไทยธรรม,0.0,1,2247.0,1349,0.0,0.0007412898443291327,-0.0007412898443291327,0.0007412898443291327
อุบลราชธานี,2,ตำบลปะอาว,ตำบลปะอาว,ไทยพร้อม,0.0,0,2247.0,1349,0.0,0.0,0.0,0.0
อุบลราชธานี,2,ตำบลปะอาว,ตำบลปะอาว,ไทยพิทักษ์ธรรม,0.0,0,2247.0,1349,0.0,0.0,0.0,0.0
อุบลราชธานี,2,ตำบลปะอาว,ตำบลปะอาว,ไทยภักดี,0.0,4,2247.0,1349,0.0,0.0029651593773165306,-0.0029651593773165306,0.0029651593773165306
อุบลราชธานี,2,ตำบลปะอาว,ตำบลปะอาว,ไทยรวมไทย,0.0,1,2247.0,1349,0.0,0.0007412898443291327,-0.0007412898443291327,0.0007412898443291327
อุบลราชธานี,2,ตำบลปะอาว,ตำบลปะอาว,ไทยสร้างไทย,0.0,4,2247.0,1349,0.0,0.0029651593773165306,-0.0029651593773165306,0.0029651593773165306
อุบลราชธานี,2,ตำบลปะอาว,ตำบลปะอาว,ไทรวมพลัง,688.0,249,2247.0,1349,0.30618602581219406,0.18458117123795403,0.12160485457424003,0.12160485457424003
อุบลราชธานี,2,ตำบลหัวเรือ,ตำบลหัวเรือ,กรีน,0.0,2,4588.0,3991,0.0,0.0005011275369581559,-0.0005011275369581559,0.0005011275369581559
อุบลราชธานี,2,ตำบลหัวเรือ,ตำบลหัวเรือ,กล้าธรรม,1318.0,137,4588.0,3991,0.2872711421098518,0.03432723628163368,0.2529439058282181,0.2529439058282181
อุบลราชธานี,2,ตำบลหัวเรือ,ตำบลหัวเรือ,ก้าวอิสระ,0.0,1,4588.0,3991,0.0,0.00025056376847907793,-0.00025056376847907793,0.00025056376847907793
อุบลราชธานี,2,ตำบลหัวเรือ,ตำบลหัวเรือ,ครูไทยเพื่อประชาชน,0.0,4,4588.0,3991,0.0,0.0010022550739163117,-0.0010022550739163117,0.0010022550739163117
อุบลราชธานี,2,ตำบลหัวเรือ,ตำบลหัวเรือ,คลองไทย,0.0,15,4588.0,3991,0.0,0.0037584565271861687,-0.0037584565271861687,0.0037584565271861687
อุบลราชธานี,2,ตำบลหัวเรือ,ตำบลหัวเรือ,ความหวังใหม่,0.0,3,4588.0,3991,0.0,0.0007516913054372337,-0.0007516913054372337,0.0007516913054372337
อุบลราชธานี,2,ตำบลหัวเรือ,ตำบลหัวเรือ,ทางเลือกใหม่,0.0,20,4588.0,3991,0.0,0.005011275369581559,-0.005011275369581559,0.005011275369581559
อุบลราชธานี,2,ตำบลหัวเรือ,ตำบลหัวเรือ,ท้องที่ไทย,0.0,4,4588.0,3991,0.0,0.0010022550739163117,-0.0010022550739163117,0.0010022550739163117
อุบลราชธานี,2,ตำบลหัวเรือ,ตำบลหัวเรือ,ประชากรไทย,0.0,6,4588.0,3991,0.0,0.0015033826108744675,-0.0015033826108744675,0.0015033826108744675
อุบลราชธานี,2,ตำบลหัวเรือ,ตำบลหัวเรือ,ประชาชน,508.0,658,4588.0,3991,0.11072362685265912,0.16487095965923326,-0.05414733280657415,0.05414733280657415
อุบลราชธานี,2,ตำบลหัวเรือ,ตำบลหัวเรือ,ประชาชาติ,0.0,1,4588.0,3991,0.0,0.00025056376847907793,-0.00025056376847907793,0.00025056376847907793
อุบลราชธานี,2,ตำบลหัวเรือ,ตำบลหัวเรือ,ประชาธิปัตย์,18.0,19,4588.0,3991,0.003923278116826504,0.00476071160110248,-0.0008374334842759764,0.0008374334842759764
อุบลราชธานี,2,ตำบลหัวเรือ,ตำบลหัวเรือ,ประชาธิปไตยใหม่,22.0,62,4588.0,3991,0.004795117698343505,0.015534953645702832,-0.010739835947359326,0.010739835947359326
อุบลราชธานี,2,ตำบลหัวเรือ,ตำบลหัวเรือ,ประชาอาสาชาติ,0.0,3,4588.0,3991,0.0,0.0007516913054372337,-0.0007516913054372337,0.0007516913054372337
อุบลราชธานี,2,ตำบลหัวเรือ,ตำบลหัวเรือ,ประชาไทย,0.0,12,4588.0,3991,0.0,0.003006765221748935,-0.003006765221748935,0.003006765221748935
อุบลราชธานี,2,ตำบลหัวเรือ,ตำบลหัวเรือ,ปวงชนไทย,0.0,3,4588.0,3991,0.0,0.0007516913054372337,-0.0007516913054372337,0.0007516913054372337
อุบลราชธานี,2,ตำบลหัวเรือ,ตำบลหัวเรือ,พร้อม,0.0,1,4588.0,3991,0.0,0.00025056376847907793,-0.00025056376847907793,0.00025056376847907793
อุบลราชธานี,2,ตำบลหัวเรือ,ตำบลหัวเรือ,พลวัต,0.0,3,4588.0,3991,0.0,0.0007516913054372337,-0.0007516913054372337,0.0007516913054372337
อุบลราชธานี,2,ตำบลหัวเรือ,ตำบลหัวเรือ,พลังธรรมใหม่,0.0,9,4588.0,3991,0.0,0.0022550739163117012,-0.0022550739163117012,0.0022550739163117012
อุบลราชธานี,2,ตำบลหัวเรือ,ตำบลหัวเรือ,พลังประชารัฐ,18.0,14,4588.0,3991,0.003923278116826504,0.003507892758707091,0.0004153853581194129,0.0004153853581194129
อุบลราชธานี,2,ตำบลหัวเรือ,ตำบลหัวเรือ,พลังสังคมใหม่,0.0,0,4588.0,3991,0.0,0.0,0.0,0.0
อุบลราชธานี,2,ตำบลหัวเรือ,ตำบลหัวเรือ,พลังเพื่อไทย,0.0,12,4588.0,3991,0.0,0.003006765221748935,-0.003006765221748935,0.003006765221748935
อุบลราชธานี,2,ตำบลหัวเรือ,ตำบลหัวเรือ,พลังไทยรักชาติ,0.0,441,4588.0,3991,0.0,0.11049862189927337,-0.11049862189927337,0.11049862189927337
อุบลราชธานี,2,ตำบลหัวเรือ,ตำบลหัวเรือ,ฟิวชัน,0.0,5,4588.0,3991,0.0,0.0012528188423953897,-0.0012528188423953897,0.0012528188423953897
อุบลราชธานี,2,ตำบลหัวเรือ,ตำบลหัวเรือ,ภูมิใจไทย,73.0,339,4588.0,3991,0.015911072362685266,0.08494111751440742,-0.06903004515172215,0.06903004515172215
อุบลราชธานี,2,ตำบลหัวเรือ,ตำบลหัวเรือ,มิติใหม่,0.0,19,4588.0,3991,0.0,0.00476071160110248,-0.00476071160110248,0.00476071160110248
อุบลราชธานี,2,ตำบลหัวเรือ,ตำบลหัวเรือ,รวมพลังประชาชน,0.0,31,4588.0,3991,0.0,0.007767476822851416,-0.007767476822851416,0.007767476822851416
อุบลราชธานี,2,ตำบลหัวเรือ,ตำบลหัวเรือ,รวมใจไทย,0.0,219,4588.0,3991,0.0,0.05487346529691806,-0.05487346529691806,0.05487346529691806
อุบลราชธานี,2,ตำบลหัวเรือ,ตำบลหัวเรือ,รวมไทยสร้างชาติ,0.0,74,4588.0,3991,0.0,0.018541718867451765,-0.018541718867451765,0.018541718867451765
อุบลราชธานี,2,ตำบลหัวเรือ,ตำบลหัวเรือ,รักชาติ,0.0,5,4588.0,3991,0.0,0.0012528188423953897,-0.0012528188423953897,0.0012528188423953897
อุบลราชธานี,2,ตำบลหัวเรือ,ตำบลหัวเรือ,วิชชั่นใหม่,0.0,10,4588.0,3991,0.0,0.0025056376847907794,-0.0025056376847907794,0.0025056376847907794
อุบลราชธานี,2,ตำบลหัวเรือ,ตำบลหัวเรือ,สร้างอนาคตไทย,0.0,5,4588.0,3991,0.0,0.0012528188423953897,-0.0012528188423953897,0.0012528188423953897
อุบลราชธานี,2,ตำบลหัวเรือ,ตำบลหัวเรือ,สังคมประชาธิปไตยไทย,0.0,2,4588.0,3991,0.0,0.0005011275369581559,-0.0005011275369581559,0.0005011275369581559
อุบลราชธานี,2,ตำบลหัวเรือ,ตำบลหัวเรือ,อนาคตไทย,0.0,3,4588.0,3991,0.0,0.0007516913054372337,-0.0007516913054372337,0.0007516913054372337
อุบลราชธานี,2,ตำบลหัวเรือ,ตำบลหัวเรือ,เครือข่ายชาวนาแห่งประเทศไทย,0.0,0,4588.0,3991,0.0,0.0,0.0,0.0
อุบลราชธานี,2,ตำบลหัวเรือ,ตำบลหัวเรือ,เป็นธรรม,0.0,202,4588.0,3991,0.0,0.050613881232773744,-0.050613881232773744,0.050613881232773744
อุบลราชธานี,2,ตำบลหัวเรือ,ตำบลหัวเรือ,เพื่อชาติไทย,0.0,51,4588.0,3991,0.0,0.012778752192432975,-0.012778752192432975,0.012778752192432975
อุบลราชธานี,2,ตำบลหัวเรือ,ตำบลหัวเรือ,เพื่อชีวิตใหม่,0.0,3,4588.0,3991,0.0,0.0007516913054372337,-0.0007516913054372337,0.0007516913054372337
อุบลราชธานี,2,ตำบลหัวเรือ,ตำบลหัวเรือ,เพื่อบ้านเมือง,0.0,8,4588.0,3991,0.0,0.0020045101478326235,-0.0020045101478326235,0.0020045101478326235
อุบลราชธานี,2,ตำบลหัวเรือ,ตำบลหัวเรือ,เพื่อไทย,131.0,564,4588.0,3991,0.02855274629468178,0.14131796542219996,-0.11276521912751818,0.11276521912751818
อุบลราชธานี,2,ตำบลหัวเรือ,ตำบลหัวเรือ,เศรษฐกิจ,43.0,164,4588.0,3991,0.009372275501307759,0.04109245803056878,-0.03172018252926102,0.03172018252926102
อุบลราชธานี,2,ตำบลหัวเรือ,ตำบลหัวเรือ,เสรีรวมไทย,0.0,11,4588.0,3991,0.0,0.002756201453269857,-0.002756201453269857,0.002756201453269857
อุบลราชธานี,2,ตำบลหัวเรือ,ตำบลหัวเรือ,แผ่นดินธรรม,0.0,17,4588.0,3991,0.0,0.004259584064144325,-0.004259584064144325,0.004259584064144325
อุบลราชธานี,2,ตำบลหัวเรือ,ตำบลหัวเรือ,แรงงานสร้างชาติ,0.0,5,4588.0,3991,0.0,0.0012528188423953897,-0.0012528188423953897,0.0012528188423953897
อุบลราชธานี,2,ตำบลหัวเรือ,ตำบลหัวเรือ,โอกาสใหม่,0.0,0,4588.0,3991,0.0,0.0,0.0,0.0
อุบลราชธานี,2,ตำบลหัวเรือ,ตำบลหัวเรือ,ใหม่,0.0,19,4588.0,3991,0.0,0.00476071160110248,-0.00476071160110248,0.00476071160110248
อุบลราชธานี,2,ตำบลหัวเรือ,ตำบลหัวเรือ,ไทยก้าวหน้า,0.0,6,4588.0,3991,0.0,0.0015033826108744675,-0.0015033826108744675,0.0015033826108744675
อุบลราชธานี,2,ตำบลหัวเรือ,ตำบลหัวเรือ,ไทยก้าวใหม่,5.0,10,4588.0,3991,0.001089799476896251,0.0025056376847907794,-0.0014158382078945284,0.0014158382078945284
อุบลราชธานี,2,ตำบลหัวเรือ,ตำบลหัวเรือ,ไทยชนะ,0.0,1,4588.0,3991,0.0,0.00025056376847907793,-0.00025056376847907793,0.00025056376847907793
อุบลราชธานี,2,ตำบลหัวเรือ,ตำบลหัวเรือ,ไทยทรัพย์ทวี,0.0,89,4588.0,3991,0.0,0.022300175394637935,-0.022300175394637935,0.022300175394637935
อุบลราชธานี,2,ตำบลหัวเรือ,ตำบลหัวเรือ,ไทยธรรม,0.0,10,4588.0,3991,0.0,0.0025056376847907794,-0.0025056376847907794,0.0025056376847907794
อุบลราชธานี,2,ตำบลหัวเรือ,ตำบลหัวเรือ,ไทยพร้อม,0.0,1,4588.0,3991,0.0,0.00025056376847907793,-0.00025056376847907793,0.00025056376847907793
อุบลราชธานี,2,ตำบลหัวเรือ,ตำบลหัวเรือ,ไทยพิทักษ์ธรรม,0.0,0,4588.0,3991,0.0,0.0,0.0,0.0
อุบลราชธานี,2,ตำบลหัวเรือ,ตำบลหัวเรือ,ไทยภักดี,0.0,9,4588.0,3991,0.0,0.0022550739163117012,-0.0022550739163117012,0.0022550739163117012
อุบลราชธานี,2,ตำบลหัวเรือ,ตำบลหัวเรือ,ไทยรวมไทย,0.0,0,4588.0,3991,0.0,0.0,0.0,0.0
อุบลราชธานี,2,ตำบลหัวเรือ,ตำบลหัวเรือ,ไทยสร้างไทย,0.0,17,4588.0,3991,0.0,0.004259584064144325,-0.004259584064144325,0.004259584064144325
อุบลราชธานี,2,ตำบลหัวเรือ,ตำบลหัวเรือ,ไทรวมพลัง,2452.0,662,4588.0,3991,0.5344376634699215,0.1658732147331496,0.3685644487367719,0.3685644487367719
อุบลราชธานี,2,ตำบลเขื่องใน,เขตตำบลเขื่องใน,กรีน,0.0,1,1717.0,1512,0.0,0.0006613756613756613,-0.0006613756613756613,0.0006613756613756613
อุบลราชธานี,2,ตำบลเขื่องใน,เขตตำบลเขื่องใน,กล้าธรรม,927.0,226,1717.0,1512,0.539895165987187,0.14947089947089948,0.39042426651628753,0.39042426651628753
อุบลราชธานี,2,ตำบลเขื่องใน,เขตตำบลเขื่องใน,ก้าวอิสระ,0.0,2,1717.0,1512,0.0,0.0013227513227513227,-0.0013227513227513227,0.0013227513227513227
อุบลราชธานี,2,ตำบลเขื่องใน,เขตตำบลเขื่องใน,ครูไทยเพื่อประชาชน,0.0,2,1717.0,1512,0.0,0.0013227513227513227,-0.0013227513227513227,0.0013227513227513227
อุบลราชธานี,2,ตำบลเขื่องใน,เขตตำบลเขื่องใน,คลองไทย,0.0,79,1717.0,1512,0.0,0.052248677248677246,-0.052248677248677246,0.052248677248677246
อุบลราชธานี,2,ตำบลเขื่องใน,เขตตำบลเขื่องใน,ความหวังใหม่,0.0,0,1717.0,1512,0.0,0.0,0.0,0.0
อุบลราชธานี,2,ตำบลเขื่องใน,เขตตำบลเขื่องใน,ทางเลือกใหม่,0.0,2,1717.0,1512,0.0,0.0013227513227513227,-0.0013227513227513227,0.0013227513227513227
อุบลราชธานี,2,ตำบลเขื่องใน,เขตตำบลเขื่องใน,ท้องที่ไทย,0.0,4,1717.0,1512,0.0,0.0026455026455026454,-0.0026455026455026454,0.0026455026455026454
อุบลราชธานี,2,ตำบลเขื่องใน,เขตตำบลเขื่องใน,ประชากรไทย,0.0,1,1717.0,1512,0.0,0.0006613756613756613,-0.0006613756613756613,0.0006613756613756613
อุบลราชธานี,2,ตำบลเขื่องใน,เขตตำบลเขื่องใน,ประชาชน,94.0,221,1717.0,1512,0.054746651135701804,0.14616402116402116,-0.09141737002831936,0.09141737002831936
อุบลราชธานี,2,ตำบลเขื่องใน,เขตตำบลเขื่องใน,ประชาชาติ,0.0,2,1717.0,1512,0.0,0.0013227513227513227,-0.0013227513227513227,0.0013227513227513227
อุบลราชธานี,2,ตำบลเขื่องใน,เขตตำบลเขื่องใน,ประชาธิปัตย์,1.0,31,1717.0,1512,0.0005824111822947001,0.0205026455026455,-0.0199202343203508,0.0199202343203508
อุบลราชธานี,2,ตำบลเขื่องใน,เขตตำบลเขื่องใน,ประชาธิปไตยใหม่,23.0,54,1717.0,1512,0.013395457192778102,0.03571428571428571,-0.02231882852150761,0.02231882852150761
อุบลราชธานี,2,ตำบลเขื่องใน,เขตตำบลเขื่องใน,ประชาอาสาชาติ,0.0,2,1717.0,1512,0.0,0.0013227513227513227,-0.0013227513227513227,0.0013227513227513227
อุบลราชธานี,2,ตำบลเขื่องใน,เขตตำบลเขื่องใน,ประชาไทย,0.0,1,1717.0,1512,0.0,0.0006613756613756613,-0.0006613756613756613,0.0006613756613756613
อุบลราชธานี,2,ตำบลเขื่องใน,เขตตำบลเขื่องใน,ปวงชนไทย,0.0,5,1717.0,1512,0.0,0.0033068783068783067,-0.0033068783068783067,0.0033068783068783067
อุบลราชธานี,2,ตำบลเขื่องใน,เขตตำบลเขื่องใน,พร้อม,0.0,0,1717.0,1512,0.0,0.0,0.0,0.0
อุบลราชธานี,2,ตำบลเขื่องใน,เขตตำบลเขื่องใน,พลวัต,0.0,3,1717.0,1512,0.0,0.001984126984126984,-0.001984126984126984,0.001984126984126984
อุบลราชธานี,2,ตำบลเขื่องใน,เขตตำบลเขื่องใน,พลังธรรมใหม่,0.0,5,1717.0,1512,0.0,0.0033068783068783067,-0.0033068783068783067,0.0033068783068783067
อุบลราชธานี,2,ตำบลเขื่องใน,เขตตำบลเขื่องใน,พลังประชารัฐ,2.0,6,1717.0,1512,0.0011648223645894002,0.003968253968253968,-0.002803431603664568,0.002803431603664568
อุบลราชธานี,2,ตำบลเขื่องใน,เขตตำบลเขื่องใน,พลังสังคมใหม่,0.0,0,1717.0,1512,0.0,0.0,0.0,0.0
อุบลราชธานี,2,ตำบลเขื่องใน,เขตตำบลเขื่องใน,พลังเพื่อไทย,0.0,2,1717.0,1512,0.0,0.0013227513227513227,-0.0013227513227513227,0.0013227513227513227
อุบลราชธานี,2,ตำบลเขื่องใน,เขตตำบลเขื่องใน,พลังไทยรักชาติ,0.0,1,1717.0,1512,0.0,0.0006613756613756613,-0.0006613756613756613,0.0006613756613756613
อุบลราชธานี,2,ตำบลเขื่องใน,เขตตำบลเขื่องใน,ฟิวชัน,0.0,24,1717.0,1512,0.0,0.015873015873015872,-0.015873015873015872,0.015873015873015872
อุบลราชธานี,2,ตำบลเขื่องใน,เขตตำบลเขื่องใน,ภูมิใจไทย,6.0,168,1717.0,1512,0.0034944670937682005,0.1111111111111111,-0.1076166440173429,0.1076166440173429
อุบลราชธานี,2,ตำบลเขื่องใน,เขตตำบลเขื่องใน,มิติใหม่,0.0,1,1717.0,1512,0.0,0.0006613756613756613,-0.0006613756613756613,0.0006613756613756613
อุบลราชธานี,2,ตำบลเขื่องใน,เขตตำบลเขื่องใน,รวมพลังประชาชน,0.0,9,1717.0,1512,0.0,0.005952380952380952,-0.005952380952380952,0.005952380952380952
อุบลราชธานี,2,ตำบลเขื่องใน,เขตตำบลเขื่องใน,รวมใจไทย,0.0,58,1717.0,1512,0.0,0.03835978835978836,-0.03835978835978836,0.03835978835978836
อุบลราชธานี,2,ตำบลเขื่องใน,เขตตำบลเขื่องใน,รวมไทยสร้างชาติ,0.0,24,1717.0,1512,0.0,0.015873015873015872,-0.015873015873015872,0.015873015873015872
อุบลราชธานี,2,ตำบลเขื่องใน,เขตตำบลเขื่องใน,รักชาติ,0.0,1,1717.0,1512,0.0,0.0006613756613756613,-0.0006613756613756613,0.0006613756613756613
อุบลราชธานี,2,ตำบลเขื่องใน,เขตตำบลเขื่องใน,วิชชั่นใหม่,0.0,4,1717.0,1512,0.0,0.0026455026455026454,-0.0026455026455026454,0.0026455026455026454
อุบลราชธานี,2,ตำบลเขื่องใน,เขตตำบลเขื่องใน,สร้างอนาคตไทย,0.0,1,1717.0,1512,0.0,0.0006613756613756613,-0.0006613756613756613,0.0006613756613756613
อุบลราชธานี,2,ตำบลเขื่องใน,เขตตำบลเขื่องใน,สังคมประชาธิปไตยไทย,0.0,1,1717.0,1512,0.0,0.0006613756613756613,-0.0006613756613756613,0.0006613756613756613
อุบลราชธานี,2,ตำบลเขื่องใน,เขตตำบลเขื่องใน,อนาคตไทย,0.0,0,1717.0,1512,0.0,0.0,0.0,0.0
อุบลราชธานี,2,ตำบลเขื่องใน,เขตตำบลเขื่องใน,เครือข่ายชาวนาแห่งประเทศไทย,0.0,1,1717.0,1512,0.0,0.0006613756613756613,-0.0006613756613756613,0.0006613756613756613
อุบลราชธานี,2,ตำบลเขื่องใน,เขตตำบลเขื่องใน,เป็นธรรม,0.0,37,1717.0,1512,0.0,0.02447089947089947,-0.02447089947089947,0.02447089947089947
อุบลราชธานี,2,ตำบลเขื่องใน,เขตตำบลเขื่องใน,เพื่อชาติไทย,0.0,18,1717.0,1512,0.0,0.011904761904761904,-0.011904761904761904,0.011904761904761904
อุบลราชธานี,2,ตำบลเขื่องใน,เขตตำบลเขื่องใน,เพื่อชีวิตใหม่,0.0,0,1717.0,1512,0.0,0.0,0.0,0.0
อุบลราชธานี,2,ตำบลเขื่องใน,เขตตำบลเขื่องใน,เพื่อบ้านเมือง,0.0,1,1717.0,1512,0.0,0.0006613756613756613,-0.0006613756613756613,0.0006613756613756613
อุบลราชธานี,2,ตำบลเขื่องใน,เขตตำบลเขื่องใน,เพื่อไทย,15.0,155,1717.0,1512,0.008736167734420501,0.10251322751322751,-0.09377705977880701,0.09377705977880701
อุบลราชธานี,2,ตำบลเขื่องใน,เขตตำบลเขื่องใน,เศรษฐกิจ,9.0,42,1717.0,1512,0.0052417006406523005,0.027777777777777776,-0.022536077137125476,0.022536077137125476
อุบลราชธานี,2,ตำบลเขื่องใน,เขตตำบลเขื่องใน,เสรีรวมไทย,0.0,16,1717.0,1512,0.0,0.010582010582010581,-0.010582010582010581,0.010582010582010581
อุบลราชธานี,2,ตำบลเขื่องใน,เขตตำบลเขื่องใน,แผ่นดินธรรม,0.0,4,1717.0,1512,0.0,0.0026455026455026454,-0.0026455026455026454,0.0026455026455026454
อุบลราชธานี,2,ตำบลเขื่องใน,เขตตำบลเขื่องใน,แรงงานสร้างชาติ,0.0,4,1717.0,1512,0.0,0.0026455026455026454,-0.0026455026455026454,0.0026455026455026454
อุบลราชธานี,2,ตำบลเขื่องใน,เขตตำบลเขื่องใน,โอกาสใหม่,0.0,0,1717.0,1512,0.0,0.0,0.0,0.0
อุบลราชธานี,2,ตำบลเขื่องใน,เขตตำบลเขื่องใน,ใหม่,0.0,7,1717.0,1512,0.0,0.004629629629629629,-0.004629629629629629,0.004629629629629629
อุบลราชธานี,2,ตำบลเขื่องใน,เขตตำบลเขื่องใน,ไทยก้าวหน้า,0.0,1,1717.0,1512,0.0,0.0006613756613756613,-0.0006613756613756613,0.0006613756613756613
อุบลราชธานี,2,ตำบลเขื่องใน,เขตตำบลเขื่องใน,ไทยก้าวใหม่,2.0,2,1717.0,1512,0.0011648223645894002,0.0013227513227513227,-0.00015792895816192252,0.00015792895816192252
อุบลราชธานี,2,ตำบลเขื่องใน,เขตตำบลเขื่องใน,ไทยชนะ,0.0,3,1717.0,1512,0.0,0.001984126984126984,-0.001984126984126984,0.001984126984126984
อุบลราชธานี,2,ตำบลเขื่องใน,เขตตำบลเขื่องใน,ไทยทรัพย์ทวี,0.0,39,1717.0,1512,0.0,0.025793650793650792,-0.025793650793650792,0.025793650793650792
อุบลราชธานี,2,ตำบลเขื่องใน,เขตตำบลเขื่องใน,ไทยธรรม,0.0,1,1717.0,1512,0.0,0.0006613756613756613,-0.0006613756613756613,0.0006613756613756613
อุบลราชธานี,2,ตำบลเขื่องใน,เขตตำบลเขื่องใน,ไทยพร้อม,0.0,2,1717.0,1512,0.0,0.0013227513227513227,-0.0013227513227513227,0.0013227513227513227
อุบลราชธานี,2,ตำบลเขื่องใน,เขตตำบลเขื่องใน,ไทยพิทักษ์ธรรม,0.0,0,1717.0,1512,0.0,0.0,0.0,0.0
อุบลราชธานี,2,ตำบลเขื่องใน,เขตตำบลเขื่องใน,ไทยภักดี,0.0,2,1717.0,1512,0.0,0.0013227513227513227,-0.0013227513227513227,0.0013227513227513227
อุบลราชธานี,2,ตำบลเขื่องใน,เขตตำบลเขื่องใน,ไทยรวมไทย,0.0,0,1717.0,1512,0.0,0.0,0.0,0.0
อุบลราชธานี,2,ตำบลเขื่องใน,เขตตำบลเขื่องใน,ไทยสร้างไทย,0.0,3,1717.0,1512,0.0,0.001984126984126984,-0.001984126984126984,0.001984126984126984
อุบลราชธานี,2,ตำบลเขื่องใน,เขตตำบลเขื่องใน,ไทรวมพลัง,638.0,233,1717.0,1512,0.37157833430401865,0.1541005291005291,0.21747780520348955,0.21747780520348955
อุบลราชธานี,2,ตำบลเขื่องใน,เขตเทศบาล และนอกเขต,กรีน,0.0,0,406.0,451,0.0,0.0,0.0,0.0
อุบลราชธานี,2,ตำบลเขื่องใน,เขตเทศบาล และนอกเขต,กล้าธรรม,217.0,87,406.0,451,0.5344827586206896,0.19290465631929046,0.3415781023013992,0.3415781023013992
อุบลราชธานี,2,ตำบลเขื่องใน,เขตเทศบาล และนอกเขต,ก้าวอิสระ,0.0,0,406.0,451,0.0,0.0,0.0,0.0
อุบลราชธานี,2,ตำบลเขื่องใน,เขตเทศบาล และนอกเขต,ครูไทยเพื่อประชาชน,0.0,0,406.0,451,0.0,0.0,0.0,0.0
อุบลราชธานี,2,ตำบลเขื่องใน,เขตเทศบาล และนอกเขต,คลองไทย,0.0,0,406.0,451,0.0,0.0,0.0,0.0
อุบลราชธานี,2,ตำบลเขื่องใน,เขตเทศบาล และนอกเขต,ความหวังใหม่,0.0,0,406.0,451,0.0,0.0,0.0,0.0
อุบลราชธานี,2,ตำบลเขื่องใน,เขตเทศบาล และนอกเขต,ทางเลือกใหม่,0.0,0,406.0,451,0.0,0.0,0.0,0.0
อุบลราชธานี,2,ตำบลเขื่องใน,เขตเทศบาล และนอกเขต,ท้องที่ไทย,0.0,1,406.0,451,0.0,0.0022172949002217295,-0.0022172949002217295,0.0022172949002217295
อุบลราชธานี,2,ตำบลเขื่องใน,เขตเทศบาล และนอกเขต,ประชากรไทย,0.0,0,406.0,451,0.0,0.0,0.0,0.0
อุบลราชธานี,2,ตำบลเขื่องใน,เขตเทศบาล และนอกเขต,ประชาชน,9.0,57,406.0,451,0.022167487684729065,0.12638580931263857,-0.1042183216279095,0.1042183216279095
อุบลราชธานี,2,ตำบลเขื่องใน,เขตเทศบาล และนอกเขต,ประชาชาติ,0.0,1,406.0,451,0.0,0.0022172949002217295,-0.0022172949002217295,0.0022172949002217295
อุบลราชธานี,2,ตำบลเขื่องใน,เขตเทศบาล และนอกเขต,ประชาธิปัตย์,1.0,23,406.0,451,0.0024630541871921183,0.050997782705099776,-0.04853472851790766,0.04853472851790766
อุบลราชธานี,2,ตำบลเขื่องใน,เขตเทศบาล และนอกเขต,ประชาธิปไตยใหม่,0.0,3,406.0,451,0.0,0.0066518847006651885,-0.0066518847006651885,0.0066518847006651885
อุบลราชธานี,2,ตำบลเขื่องใน,เขตเทศบาล และนอกเขต,ประชาอาสาชาติ,0.0,0,406.0,451,0.0,0.0,0.0,0.0
อุบลราชธานี,2,ตำบลเขื่องใน,เขตเทศบาล และนอกเขต,ประชาไทย,0.0,0,406.0,451,0.0,0.0,0.0,0.0
อุบลราชธานี,2,ตำบลเขื่องใน,เขตเทศบาล และนอกเขต,ปวงชนไทย,0.0,0,406.0,451,0.0,0.0,0.0,0.0
อุบลราชธานี,2,ตำบลเขื่องใน,เขตเทศบาล และนอกเขต,พร้อม,0.0,0,406.0,451,0.0,0.0,0.0,0.0
อุบลราชธานี,2,ตำบลเขื่องใน,เขตเทศบาล และนอกเขต,พลวัต,0.0,0,406.0,451,0.0,0.0,0.0,0.0
อุบลราชธานี,2,ตำบลเขื่องใน,เขตเทศบาล และนอกเขต,พลังธรรมใหม่,0.0,1,406.0,451,0.0,0.0022172949002217295,-0.0022172949002217295,0.0022172949002217295
อุบลราชธานี,2,ตำบลเขื่องใน,เขตเทศบาล และนอกเขต,พลังประชารัฐ,0.0,0,406.0,451,0.0,0.0,0.0,0.0
อุบลราชธานี,2,ตำบลเขื่องใน,เขตเทศบาล และนอกเขต,พลังสังคมใหม่,0.0,0,406.0,451,0.0,0.0,0.0,0.0
อุบลราชธานี,2,ตำบลเขื่องใน,เขตเทศบาล และนอกเขต,พลังเพื่อไทย,0.0,1,406.0,451,0.0,0.0022172949002217295,-0.0022172949002217295,0.0022172949002217295
อุบลราชธานี,2,ตำบลเขื่องใน,เขตเทศบาล และนอกเขต,พลังไทยรักชาติ,0.0,0,406.0,451,0.0,0.0,0.0,0.0
อุบลราชธานี,2,ตำบลเขื่องใน,เขตเทศบาล และนอกเขต,ฟิวชัน,0.0,0,406.0,451,0.0,0.0,0.0,0.0
อุบลราชธานี,2,ตำบลเขื่องใน,เขตเทศบาล และนอกเขต,ภูมิใจไทย,0.0,34,406.0,451,0.0,0.07538802660753881,-0.07538802660753881,0.07538802660753881
อุบลราชธานี,2,ตำบลเขื่องใน,เขตเทศบาล และนอกเขต,มิติใหม่,0.0,0,406.0,451,0.0,0.0,0.0,0.0
อุบลราชธานี,2,ตำบลเขื่องใน,เขตเทศบาล และนอกเขต,รวมพลังประชาชน,0.0,0,406.0,451,0.0,0.0,0.0,0.0
อุบลราชธานี,2,ตำบลเขื่องใน,เขตเทศบาล และนอกเขต,รวมใจไทย,0.0,12,406.0,451,0.0,0.026607538802660754,-0.026607538802660754,0.026607538802660754
อุบลราชธานี,2,ตำบลเขื่องใน,เขตเทศบาล และนอกเขต,รวมไทยสร้างชาติ,0.0,3,406.0,451,0.0,0.0066518847006651885,-0.0066518847006651885,0.0066518847006651885
อุบลราชธานี,2,ตำบลเขื่องใน,เขตเทศบาล และนอกเขต,รักชาติ,0.0,1,406.0,451,0.0,0.0022172949002217295,-0.0022172949002217295,0.0022172949002217295
อุบลราชธานี,2,ตำบลเขื่องใน,เขตเทศบาล และนอกเขต,วิชชั่นใหม่,0.0,2,406.0,451,0.0,0.004434589800443459,-0.004434589800443459,0.004434589800443459
อุบลราชธานี,2,ตำบลเขื่องใน,เขตเทศบาล และนอกเขต,สร้างอนาคตไทย,0.0,1,406.0,451,0.0,0.0022172949002217295,-0.0022172949002217295,0.0022172949002217295
อุบลราชธานี,2,ตำบลเขื่องใน,เขตเทศบาล และนอกเขต,สังคมประชาธิปไตยไทย,0.0,0,406.0,451,0.0,0.0,0.0,0.0
อุบลราชธานี,2,ตำบลเขื่องใน,เขตเทศบาล และนอกเขต,อนาคตไทย,0.0,1,406.0,451,0.0,0.0022172949002217295,-0.0022172949002217295,0.0022172949002217295
อุบลราชธานี,2,ตำบลเขื่องใน,เขตเทศบาล และนอกเขต,เครือข่ายชาวนาแห่งประเทศไทย,0.0,0,406.0,451,0.0,0.0,0.0,0.0
อุบลราชธานี,2,ตำบลเขื่องใน,เขตเทศบาล และนอกเขต,เป็นธรรม,0.0,0,406.0,451,0.0,0.0,0.0,0.0
อุบลราชธานี,2,ตำบลเขื่องใน,เขตเทศบาล และนอกเขต,เพื่อชาติไทย,0.0,5,406.0,451,0.0,0.011086474501108648,-0.011086474501108648,0.011086474501108648
อุบลราชธานี,2,ตำบลเขื่องใน,เขตเทศบาล และนอกเขต,เพื่อชีวิตใหม่,0.0,0,406.0,451,0.0,0.0,0.0,0.0
อุบลราชธานี,2,ตำบลเขื่องใน,เขตเทศบาล และนอกเขต,เพื่อบ้านเมือง,0.0,0,406.0,451,0.0,0.0,0.0,0.0
อุบลราชธานี,2,ตำบลเขื่องใน,เขตเทศบาล และนอกเขต,เพื่อไทย,0.0,99,406.0,451,0.0,0.21951219512195122,-0.21951219512195122,0.21951219512195122
อุบลราชธานี,2,ตำบลเขื่องใน,เขตเทศบาล และนอกเขต,เศรษฐกิจ,0.0,16,406.0,451,0.0,0.03547671840354767,-0.03547671840354767,0.03547671840354767
อุบลราชธานี,2,ตำบลเขื่องใน,เขตเทศบาล และนอกเขต,เสรีรวมไทย,0.0,1,406.0,451,0.0,0.0022172949002217295,-0.0022172949002217295,0.0022172949002217295
อุบลราชธานี,2,ตำบลเขื่องใน,เขตเทศบาล และนอกเขต,แผ่นดินธรรม,0.0,1,406.0,451,0.0,0.0022172949002217295,-0.0022172949002217295,0.0022172949002217295
อุบลราชธานี,2,ตำบลเขื่องใน,เขตเทศบาล และนอกเขต,แรงงานสร้างชาติ,0.0,2,406.0,451,0.0,0.004434589800443459,-0.004434589800443459,0.004434589800443459
อุบลราชธานี,2,ตำบลเขื่องใน,เขตเทศบาล และนอกเขต,โอกาสใหม่,0.0,1,406.0,451,0.0,0.0022172949002217295,-0.0022172949002217295,0.0022172949002217295
อุบลราชธานี,2,ตำบลเขื่องใน,เขตเทศบาล และนอกเขต,ใหม่,0.0,2,406.0,451,0.0,0.004434589800443459,-0.004434589800443459,0.004434589800443459
อุบลราชธานี,2,ตำบลเขื่องใน,เขตเทศบาล และนอกเขต,ไทยก้าวหน้า,0.0,0,406.0,451,0.0,0.0,0.0,0.0
อุบลราชธานี,2,ตำบลเขื่องใน,เขตเทศบาล และนอกเขต,ไทยก้าวใหม่,0.0,3,406.0,451,0.0,0.0066518847006651885,-0.0066518847006651885,0.0066518847006651885
อุบลราชธานี,2,ตำบลเขื่องใน,เขตเทศบาล และนอกเขต,ไทยชนะ,0.0,0,406.0,451,0.0,0.0,0.0,0.0
อุบลราชธานี,2,ตำบลเขื่องใน,เขตเทศบาล และนอกเขต,ไทยทรัพย์ทวี,0.0,9,406.0,451,0.0,0.019955654101995565,-0.019955654101995565,0.019955654101995565
อุบลราชธานี,2,ตำบลเขื่องใน,เขตเทศบาล และนอกเขต,ไทยธรรม,0.0,0,406.0,451,0.0,0.0,0.0,0.0
อุบลราชธานี,2,ตำบลเขื่องใน,เขตเทศบาล และนอกเขต,ไทยพร้อม,0.0,1,406.0,451,0.0,0.0022172949002217295,-0.0022172949002217295,0.0022172949002217295
อุบลราชธานี,2,ตำบลเขื่องใน,เขตเทศบาล และนอกเขต,ไทยพิทักษ์ธรรม,0.0,0,406.0,451,0.0,0.0,0.0,0.0
อุบลราชธานี,2,ตำบลเขื่องใน,เขตเทศบาล และนอกเขต,ไทยภักดี,0.0,0,406.0,451,0.0,0.0,0.0,0.0
อุบลราชธานี,2,ตำบลเขื่องใน,เขตเทศบาล และนอกเขต,ไทยรวมไทย,0.0,0,406.0,451,0.0,0.0,0.0,0.0
อุบลราชธานี,2,ตำบลเขื่องใน,เขตเทศบาล และนอกเขต,ไทยสร้างไทย,0.0,2,406.0,451,0.0,0.004434589800443459,-0.004434589800443459,0.004434589800443459
อุบลราชธานี,2,ตำบลเขื่องใน,เขตเทศบาล และนอกเขต,ไทรวมพลัง,179.0,81,406.0,451,0.4408866995073892,0.17960088691796008,0.26128581258942907,0.26128581258942907
อุบลราชธานี,2,อำเภอเขื่องใน,ตำบลกลางใหญ่,กรีน,0.0,2,1503.0,1469,0.0,0.0013614703880190605,-0.0013614703880190605,0.0013614703880190605
อุบลราชธานี,2,อำเภอเขื่องใน,ตำบลกลางใหญ่,กล้าธรรม,784.0,305,1503.0,1469,0.5216234198270127,0.20762423417290674,0.3139991856541059,0.3139991856541059
อุบลราชธานี,2,อำเภอเขื่องใน,ตำบลกลางใหญ่,ก้าวอิสระ,0.0,0,1503.0,1469,0.0,0.0,0.0,0.0
อุบลราชธานี,2,อำเภอเขื่องใน,ตำบลกลางใหญ่,ครูไทยเพื่อประชาชน,0.0,2,1503.0,1469,0.0,0.0013614703880190605,-0.0013614703880190605,0.0013614703880190605
อุบลราชธานี,2,อำเภอเขื่องใน,ตำบลกลางใหญ่,คลองไทย,0.0,44,1503.0,1469,0.0,0.029952348536419333,-0.029952348536419333,0.029952348536419333
อุบลราชธานี,2,อำเภอเขื่องใน,ตำบลกลางใหญ่,ความหวังใหม่,0.0,0,1503.0,1469,0.0,0.0,0.0,0.0
อุบลราชธานี,2,อำเภอเขื่องใน,ตำบลกลางใหญ่,ทางเลือกใหม่,0.0,7,1503.0,1469,0.0,0.004765146358066712,-0.004765146358066712,0.004765146358066712
อุบลราชธานี,2,อำเภอเขื่องใน,ตำบลกลางใหญ่,ท้องที่ไทย,0.0,2,1503.0,1469,0.0,0.0013614703880190605,-0.0013614703880190605,0.0013614703880190605
อุบลราชธานี,2,อำเภอเขื่องใน,ตำบลกลางใหญ่,ประชากรไทย,0.0,2,1503.0,1469,0.0,0.0013614703880190605,-0.0013614703880190605,0.0013614703880190605
อุบลราชธานี,2,อำเภอเขื่องใน,ตำบลกลางใหญ่,ประชาชน,119.0,228,1503.0,1469,0.07917498336660013,0.15520762423417292,-0.07603264086757279,0.07603264086757279
อุบลราชธานี,2,อำเภอเขื่องใน,ตำบลกลางใหญ่,ประชาชาติ,0.0,11,1503.0,1469,0.0,0.007488087134104833,-0.007488087134104833,0.007488087134104833
อุบลราชธานี,2,อำเภอเขื่องใน,ตำบลกลางใหญ่,ประชาธิปัตย์,11.0,56,1503.0,1469,0.007318695941450432,0.0381211708645337,-0.030802474923083266,0.030802474923083266
อุบลราชธานี,2,อำเภอเขื่องใน,ตำบลกลางใหญ่,ประชาธิปไตยใหม่,2.0,7,1503.0,1469,0.0013306719893546241,0.004765146358066712,-0.003434474368712088,0.003434474368712088
อุบลราชธานี,2,อำเภอเขื่องใน,ตำบลกลางใหญ่,ประชาอาสาชาติ,0.0,1,1503.0,1469,0.0,0.0006807351940095302,-0.0006807351940095302,0.0006807351940095302
อุบลราชธานี,2,อำเภอเขื่องใน,ตำบลกลางใหญ่,ประชาไทย,0.0,3,1503.0,1469,0.0,0.0020422055820285907,-0.0020422055820285907,0.0020422055820285907
อุบลราชธานี,2,อำเภอเขื่องใน,ตำบลกลางใหญ่,ปวงชนไทย,0.0,0,1503.0,1469,0.0,0.0,0.0,0.0
อุบลราชธานี,2,อำเภอเขื่องใน,ตำบลกลางใหญ่,พร้อม,0.0,0,1503.0,1469,0.0,0.0,0.0,0.0
อุบลราชธานี,2,อำเภอเขื่องใน,ตำบลกลางใหญ่,พลวัต,0.0,4,1503.0,1469,0.0,0.002722940776038121,-0.002722940776038121,0.002722940776038121
อุบลราชธานี,2,อำเภอเขื่องใน,ตำบลกลางใหญ่,พลังธรรมใหม่,0.0,3,1503.0,1469,0.0,0.0020422055820285907,-0.0020422055820285907,0.0020422055820285907
อุบลราชธานี,2,อำเภอเขื่องใน,ตำบลกลางใหญ่,พลังประชารัฐ,1.0,14,1503.0,1469,0.0006653359946773121,0.009530292716133424,-0.008864956721456112,0.008864956721456112
อุบลราชธานี,2,อำเภอเขื่องใน,ตำบลกลางใหญ่,พลังสังคมใหม่,0.0,0,1503.0,1469,0.0,0.0,0.0,0.0
อุบลราชธานี,2,อำเภอเขื่องใน,ตำบลกลางใหญ่,พลังเพื่อไทย,0.0,4,1503.0,1469,0.0,0.002722940776038121,-0.002722940776038121,0.002722940776038121
อุบลราชธานี,2,อำเภอเขื่องใน,ตำบลกลางใหญ่,พลังไทยรักชาติ,0.0,1,1503.0,1469,0.0,0.0006807351940095302,-0.0006807351940095302,0.0006807351940095302
อุบลราชธานี,2,อำเภอเขื่องใน,ตำบลกลางใหญ่,ฟิวชัน,0.0,24,1503.0,1469,0.0,0.016337644656228726,-0.016337644656228726,0.016337644656228726
อุบลราชธานี,2,อำเภอเขื่องใน,ตำบลกลางใหญ่,ภูมิใจไทย,12.0,147,1503.0,1469,0.007984031936127744,0.10006807351940095,-0.0920840415832732,0.0920840415832732
อุบลราชธานี,2,อำเภอเขื่องใน,ตำบลกลางใหญ่,มิติใหม่,0.0,4,1503.0,1469,0.0,0.002722940776038121,-0.002722940776038121,0.002722940776038121
อุบลราชธานี,2,อำเภอเขื่องใน,ตำบลกลางใหญ่,รวมพลังประชาชน,0.0,13,1503.0,1469,0.0,0.008849557522123894,-0.008849557522123894,0.008849557522123894
อุบลราชธานี,2,อำเภอเขื่องใน,ตำบลกลางใหญ่,รวมใจไทย,0.0,26,1503.0,1469,0.0,0.017699115044247787,-0.017699115044247787,0.017699115044247787
อุบลราชธานี,2,อำเภอเขื่องใน,ตำบลกลางใหญ่,รวมไทยสร้างชาติ,0.0,27,1503.0,1469,0.0,0.018379850238257316,-0.018379850238257316,0.018379850238257316
อุบลราชธานี,2,อำเภอเขื่องใน,ตำบลกลางใหญ่,รักชาติ,0.0,0,1503.0,1469,0.0,0.0,0.0,0.0
อุบลราชธานี,2,อำเภอเขื่องใน,ตำบลกลางใหญ่,วิชชั่นใหม่,0.0,4,1503.0,1469,0.0,0.002722940776038121,-0.002722940776038121,0.002722940776038121
อุบลราชธานี,2,อำเภอเขื่องใน,ตำบลกลางใหญ่,สร้างอนาคตไทย,0.0,14,1503.0,1469,0.0,0.009530292716133424,-0.009530292716133424,0.009530292716133424
อุบลราชธานี,2,อำเภอเขื่องใน,ตำบลกลางใหญ่,สังคมประชาธิปไตยไทย,0.0,1,1503.0,1469,0.0,0.0006807351940095302,-0.0006807351940095302,0.0006807351940095302
อุบลราชธานี,2,อำเภอเขื่องใน,ตำบลกลางใหญ่,อนาคตไทย,0.0,0,1503.0,1469,0.0,0.0,0.0,0.0
อุบลราชธานี,2,อำเภอเขื่องใน,ตำบลกลางใหญ่,เครือข่ายชาวนาแห่งประเทศไทย,0.0,0,1503.0,1469,0.0,0.0,0.0,0.0
อุบลราชธานี,2,อำเภอเขื่องใน,ตำบลกลางใหญ่,เป็นธรรม,0.0,0,1503.0,1469,0.0,0.0,0.0,0.0
อุบลราชธานี,2,อำเภอเขื่องใน,ตำบลกลางใหญ่,เพื่อชาติไทย,0.0,18,1503.0,1469,0.0,0.012253233492171545,-0.012253233492171545,0.012253233492171545
อุบลราชธานี,2,อำเภอเขื่องใน,ตำบลกลางใหญ่,เพื่อชีวิตใหม่,0.0,0,1503.0,1469,0.0,0.0,0.0,0.0
อุบลราชธานี,2,อำเภอเขื่องใน,ตำบลกลางใหญ่,เพื่อบ้านเมือง,0.0,2,1503.0,1469,0.0,0.0013614703880190605,-0.0013614703880190605,0.0013614703880190605
อุบลราชธานี,2,อำเภอเขื่องใน,ตำบลกลางใหญ่,เพื่อไทย,34.0,212,1503.0,1469,0.02262142381902861,0.14431586113002043,-0.12169443731099182,0.12169443731099182
อุบลราชธานี,2,อำเภอเขื่องใน,ตำบลกลางใหญ่,เศรษฐกิจ,13.0,34,1503.0,1469,0.008649367930805056,0.02314499659632403,-0.014495628665518973,0.014495628665518973
อุบลราชธานี,2,อำเภอเขื่องใน,ตำบลกลางใหญ่,เสรีรวมไทย,0.0,4,1503.0,1469,0.0,0.002722940776038121,-0.002722940776038121,0.002722940776038121
อุบลราชธานี,2,อำเภอเขื่องใน,ตำบลกลางใหญ่,แผ่นดินธรรม,0.0,4,1503.0,1469,0.0,0.002722940776038121,-0.002722940776038121,0.002722940776038121
อุบลราชธานี,2,อำเภอเขื่องใน,ตำบลกลางใหญ่,แรงงานสร้างชาติ,0.0,1,1503.0,1469,0.0,0.0006807351940095302,-0.0006807351940095302,0.0006807351940095302
อุบลราชธานี,2,อำเภอเขื่องใน,ตำบลกลางใหญ่,โอกาสใหม่,0.0,1,1503.0,1469,0.0,0.0006807351940095302,-0.0006807351940095302,0.0006807351940095302
อุบลราชธานี,2,อำเภอเขื่องใน,ตำบลกลางใหญ่,ใหม่,0.0,5,1503.0,1469,0.0,0.0034036759700476512,-0.0034036759700476512,0.0034036759700476512
อุบลราชธานี,2,อำเภอเขื่องใน,ตำบลกลางใหญ่,ไทยก้าวหน้า,0.0,3,1503.0,1469,0.0,0.0020422055820285907,-0.0020422055820285907,0.0020422055820285907
อุบลราชธานี,2,อำเภอเขื่องใน,ตำบลกลางใหญ่,ไทยก้าวใหม่,1.0,1,1503.0,1469,0.0006653359946773121,0.0006807351940095302,-1.539919933221819e-05,1.539919933221819e-05
อุบลราชธานี,2,อำเภอเขื่องใน,ตำบลกลางใหญ่,ไทยชนะ,0.0,0,1503.0,1469,0.0,0.0,0.0,0.0
อุบลราชธานี,2,อำเภอเขื่องใน,ตำบลกลางใหญ่,ไทยทรัพย์ทวี,0.0,33,1503.0,1469,0.0,0.0224642614023145,-0.0224642614023145,0.0224642614023145
อุบลราชธานี,2,อำเภอเขื่องใน,ตำบลกลางใหญ่,ไทยธรรม,0.0,0,1503.0,1469,0.0,0.0,0.0,0.0
อุบลราชธานี,2,อำเภอเขื่องใน,ตำบลกลางใหญ่,ไทยพร้อม,0.0,0,1503.0,1469,0.0,0.0,0.0,0.0
อุบลราชธานี,2,อำเภอเขื่องใน,ตำบลกลางใหญ่,ไทยพิทักษ์ธรรม,0.0,1,1503.0,1469,0.0,0.0006807351940095302,-0.0006807351940095302,0.0006807351940095302
อุบลราชธานี,2,อำเภอเขื่องใน,ตำบลกลางใหญ่,ไทยภักดี,0.0,2,1503.0,1469,0.0,0.0013614703880190605,-0.0013614703880190605,0.0013614703880190605
อุบลราชธานี,2,อำเภอเขื่องใน,ตำบลกลางใหญ่,ไทยรวมไทย,0.0,0,1503.0,1469,0.0,0.0,0.0,0.0
อุบลราชธานี,2,อำเภอเขื่องใน,ตำบลกลางใหญ่,ไทยสร้างไทย,0.0,8,1503.0,1469,0.0,0.005445881552076242,-0.005445881552076242,0.005445881552076242
อุบลราชธานี,2,อำเภอเขื่องใน,ตำบลกลางใหญ่,ไทรวมพลัง,526.0,184,1503.0,1469,0.3499667332002661,0.12525527569775358,0.22471145750251253,0.22471145750251253
อุบลราชธานี,2,อำเภอเขื่องใน,ตำบลก่อเอ้,กรีน,0.0,1,1166.0,1841,0.0,0.0005431830526887561,-0.0005431830526887561,0.0005431830526887561
อุบลราชธานี,2,อำเภอเขื่องใน,ตำบลก่อเอ้,กล้าธรรม,393.0,242,1166.0,1841,0.33704974271012006,0.13145029875067898,0.20559944395944107,0.20559944395944107
อุบลราชธานี,2,อำเภอเขื่องใน,ตำบลก่อเอ้,ก้าวอิสระ,0.0,0,1166.0,1841,0.0,0.0,0.0,0.0
อุบลราชธานี,2,อำเภอเขื่องใน,ตำบลก่อเอ้,ครูไทยเพื่อประชาชน,0.0,1,1166.0,1841,0.0,0.0005431830526887561,-0.0005431830526887561,0.0005431830526887561
อุบลราชธานี,2,อำเภอเขื่องใน,ตำบลก่อเอ้,คลองไทย,0.0,0,1166.0,1841,0.0,0.0,0.0,0.0
อุบลราชธานี,2,อำเภอเขื่องใน,ตำบลก่อเอ้,ความหวังใหม่,0.0,1,1166.0,1841,0.0,0.0005431830526887561,-0.0005431830526887561,0.0005431830526887561
อุบลราชธานี,2,อำเภอเขื่องใน,ตำบลก่อเอ้,ทางเลือกใหม่,0.0,5,1166.0,1841,0.0,0.0027159152634437804,-0.0027159152634437804,0.0027159152634437804
อุบลราชธานี,2,อำเภอเขื่องใน,ตำบลก่อเอ้,ท้องที่ไทย,0.0,0,1166.0,1841,0.0,0.0,0.0,0.0
อุบลราชธานี,2,อำเภอเขื่องใน,ตำบลก่อเอ้,ประชากรไทย,0.0,3,1166.0,1841,0.0,0.0016295491580662683,-0.0016295491580662683,0.0016295491580662683
อุบลราชธานี,2,อำเภอเขื่องใน,ตำบลก่อเอ้,ประชาชน,84.0,253,1166.0,1841,0.07204116638078903,0.1374253123302553,-0.06538414594946626,0.06538414594946626
อุบลราชธานี,2,อำเภอเขื่องใน,ตำบลก่อเอ้,ประชาชาติ,0.0,0,1166.0,1841,0.0,0.0,0.0,0.0
อุบลราชธานี,2,อำเภอเขื่องใน,ตำบลก่อเอ้,ประชาธิปัตย์,7.0,67,1166.0,1841,0.006003430531732418,0.03639326453014666,-0.030389833998414238,0.030389833998414238
อุบลราชธานี,2,อำเภอเขื่องใน,ตำบลก่อเอ้,ประชาธิปไตยใหม่,1.0,38,1166.0,1841,0.0008576329331046312,0.020640956002172733,-0.0197833230690681,0.0197833230690681
อุบลราชธานี,2,อำเภอเขื่องใน,ตำบลก่อเอ้,ประชาอาสาชาติ,0.0,2,1166.0,1841,0.0,0.0010863661053775121,-0.0010863661053775121,0.0010863661053775121
อุบลราชธานี,2,อำเภอเขื่องใน,ตำบลก่อเอ้,ประชาไทย,0.0,4,1166.0,1841,0.0,0.0021727322107550242,-0.0021727322107550242,0.0021727322107550242
อุบลราชธานี,2,อำเภอเขื่องใน,ตำบลก่อเอ้,ปวงชนไทย,0.0,0,1166.0,1841,0.0,0.0,0.0,0.0
อุบลราชธานี,2,อำเภอเขื่องใน,ตำบลก่อเอ้,พร้อม,0.0,0,1166.0,1841,0.0,0.0,0.0,0.0
อุบลราชธานี,2,อำเภอเขื่องใน,ตำบลก่อเอ้,พลวัต,0.0,5,1166.0,1841,0.0,0.0027159152634437804,-0.0027159152634437804,0.0027159152634437804
อุบลราชธานี,2,อำเภอเขื่องใน,ตำบลก่อเอ้,พลังธรรมใหม่,0.0,4,1166.0,1841,0.0,0.0021727322107550242,-0.0021727322107550242,0.0021727322107550242
อุบลราชธานี,2,อำเภอเขื่องใน,ตำบลก่อเอ้,พลังประชารัฐ,0.0,3,1166.0,1841,0.0,0.0016295491580662683,-0.0016295491580662683,0.0016295491580662683
อุบลราชธานี,2,อำเภอเขื่องใน,ตำบลก่อเอ้,พลังสังคมใหม่,0.0,0,1166.0,1841,0.0,0.0,0.0,0.0
อุบลราชธานี,2,อำเภอเขื่องใน,ตำบลก่อเอ้,พลังเพื่อไทย,0.0,5,1166.0,1841,0.0,0.0027159152634437804,-0.0027159152634437804,0.0027159152634437804
อุบลราชธานี,2,อำเภอเขื่องใน,ตำบลก่อเอ้,พลังไทยรักชาติ,0.0,204,1166.0,1841,0.0,0.11080934274850625,-0.11080934274850625,0.11080934274850625
อุบลราชธานี,2,อำเภอเขื่องใน,ตำบลก่อเอ้,ฟิวชัน,0.0,2,1166.0,1841,0.0,0.0010863661053775121,-0.0010863661053775121,0.0010863661053775121
อุบลราชธานี,2,อำเภอเขื่องใน,ตำบลก่อเอ้,ภูมิใจไทย,14.0,223,1166.0,1841,0.012006861063464836,0.12112982074959261,-0.10912295968612777,0.10912295968612777
อุบลราชธานี,2,อำเภอเขื่องใน,ตำบลก่อเอ้,มิติใหม่,0.0,18,1166.0,1841,0.0,0.00977729494839761,-0.00977729494839761,0.00977729494839761
อุบลราชธานี,2,อำเภอเขื่องใน,ตำบลก่อเอ้,รวมพลังประชาชน,0.0,7,1166.0,1841,0.0,0.0038022813688212928,-0.0038022813688212928,0.0038022813688212928
อุบลราชธานี,2,อำเภอเขื่องใน,ตำบลก่อเอ้,รวมใจไทย,0.0,51,1166.0,1841,0.0,0.027702335687126562,-0.027702335687126562,0.027702335687126562
อุบลราชธานี,2,อำเภอเขื่องใน,ตำบลก่อเอ้,รวมไทยสร้างชาติ,0.0,16,1166.0,1841,0.0,0.008690928843020097,-0.008690928843020097,0.008690928843020097
อุบลราชธานี,2,อำเภอเขื่องใน,ตำบลก่อเอ้,รักชาติ,0.0,3,1166.0,1841,0.0,0.0016295491580662683,-0.0016295491580662683,0.0016295491580662683
อุบลราชธานี,2,อำเภอเขื่องใน,ตำบลก่อเอ้,วิชชั่นใหม่,0.0,5,1166.0,1841,0.0,0.0027159152634437804,-0.0027159152634437804,0.0027159152634437804
อุบลราชธานี,2,อำเภอเขื่องใน,ตำบลก่อเอ้,สร้างอนาคตไทย,0.0,6,1166.0,1841,0.0,0.0032590983161325366,-0.0032590983161325366,0.0032590983161325366
อุบลราชธานี,2,อำเภอเขื่องใน,ตำบลก่อเอ้,สังคมประชาธิปไตยไทย,0.0,1,1166.0,1841,0.0,0.0005431830526887561,-0.0005431830526887561,0.0005431830526887561
อุบลราชธานี,2,อำเภอเขื่องใน,ตำบลก่อเอ้,อนาคตไทย,0.0,0,1166.0,1841,0.0,0.0,0.0,0.0
อุบลราชธานี,2,อำเภอเขื่องใน,ตำบลก่อเอ้,เครือข่ายชาวนาแห่งประเทศไทย,0.0,1,1166.0,1841,0.0,0.0005431830526887561,-0.0005431830526887561,0.0005431830526887561
อุบลราชธานี,2,อำเภอเขื่องใน,ตำบลก่อเอ้,เป็นธรรม,0.0,28,1166.0,1841,0.0,0.015209125475285171,-0.015209125475285171,0.015209125475285171
อุบลราชธานี,2,อำเภอเขื่องใน,ตำบลก่อเอ้,เพื่อชาติไทย,0.0,23,1166.0,1841,0.0,0.012493210211841391,-0.012493210211841391,0.012493210211841391
อุบลราชธานี,2,อำเภอเขื่องใน,ตำบลก่อเอ้,เพื่อชีวิตใหม่,0.0,4,1166.0,1841,0.0,0.0021727322107550242,-0.0021727322107550242,0.0021727322107550242
อุบลราชธานี,2,อำเภอเขื่องใน,ตำบลก่อเอ้,เพื่อบ้านเมือง,0.0,0,1166.0,1841,0.0,0.0,0.0,0.0
อุบลราชธานี,2,อำเภอเขื่องใน,ตำบลก่อเอ้,เพื่อไทย,27.0,216,1166.0,1841,0.023156089193825044,0.11732753938077133,-0.09417145018694628,0.09417145018694628
อุบลราชธานี,2,อำเภอเขื่องใน,ตำบลก่อเอ้,เศรษฐกิจ,13.0,53,1166.0,1841,0.011149228130360206,0.028788701792504073,-0.017639473662143867,0.017639473662143867
อุบลราชธานี,2,อำเภอเขื่องใน,ตำบลก่อเอ้,เสรีรวมไทย,0.0,6,1166.0,1841,0.0,0.0032590983161325366,-0.0032590983161325366,0.0032590983161325366
อุบลราชธานี,2,อำเภอเขื่องใน,ตำบลก่อเอ้,แผ่นดินธรรม,0.0,5,1166.0,1841,0.0,0.0027159152634437804,-0.0027159152634437804,0.0027159152634437804
อุบลราชธานี,2,อำเภอเขื่องใน,ตำบลก่อเอ้,แรงงานสร้างชาติ,0.0,3,1166.0,1841,0.0,0.0016295491580662683,-0.0016295491580662683,0.0016295491580662683
อุบลราชธานี,2,อำเภอเขื่องใน,ตำบลก่อเอ้,โอกาสใหม่,0.0,0,1166.0,1841,0.0,0.0,0.0,0.0
อุบลราชธานี,2,อำเภอเขื่องใน,ตำบลก่อเอ้,ใหม่,0.0,7,1166.0,1841,0.0,0.0038022813688212928,-0.0038022813688212928,0.0038022813688212928
อุบลราชธานี,2,อำเภอเขื่องใน,ตำบลก่อเอ้,ไทยก้าวหน้า,0.0,1,1166.0,1841,0.0,0.0005431830526887561,-0.0005431830526887561,0.0005431830526887561
อุบลราชธานี,2,อำเภอเขื่องใน,ตำบลก่อเอ้,ไทยก้าวใหม่,0.0,4,1166.0,1841,0.0,0.0021727322107550242,-0.0021727322107550242,0.0021727322107550242
อุบลราชธานี,2,อำเภอเขื่องใน,ตำบลก่อเอ้,ไทยชนะ,0.0,0,1166.0,1841,0.0,0.0,0.0,0.0
อุบลราชธานี,2,อำเภอเขื่องใน,ตำบลก่อเอ้,ไทยทรัพย์ทวี,0.0,33,1166.0,1841,0.0,0.017925040738728953,-0.017925040738728953,0.017925040738728953
อุบลราชธานี,2,อำเภอเขื่องใน,ตำบลก่อเอ้,ไทยธรรม,0.0,4,1166.0,1841,0.0,0.0021727322107550242,-0.0021727322107550242,0.0021727322107550242
อุบลราชธานี,2,อำเภอเขื่องใน,ตำบลก่อเอ้,ไทยพร้อม,0.0,3,1166.0,1841,0.0,0.0016295491580662683,-0.0016295491580662683,0.0016295491580662683
อุบลราชธานี,2,อำเภอเขื่องใน,ตำบลก่อเอ้,ไทยพิทักษ์ธรรม,0.0,0,1166.0,1841,0.0,0.0,0.0,0.0
อุบลราชธานี,2,อำเภอเขื่องใน,ตำบลก่อเอ้,ไทยภักดี,0.0,4,1166.0,1841,0.0,0.0021727322107550242,-0.0021727322107550242,0.0021727322107550242
อุบลราชธานี,2,อำเภอเขื่องใน,ตำบลก่อเอ้,ไทยรวมไทย,0.0,0,1166.0,1841,0.0,0.0,0.0,0.0
อุบลราชธานี,2,อำเภอเขื่องใน,ตำบลก่อเอ้,ไทยสร้างไทย,0.0,6,1166.0,1841,0.0,0.0032590983161325366,-0.0032590983161325366,0.0032590983161325366
อุบลราชธานี,2,อำเภอเขื่องใน,ตำบลก่อเอ้,ไทรวมพลัง,627.0,270,1166.0,1841,0.5377358490566038,0.14665942422596415,0.39107642483063965,0.39107642483063965
อุบลราชธานี,2,อำเภอเขื่องใน,ตำบลค้อทอง,กรีน,0.0,4,2000.0,1145,0.0,0.0034934497816593887,-0.0034934497816593887,0.0034934497816593887
อุบลราชธานี,2,อำเภอเขื่องใน,ตำบลค้อทอง,กล้าธรรม,980.0,211,2000.0,1145,0.49,0.18427947598253275,0.30572052401746724,0.30572052401746724
อุบลราชธานี,2,อำเภอเขื่องใน,ตำบลค้อทอง,ก้าวอิสระ,0.0,3,2000.0,1145,0.0,0.0026200873362445414,-0.0026200873362445414,0.0026200873362445414
อุบลราชธานี,2,อำเภอเขื่องใน,ตำบลค้อทอง,ครูไทยเพื่อประชาชน,0.0,1,2000.0,1145,0.0,0.0008733624454148472,-0.0008733624454148472,0.0008733624454148472
อุบลราชธานี,2,อำเภอเขื่องใน,ตำบลค้อทอง,คลองไทย,0.0,0,2000.0,1145,0.0,0.0,0.0,0.0
อุบลราชธานี,2,อำเภอเขื่องใน,ตำบลค้อทอง,ความหวังใหม่,0.0,9,2000.0,1145,0.0,0.007860262008733625,-0.007860262008733625,0.007860262008733625
อุบลราชธานี,2,อำเภอเขื่องใน,ตำบลค้อทอง,ทางเลือกใหม่,0.0,2,2000.0,1145,0.0,0.0017467248908296944,-0.0017467248908296944,0.0017467248908296944
อุบลราชธานี,2,อำเภอเขื่องใน,ตำบลค้อทอง,ท้องที่ไทย,0.0,1,2000.0,1145,0.0,0.0008733624454148472,-0.0008733624454148472,0.0008733624454148472
อุบลราชธานี,2,อำเภอเขื่องใน,ตำบลค้อทอง,ประชากรไทย,0.0,5,2000.0,1145,0.0,0.004366812227074236,-0.004366812227074236,0.004366812227074236
อุบลราชธานี,2,อำเภอเขื่องใน,ตำบลค้อทอง,ประชาชน,76.0,143,2000.0,1145,0.038,0.12489082969432315,-0.08689082969432316,0.08689082969432316
อุบลราชธานี,2,อำเภอเขื่องใน,ตำบลค้อทอง,ประชาชาติ,0.0,1,2000.0,1145,0.0,0.0008733624454148472,-0.0008733624454148472,0.0008733624454148472
อุบลราชธานี,2,อำเภอเขื่องใน,ตำบลค้อทอง,ประชาธิปัตย์,2.0,45,2000.0,1145,0.001,0.039301310043668124,-0.03830131004366812,0.03830131004366812
อุบลราชธานี,2,อำเภอเขื่องใน,ตำบลค้อทอง,ประชาธิปไตยใหม่,5.0,39,2000.0,1145,0.0025,0.03406113537117904,-0.031561135371179036,0.031561135371179036
อุบลราชธานี,2,อำเภอเขื่องใน,ตำบลค้อทอง,ประชาอาสาชาติ,0.0,5,2000.0,1145,0.0,0.004366812227074236,-0.004366812227074236,0.004366812227074236
อุบลราชธานี,2,อำเภอเขื่องใน,ตำบลค้อทอง,ประชาไทย,0.0,3,2000.0,1145,0.0,0.0026200873362445414,-0.0026200873362445414,0.0026200873362445414
อุบลราชธานี,2,อำเภอเขื่องใน,ตำบลค้อทอง,ปวงชนไทย,0.0,0,2000.0,1145,0.0,0.0,0.0,0.0
อุบลราชธานี,2,อำเภอเขื่องใน,ตำบลค้อทอง,พร้อม,0.0,7,2000.0,1145,0.0,0.00611353711790393,-0.00611353711790393,0.00611353711790393
อุบลราชธานี,2,อำเภอเขื่องใน,ตำบลค้อทอง,พลวัต,0.0,1,2000.0,1145,0.0,0.0008733624454148472,-0.0008733624454148472,0.0008733624454148472
อุบลราชธานี,2,อำเภอเขื่องใน,ตำบลค้อทอง,พลังธรรมใหม่,0.0,5,2000.0,1145,0.0,0.004366812227074236,-0.004366812227074236,0.004366812227074236
อุบลราชธานี,2,อำเภอเขื่องใน,ตำบลค้อทอง,พลังประชารัฐ,1.0,12,2000.0,1145,0.0005,0.010480349344978166,-0.009980349344978165,0.009980349344978165
อุบลราชธานี,2,อำเภอเขื่องใน,ตำบลค้อทอง,พลังสังคมใหม่,0.0,0,2000.0,1145,0.0,0.0,0.0,0.0
อุบลราชธานี,2,อำเภอเขื่องใน,ตำบลค้อทอง,พลังเพื่อไทย,0.0,1,2000.0,1145,0.0,0.0008733624454148472,-0.0008733624454148472,0.0008733624454148472
อุบลราชธานี,2,อำเภอเขื่องใน,ตำบลค้อทอง,พลังไทยรักชาติ,0.0,4,2000.0,1145,0.0,0.0034934497816593887,-0.0034934497816593887,0.0034934497816593887
อุบลราชธานี,2,อำเภอเขื่องใน,ตำบลค้อทอง,ฟิวชัน,0.0,0,2000.0,1145,0.0,0.0,0.0,0.0
อุบลราชธานี,2,อำเภอเขื่องใน,ตำบลค้อทอง,ภูมิใจไทย,15.0,120,2000.0,1145,0.0075,0.10480349344978165,-0.09730349344978165,0.09730349344978165
อุบลราชธานี,2,อำเภอเขื่องใน,ตำบลค้อทอง,มิติใหม่,0.0,7,2000.0,1145,0.0,0.00611353711790393,-0.00611353711790393,0.00611353711790393
อุบลราชธานี,2,อำเภอเขื่องใน,ตำบลค้อทอง,รวมพลังประชาชน,0.0,12,2000.0,1145,0.0,0.010480349344978166,-0.010480349344978166,0.010480349344978166
อุบลราชธานี,2,อำเภอเขื่องใน,ตำบลค้อทอง,รวมใจไทย,0.0,52,2000.0,1145,0.0,0.045414847161572056,-0.045414847161572056,0.045414847161572056
อุบลราชธานี,2,อำเภอเขื่องใน,ตำบลค้อทอง,รวมไทยสร้างชาติ,0.0,14,2000.0,1145,0.0,0.01222707423580786,-0.01222707423580786,0.01222707423580786
อุบลราชธานี,2,อำเภอเขื่องใน,ตำบลค้อทอง,รักชาติ,0.0,0,2000.0,1145,0.0,0.0,0.0,0.0
อุบลราชธานี,2,อำเภอเขื่องใน,ตำบลค้อทอง,วิชชั่นใหม่,0.0,11,2000.0,1145,0.0,0.00960698689956332,-0.00960698689956332,0.00960698689956332
อุบลราชธานี,2,อำเภอเขื่องใน,ตำบลค้อทอง,สร้างอนาคตไทย,0.0,1,2000.0,1145,0.0,0.0008733624454148472,-0.0008733624454148472,0.0008733624454148472
อุบลราชธานี,2,อำเภอเขื่องใน,ตำบลค้อทอง,สังคมประชาธิปไตยไทย,0.0,0,2000.0,1145,0.0,0.0,0.0,0.0
อุบลราชธานี,2,อำเภอเขื่องใน,ตำบลค้อทอง,อนาคตไทย,0.0,0,2000.0,1145,0.0,0.0,0.0,0.0
อุบลราชธานี,2,อำเภอเขื่องใน,ตำบลค้อทอง,เครือข่ายชาวนาแห่งประเทศไทย,0.0,7,2000.0,1145,0.0,0.00611353711790393,-0.00611353711790393,0.00611353711790393
อุบลราชธานี,2,อำเภอเขื่องใน,ตำบลค้อทอง,เป็นธรรม,0.0,11,2000.0,1145,0.0,0.00960698689956332,-0.00960698689956332,0.00960698689956332
อุบลราชธานี,2,อำเภอเขื่องใน,ตำบลค้อทอง,เพื่อชาติไทย,0.0,16,2000.0,1145,0.0,0.013973799126637555,-0.013973799126637555,0.013973799126637555
อุบลราชธานี,2,อำเภอเขื่องใน,ตำบลค้อทอง,เพื่อชีวิตใหม่,0.0,0,2000.0,1145,0.0,0.0,0.0,0.0
อุบลราชธานี,2,อำเภอเขื่องใน,ตำบลค้อทอง,เพื่อบ้านเมือง,0.0,4,2000.0,1145,0.0,0.0034934497816593887,-0.0034934497816593887,0.0034934497816593887
อุบลราชธานี,2,อำเภอเขื่องใน,ตำบลค้อทอง,เพื่อไทย,45.0,138,2000.0,1145,0.0225,0.1205240174672489,-0.0980240174672489,0.0980240174672489
อุบลราชธานี,2,อำเภอเขื่องใน,ตำบลค้อทอง,เศรษฐกิจ,11.0,19,2000.0,1145,0.0055,0.016593886462882096,-0.011093886462882096,0.011093886462882096
อุบลราชธานี,2,อำเภอเขื่องใน,ตำบลค้อทอง,เสรีรวมไทย,0.0,12,2000.0,1145,0.0,0.010480349344978166,-0.010480349344978166,0.010480349344978166
อุบลราชธานี,2,อำเภอเขื่องใน,ตำบลค้อทอง,แผ่นดินธรรม,0.0,7,2000.0,1145,0.0,0.00611353711790393,-0.00611353711790393,0.00611353711790393
อุบลราชธานี,2,อำเภอเขื่องใน,ตำบลค้อทอง,แรงงานสร้างชาติ,0.0,3,2000.0,1145,0.0,0.0026200873362445414,-0.0026200873362445414,0.0026200873362445414
อุบลราชธานี,2,อำเภอเขื่องใน,ตำบลค้อทอง,โอกาสใหม่,0.0,9,2000.0,1145,0.0,0.007860262008733625,-0.007860262008733625,0.007860262008733625
อุบลราชธานี,2,อำเภอเขื่องใน,ตำบลค้อทอง,ใหม่,0.0,3,2000.0,1145,0.0,0.0026200873362445414,-0.0026200873362445414,0.0026200873362445414
อุบลราชธานี,2,อำเภอเขื่องใน,ตำบลค้อทอง,ไทยก้าวหน้า,0.0,0,2000.0,1145,0.0,0.0,0.0,0.0
อุบลราชธานี,2,อำเภอเขื่องใน,ตำบลค้อทอง,ไทยก้าวใหม่,0.0,5,2000.0,1145,0.0,0.004366812227074236,-0.004366812227074236,0.004366812227074236
อุบลราชธานี,2,อำเภอเขื่องใน,ตำบลค้อทอง,ไทยชนะ,0.0,0,2000.0,1145,0.0,0.0,0.0,0.0
อุบลราชธานี,2,อำเภอเขื่องใน,ตำบลค้อทอง,ไทยทรัพย์ทวี,0.0,25,2000.0,1145,0.0,0.021834061135371178,-0.021834061135371178,0.021834061135371178
อุบลราชธานี,2,อำเภอเขื่องใน,ตำบลค้อทอง,ไทยธรรม,0.0,5,2000.0,1145,0.0,0.004366812227074236,-0.004366812227074236,0.004366812227074236
อุบลราชธานี,2,อำเภอเขื่องใน,ตำบลค้อทอง,ไทยพร้อม,0.0,3,2000.0,1145,0.0,0.0026200873362445414,-0.0026200873362445414,0.0026200873362445414
อุบลราชธานี,2,อำเภอเขื่องใน,ตำบลค้อทอง,ไทยพิทักษ์ธรรม,0.0,8,2000.0,1145,0.0,0.0069868995633187774,-0.0069868995633187774,0.0069868995633187774
อุบลราชธานี,2,อำเภอเขื่องใน,ตำบลค้อทอง,ไทยภักดี,0.0,7,2000.0,1145,0.0,0.00611353711790393,-0.00611353711790393,0.00611353711790393
อุบลราชธานี,2,อำเภอเขื่องใน,ตำบลค้อทอง,ไทยรวมไทย,0.0,2,2000.0,1145,0.0,0.0017467248908296944,-0.0017467248908296944,0.0017467248908296944
อุบลราชธานี,2,อำเภอเขื่องใน,ตำบลค้อทอง,ไทยสร้างไทย,0.0,4,2000.0,1145,0.0,0.0034934497816593887,-0.0034934497816593887,0.0034934497816593887
อุบลราชธานี,2,อำเภอเขื่องใน,ตำบลค้อทอง,ไทรวมพลัง,865.0,138,2000.0,1145,0.4325,0.1205240174672489,0.3119759825327511,0.3119759825327511
อุบลราชธานี,2,อำเภอเขื่องใน,ตำบลชีทวน,กรีน,0.0,0,2947.0,619,0.0,0.0,0.0,0.0
อุบลราชธานี,2,อำเภอเขื่องใน,ตำบลชีทวน,กล้าธรรม,1529.0,144,2947.0,619,0.5188327112317611,0.23263327948303716,0.286199431748724,0.286199431748724
อุบลราชธานี,2,อำเภอเขื่องใน,ตำบลชีทวน,ก้าวอิสระ,0.0,0,2947.0,619,0.0,0.0,0.0,0.0
อุบลราชธานี,2,อำเภอเขื่องใน,ตำบลชีทวน,ครูไทยเพื่อประชาชน,0.0,0,2947.0,619,0.0,0.0,0.0,0.0
อุบลราชธานี,2,อำเภอเขื่องใน,ตำบลชีทวน,คลองไทย,0.0,0,2947.0,619,0.0,0.0,0.0,0.0
อุบลราชธานี,2,อำเภอเขื่องใน,ตำบลชีทวน,ความหวังใหม่,0.0,0,2947.0,619,0.0,0.0,0.0,0.0
อุบลราชธานี,2,อำเภอเขื่องใน,ตำบลชีทวน,ทางเลือกใหม่,0.0,3,2947.0,619,0.0,0.004846526655896607,-0.004846526655896607,0.004846526655896607
อุบลราชธานี,2,อำเภอเขื่องใน,ตำบลชีทวน,ท้องที่ไทย,0.0,0,2947.0,619,0.0,0.0,0.0,0.0
อุบลราชธานี,2,อำเภอเขื่องใน,ตำบลชีทวน,ประชากรไทย,0.0,1,2947.0,619,0.0,0.0016155088852988692,-0.0016155088852988692,0.0016155088852988692
อุบลราชธานี,2,อำเภอเขื่องใน,ตำบลชีทวน,ประชาชน,148.0,106,2947.0,619,0.050220563284696304,0.17124394184168013,-0.12102337855698382,0.12102337855698382
อุบลราชธานี,2,อำเภอเขื่องใน,ตำบลชีทวน,ประชาชาติ,0.0,2,2947.0,619,0.0,0.0032310177705977385,-0.0032310177705977385,0.0032310177705977385
อุบลราชธานี,2,อำเภอเขื่องใน,ตำบลชีทวน,ประชาธิปัตย์,7.0,51,2947.0,619,0.0023752969121140144,0.08239095315024232,-0.08001565623812831,0.08001565623812831
อุบลราชธานี,2,อำเภอเขื่องใน,ตำบลชีทวน,ประชาธิปไตยใหม่,3.0,3,2947.0,619,0.0010179843909060061,0.004846526655896607,-0.0038285422649906014,0.0038285422649906014
อุบลราชธานี,2,อำเภอเขื่องใน,ตำบลชีทวน,ประชาอาสาชาติ,0.0,5,2947.0,619,0.0,0.008077544426494346,-0.008077544426494346,0.008077544426494346
อุบลราชธานี,2,อำเภอเขื่องใน,ตำบลชีทวน,ประชาไทย,0.0,2,2947.0,619,0.0,0.0032310177705977385,-0.0032310177705977385,0.0032310177705977385
อุบลราชธานี,2,อำเภอเขื่องใน,ตำบลชีทวน,ปวงชนไทย,0.0,0,2947.0,619,0.0,0.0,0.0,0.0
อุบลราชธานี,2,อำเภอเขื่องใน,ตำบลชีทวน,พร้อม,0.0,0,2947.0,619,0.0,0.0,0.0,0.0
อุบลราชธานี,2,อำเภอเขื่องใน,ตำบลชีทวน,พลวัต,0.0,0,2947.0,619,0.0,0.0,0.0,0.0
อุบลราชธานี,2,อำเภอเขื่องใน,ตำบลชีทวน,พลังธรรมใหม่,0.0,0,2947.0,619,0.0,0.0,0.0,0.0
อุบลราชธานี,2,อำเภอเขื่องใน,ตำบลชีทวน,พลังประชารัฐ,6.0,2,2947.0,619,0.0020359687818120122,0.0032310177705977385,-0.0011950489887857262,0.0011950489887857262
อุบลราชธานี,2,อำเภอเขื่องใน,ตำบลชีทวน,พลังสังคมใหม่,0.0,0,2947.0,619,0.0,0.0,0.0,0.0
อุบลราชธานี,2,อำเภอเขื่องใน,ตำบลชีทวน,พลังเพื่อไทย,0.0,0,2947.0,619,0.0,0.0,0.0,0.0
อุบลราชธานี,2,อำเภอเขื่องใน,ตำบลชีทวน,พลังไทยรักชาติ,0.0,0,2947.0,619,0.0,0.0,0.0,0.0
อุบลราชธานี,2,อำเภอเขื่องใน,ตำบลชีทวน,ฟิวชัน,0.0,0,2947.0,619,0.0,0.0,0.0,0.0
อุบลราชธานี,2,อำเภอเขื่องใน,ตำบลชีทวน,ภูมิใจไทย,31.0,80,2947.0,619,0.010519172039362062,0.12924071082390953,-0.11872153878454747,0.11872153878454747
อุบลราชธานี,2,อำเภอเขื่องใน,ตำบลชีทวน,มิติใหม่,0.0,2,2947.0,619,0.0,0.0032310177705977385,-0.0032310177705977385,0.0032310177705977385
อุบลราชธานี,2,อำเภอเขื่องใน,ตำบลชีทวน,รวมพลังประชาชน,0.0,2,2947.0,619,0.0,0.0032310177705977385,-0.0032310177705977385,0.0032310177705977385
อุบลราชธานี,2,อำเภอเขื่องใน,ตำบลชีทวน,รวมใจไทย,0.0,26,2947.0,619,0.0,0.0420032310177706,-0.0420032310177706,0.0420032310177706
อุบลราชธานี,2,อำเภอเขื่องใน,ตำบลชีทวน,รวมไทยสร้างชาติ,0.0,6,2947.0,619,0.0,0.009693053311793215,-0.009693053311793215,0.009693053311793215
อุบลราชธานี,2,อำเภอเขื่องใน,ตำบลชีทวน,รักชาติ,0.0,1,2947.0,619,0.0,0.0016155088852988692,-0.0016155088852988692,0.0016155088852988692
อุบลราชธานี,2,อำเภอเขื่องใน,ตำบลชีทวน,วิชชั่นใหม่,0.0,5,2947.0,619,0.0,0.008077544426494346,-0.008077544426494346,0.008077544426494346
อุบลราชธานี,2,อำเภอเขื่องใน,ตำบลชีทวน,สร้างอนาคตไทย,0.0,0,2947.0,619,0.0,0.0,0.0,0.0
อุบลราชธานี,2,อำเภอเขื่องใน,ตำบลชีทวน,สังคมประชาธิปไตยไทย,0.0,0,2947.0,619,0.0,0.0,0.0,0.0
อุบลราชธานี,2,อำเภอเขื่องใน,ตำบลชีทวน,อนาคตไทย,0.0,0,2947.0,619,0.0,0.0,0.0,0.0
อุบลราชธานี,2,อำเภอเขื่องใน,ตำบลชีทวน,เครือข่ายชาวนาแห่งประเทศไทย,0.0,0,2947.0,619,0.0,0.0,0.0,0.0
อุบลราชธานี,2,อำเภอเขื่องใน,ตำบลชีทวน,เป็นธรรม,0.0,1,2947.0,619,0.0,0.0016155088852988692,-0.0016155088852988692,0.0016155088852988692
อุบลราชธานี,2,อำเภอเขื่องใน,ตำบลชีทวน,เพื่อชาติไทย,0.0,14,2947.0,619,0.0,0.022617124394184167,-0.022617124394184167,0.022617124394184167
อุบลราชธานี,2,อำเภอเขื่องใน,ตำบลชีทวน,เพื่อชีวิตใหม่,0.0,0,2947.0,619,0.0,0.0,0.0,0.0
อุบลราชธานี,2,อำเภอเขื่องใน,ตำบลชีทวน,เพื่อบ้านเมือง,0.0,0,2947.0,619,0.0,0.0,0.0,0.0
อุบลราชธานี,2,อำเภอเขื่องใน,ตำบลชีทวน,เพื่อไทย,40.0,94,2947.0,619,0.013573125212080081,0.1518578352180937,-0.1382847100060136,0.1382847100060136
อุบลราชธานี,2,อำเภอเขื่องใน,ตำบลชีทวน,เศรษฐกิจ,21.0,9,2947.0,619,0.007125890736342043,0.014539579967689823,-0.00741368923134778,0.00741368923134778
อุบลราชธานี,2,อำเภอเขื่องใน,ตำบลชีทวน,เสรีรวมไทย,0.0,1,2947.0,619,0.0,0.0016155088852988692,-0.0016155088852988692,0.0016155088852988692
อุบลราชธานี,2,อำเภอเขื่องใน,ตำบลชีทวน,แผ่นดินธรรม,0.0,1,2947.0,619,0.0,0.0016155088852988692,-0.0016155088852988692,0.0016155088852988692
อุบลราชธานี,2,อำเภอเขื่องใน,ตำบลชีทวน,แรงงานสร้างชาติ,0.0,2,2947.0,619,0.0,0.0032310177705977385,-0.0032310177705977385,0.0032310177705977385
อุบลราชธานี,2,อำเภอเขื่องใน,ตำบลชีทวน,โอกาสใหม่,0.0,0,2947.0,619,0.0,0.0,0.0,0.0
อุบลราชธานี,2,อำเภอเขื่องใน,ตำบลชีทวน,ใหม่,0.0,2,2947.0,619,0.0,0.0032310177705977385,-0.0032310177705977385,0.0032310177705977385
อุบลราชธานี,2,อำเภอเขื่องใน,ตำบลชีทวน,ไทยก้าวหน้า,0.0,3,2947.0,619,0.0,0.004846526655896607,-0.004846526655896607,0.004846526655896607
อุบลราชธานี,2,อำเภอเขื่องใน,ตำบลชีทวน,ไทยก้าวใหม่,1.0,2,2947.0,619,0.00033932813030200206,0.0032310177705977385,-0.0028916896402957364,0.0028916896402957364
อุบลราชธานี,2,อำเภอเขื่องใน,ตำบลชีทวน,ไทยชนะ,0.0,1,2947.0,619,0.0,0.0016155088852988692,-0.0016155088852988692,0.0016155088852988692
อุบลราชธานี,2,อำเภอเขื่องใน,ตำบลชีทวน,ไทยทรัพย์ทวี,0.0,26,2947.0,619,0.0,0.0420032310177706,-0.0420032310177706,0.0420032310177706
อุบลราชธานี,2,อำเภอเขื่องใน,ตำบลชีทวน,ไทยธรรม,0.0,0,2947.0,619,0.0,0.0,0.0,0.0
อุบลราชธานี,2,อำเภอเขื่องใน,ตำบลชีทวน,ไทยพร้อม,0.0,0,2947.0,619,0.0,0.0,0.0,0.0
อุบลราชธานี,2,อำเภอเขื่องใน,ตำบลชีทวน,ไทยพิทักษ์ธรรม,0.0,0,2947.0,619,0.0,0.0,0.0,0.0
อุบลราชธานี,2,อำเภอเขื่องใน,ตำบลชีทวน,ไทยภักดี,0.0,0,2947.0,619,0.0,0.0,0.0,0.0
อุบลราชธานี,2,อำเภอเขื่องใน,ตำบลชีทวน,ไทยรวมไทย,0.0,0,2947.0,619,0.0,0.0,0.0,0.0
อุบลราชธานี,2,อำเภอเขื่องใน,ตำบลชีทวน,ไทยสร้างไทย,0.0,2,2947.0,619,0.0,0.0032310177705977385,-0.0032310177705977385,0.0032310177705977385
อุบลราชธานี,2,อำเภอเขื่องใน,ตำบลชีทวน,ไทรวมพลัง,1161.0,20,2947.0,619,0.3939599592806244,0.03231017770597738,0.361649781574647,0.361649781574647
อุบลราชธานี,2,อำเภอเขื่องใน,ตำบลท่าไห,กรีน,0.0,1,2129.0,2107,0.0,0.00047460844803037496,-0.00047460844803037496,0.00047460844803037496
อุบลราชธานี,2,อำเภอเขื่องใน,ตำบลท่าไห,กล้าธรรม,803.0,200,2129.0,2107,0.3771723813997182,0.09492168960607499,0.2822506917936432,0.2822506917936432
อุบลราชธานี,2,อำเภอเขื่องใน,ตำบลท่าไห,ก้าวอิสระ,0.0,4,2129.0,2107,0.0,0.0018984337921214998,-0.0018984337921214998,0.0018984337921214998
อุบลราชธานี,2,อำเภอเขื่องใน,ตำบลท่าไห,ครูไทยเพื่อประชาชน,0.0,0,2129.0,2107,0.0,0.0,0.0,0.0
อุบลราชธานี,2,อำเภอเขื่องใน,ตำบลท่าไห,คลองไทย,0.0,18,2129.0,2107,0.0,0.00854295206454675,-0.00854295206454675,0.00854295206454675
อุบลราชธานี,2,อำเภอเขื่องใน,ตำบลท่าไห,ความหวังใหม่,0.0,0,2129.0,2107,0.0,0.0,0.0,0.0
อุบลราชธานี,2,อำเภอเขื่องใน,ตำบลท่าไห,ทางเลือกใหม่,0.0,3,2129.0,2107,0.0,0.0014238253440911248,-0.0014238253440911248,0.0014238253440911248
อุบลราชธานี,2,อำเภอเขื่องใน,ตำบลท่าไห,ท้องที่ไทย,0.0,2,2129.0,2107,0.0,0.0009492168960607499,-0.0009492168960607499,0.0009492168960607499
อุบลราชธานี,2,อำเภอเขื่องใน,ตำบลท่าไห,ประชากรไทย,0.0,2,2129.0,2107,0.0,0.0009492168960607499,-0.0009492168960607499,0.0009492168960607499
อุบลราชธานี,2,อำเภอเขื่องใน,ตำบลท่าไห,ประชาชน,114.0,207,2129.0,2107,0.05354626585251292,0.09824394874228762,-0.0446976828897747,0.0446976828897747
อุบลราชธานี,2,อำเภอเขื่องใน,ตำบลท่าไห,ประชาชาติ,0.0,3,2129.0,2107,0.0,0.0014238253440911248,-0.0014238253440911248,0.0014238253440911248
อุบลราชธานี,2,อำเภอเขื่องใน,ตำบลท่าไห,ประชาธิปัตย์,3.0,79,2129.0,2107,0.0014091122592766556,0.03749406739439962,-0.03608495513512297,0.03608495513512297
อุบลราชธานี,2,อำเภอเขื่องใน,ตำบลท่าไห,ประชาธิปไตยใหม่,6.0,7,2129.0,2107,0.0028182245185533112,0.0033222591362126247,-0.0005040346176593134,0.0005040346176593134
อุบลราชธานี,2,อำเภอเขื่องใน,ตำบลท่าไห,ประชาอาสาชาติ,0.0,4,2129.0,2107,0.0,0.0018984337921214998,-0.0018984337921214998,0.0018984337921214998
อุบลราชธานี,2,อำเภอเขื่องใน,ตำบลท่าไห,ประชาไทย,0.0,0,2129.0,2107,0.0,0.0,0.0,0.0
อุบลราชธานี,2,อำเภอเขื่องใน,ตำบลท่าไห,ปวงชนไทย,0.0,0,2129.0,2107,0.0,0.0,0.0,0.0
อุบลราชธานี,2,อำเภอเขื่องใน,ตำบลท่าไห,พร้อม,0.0,0,2129.0,2107,0.0,0.0,0.0,0.0
อุบลราชธานี,2,อำเภอเขื่องใน,ตำบลท่าไห,พลวัต,0.0,0,2129.0,2107,0.0,0.0,0.0,0.0
อุบลราชธานี,2,อำเภอเขื่องใน,ตำบลท่าไห,พลังธรรมใหม่,0.0,4,2129.0,2107,0.0,0.0018984337921214998,-0.0018984337921214998,0.0018984337921214998
อุบลราชธานี,2,อำเภอเขื่องใน,ตำบลท่าไห,พลังประชารัฐ,0.0,1,2129.0,2107,0.0,0.00047460844803037496,-0.00047460844803037496,0.00047460844803037496
อุบลราชธานี,2,อำเภอเขื่องใน,ตำบลท่าไห,พลังสังคมใหม่,0.0,1,2129.0,2107,0.0,0.00047460844803037496,-0.00047460844803037496,0.00047460844803037496
อุบลราชธานี,2,อำเภอเขื่องใน,ตำบลท่าไห,พลังเพื่อไทย,0.0,3,2129.0,2107,0.0,0.0014238253440911248,-0.0014238253440911248,0.0014238253440911248
อุบลราชธานี,2,อำเภอเขื่องใน,ตำบลท่าไห,พลังไทยรักชาติ,0.0,414,2129.0,2107,0.0,0.19648789748457524,-0.19648789748457524,0.19648789748457524
อุบลราชธานี,2,อำเภอเขื่องใน,ตำบลท่าไห,ฟิวชัน,0.0,0,2129.0,2107,0.0,0.0,0.0,0.0
อุบลราชธานี,2,อำเภอเขื่องใน,ตำบลท่าไห,ภูมิใจไทย,16.0,110,2129.0,2107,0.007515265382808831,0.052206929283341245,-0.04469166390053241,0.04469166390053241
อุบลราชธานี,2,อำเภอเขื่องใน,ตำบลท่าไห,มิติใหม่,0.0,6,2129.0,2107,0.0,0.0028476506881822496,-0.0028476506881822496,0.0028476506881822496
อุบลราชธานี,2,อำเภอเขื่องใน,ตำบลท่าไห,รวมพลังประชาชน,0.0,15,2129.0,2107,0.0,0.007119126720455624,-0.007119126720455624,0.007119126720455624
อุบลราชธานี,2,อำเภอเขื่องใน,ตำบลท่าไห,รวมใจไทย,0.0,94,2129.0,2107,0.0,0.044613194114855245,-0.044613194114855245,0.044613194114855245
อุบลราชธานี,2,อำเภอเขื่องใน,ตำบลท่าไห,รวมไทยสร้างชาติ,0.0,18,2129.0,2107,0.0,0.00854295206454675,-0.00854295206454675,0.00854295206454675
อุบลราชธานี,2,อำเภอเขื่องใน,ตำบลท่าไห,รักชาติ,0.0,7,2129.0,2107,0.0,0.0033222591362126247,-0.0033222591362126247,0.0033222591362126247
อุบลราชธานี,2,อำเภอเขื่องใน,ตำบลท่าไห,วิชชั่นใหม่,0.0,12,2129.0,2107,0.0,0.005695301376364499,-0.005695301376364499,0.005695301376364499
อุบลราชธานี,2,อำเภอเขื่องใน,ตำบลท่าไห,สร้างอนาคตไทย,0.0,5,2129.0,2107,0.0,0.0023730422401518746,-0.0023730422401518746,0.0023730422401518746
อุบลราชธานี,2,อำเภอเขื่องใน,ตำบลท่าไห,สังคมประชาธิปไตยไทย,0.0,0,2129.0,2107,0.0,0.0,0.0,0.0
อุบลราชธานี,2,อำเภอเขื่องใน,ตำบลท่าไห,อนาคตไทย,0.0,3,2129.0,2107,0.0,0.0014238253440911248,-0.0014238253440911248,0.0014238253440911248
อุบลราชธานี,2,อำเภอเขื่องใน,ตำบลท่าไห,เครือข่ายชาวนาแห่งประเทศไทย,0.0,0,2129.0,2107,0.0,0.0,0.0,0.0
อุบลราชธานี,2,อำเภอเขื่องใน,ตำบลท่าไห,เป็นธรรม,0.0,4,2129.0,2107,0.0,0.0018984337921214998,-0.0018984337921214998,0.0018984337921214998
อุบลราชธานี,2,อำเภอเขื่องใน,ตำบลท่าไห,เพื่อชาติไทย,0.0,21,2129.0,2107,0.0,0.009966777408637873,-0.009966777408637873,0.009966777408637873
อุบลราชธานี,2,อำเภอเขื่องใน,ตำบลท่าไห,เพื่อชีวิตใหม่,0.0,2,2129.0,2107,0.0,0.0009492168960607499,-0.0009492168960607499,0.0009492168960607499
อุบลราชธานี,2,อำเภอเขื่องใน,ตำบลท่าไห,เพื่อบ้านเมือง,0.0,1,2129.0,2107,0.0,0.00047460844803037496,-0.00047460844803037496,0.00047460844803037496
อุบลราชธานี,2,อำเภอเขื่องใน,ตำบลท่าไห,เพื่อไทย,37.0,259,2129.0,2107,0.01737905119774542,0.12292358803986711,-0.10554453684212169,0.10554453684212169
อุบลราชธานี,2,อำเภอเขื่องใน,ตำบลท่าไห,เศรษฐกิจ,16.0,23,2129.0,2107,0.007515265382808831,0.010915994304698624,-0.0034007289218897932,0.0034007289218897932
อุบลราชธานี,2,อำเภอเขื่องใน,ตำบลท่าไห,เสรีรวมไทย,0.0,16,2129.0,2107,0.0,0.007593735168485999,-0.007593735168485999,0.007593735168485999
อุบลราชธานี,2,อำเภอเขื่องใน,ตำบลท่าไห,แผ่นดินธรรม,0.0,3,2129.0,2107,0.0,0.0014238253440911248,-0.0014238253440911248,0.0014238253440911248
อุบลราชธานี,2,อำเภอเขื่องใน,ตำบลท่าไห,แรงงานสร้างชาติ,0.0,5,2129.0,2107,0.0,0.0023730422401518746,-0.0023730422401518746,0.0023730422401518746
อุบลราชธานี,2,อำเภอเขื่องใน,ตำบลท่าไห,โอกาสใหม่,0.0,2,2129.0,2107,0.0,0.0009492168960607499,-0.0009492168960607499,0.0009492168960607499
อุบลราชธานี,2,อำเภอเขื่องใน,ตำบลท่าไห,ใหม่,0.0,8,2129.0,2107,0.0,0.0037968675842429997,-0.0037968675842429997,0.0037968675842429997
อุบลราชธานี,2,อำเภอเขื่องใน,ตำบลท่าไห,ไทยก้าวหน้า,0.0,2,2129.0,2107,0.0,0.0009492168960607499,-0.0009492168960607499,0.0009492168960607499
อุบลราชธานี,2,อำเภอเขื่องใน,ตำบลท่าไห,ไทยก้าวใหม่,2.0,4,2129.0,2107,0.0009394081728511038,0.0018984337921214998,-0.000959025619270396,0.000959025619270396
อุบลราชธานี,2,อำเภอเขื่องใน,ตำบลท่าไห,ไทยชนะ,0.0,4,2129.0,2107,0.0,0.0018984337921214998,-0.0018984337921214998,0.0018984337921214998
อุบลราชธานี,2,อำเภอเขื่องใน,ตำบลท่าไห,ไทยทรัพย์ทวี,0.0,59,2129.0,2107,0.0,0.02800189843379212,-0.02800189843379212,0.02800189843379212
อุบลราชธานี,2,อำเภอเขื่องใน,ตำบลท่าไห,ไทยธรรม,0.0,4,2129.0,2107,0.0,0.0018984337921214998,-0.0018984337921214998,0.0018984337921214998
อุบลราชธานี,2,อำเภอเขื่องใน,ตำบลท่าไห,ไทยพร้อม,0.0,3,2129.0,2107,0.0,0.0014238253440911248,-0.0014238253440911248,0.0014238253440911248
อุบลราชธานี,2,อำเภอเขื่องใน,ตำบลท่าไห,ไทยพิทักษ์ธรรม,0.0,1,2129.0,2107,0.0,0.00047460844803037496,-0.00047460844803037496,0.00047460844803037496
อุบลราชธานี,2,อำเภอเขื่องใน,ตำบลท่าไห,ไทยภักดี,0.0,3,2129.0,2107,0.0,0.0014238253440911248,-0.0014238253440911248,0.0014238253440911248
อุบลราชธานี,2,อำเภอเขื่องใน,ตำบลท่าไห,ไทยรวมไทย,0.0,5,2129.0,2107,0.0,0.0023730422401518746,-0.0023730422401518746,0.0023730422401518746
อุบลราชธานี,2,อำเภอเขื่องใน,ตำบลท่าไห,ไทยสร้างไทย,0.0,2,2129.0,2107,0.0,0.0009492168960607499,-0.0009492168960607499,0.0009492168960607499
อุบลราชธานี,2,อำเภอเขื่องใน,ตำบลท่าไห,ไทรวมพลัง,1132.0,453,2129.0,2107,0.5317050258337247,0.21499762695775984,0.3167073988759649,0.3167073988759649
อุบลราชธานี,2,อำเภอเขื่องใน,ตำบลธาตุน้อย,กรีน,0.0,1,2403.0,1207,0.0,0.0008285004142502071,-0.0008285004142502071,0.0008285004142502071
อุบลราชธานี,2,อำเภอเขื่องใน,ตำบลธาตุน้อย,กล้าธรรม,816.0,86,2403.0,1207,0.33957553058676654,0.07125103562551781,0.2683244949612487,0.2683244949612487
อุบลราชธานี,2,อำเภอเขื่องใน,ตำบลธาตุน้อย,ก้าวอิสระ,0.0,0,2403.0,1207,0.0,0.0,0.0,0.0
อุบลราชธานี,2,อำเภอเขื่องใน,ตำบลธาตุน้อย,ครูไทยเพื่อประชาชน,0.0,1,2403.0,1207,0.0,0.0008285004142502071,-0.0008285004142502071,0.0008285004142502071
อุบลราชธานี,2,อำเภอเขื่องใน,ตำบลธาตุน้อย,คลองไทย,0.0,1,2403.0,1207,0.0,0.0008285004142502071,-0.0008285004142502071,0.0008285004142502071
อุบลราชธานี,2,อำเภอเขื่องใน,ตำบลธาตุน้อย,ความหวังใหม่,0.0,0,2403.0,1207,0.0,0.0,0.0,0.0
อุบลราชธานี,2,อำเภอเขื่องใน,ตำบลธาตุน้อย,ทางเลือกใหม่,0.0,2,2403.0,1207,0.0,0.0016570008285004142,-0.0016570008285004142,0.0016570008285004142
อุบลราชธานี,2,อำเภอเขื่องใน,ตำบลธาตุน้อย,ท้องที่ไทย,0.0,0,2403.0,1207,0.0,0.0,0.0,0.0
อุบลราชธานี,2,อำเภอเขื่องใน,ตำบลธาตุน้อย,ประชากรไทย,0.0,0,2403.0,1207,0.0,0.0,0.0,0.0
อุบลราชธานี,2,อำเภอเขื่องใน,ตำบลธาตุน้อย,ประชาชน,125.0,146,2403.0,1207,0.05201831044527674,0.12096106048053024,-0.06894275003525349,0.06894275003525349
อุบลราชธานี,2,อำเภอเขื่องใน,ตำบลธาตุน้อย,ประชาชาติ,0.0,1,2403.0,1207,0.0,0.0008285004142502071,-0.0008285004142502071,0.0008285004142502071
อุบลราชธานี,2,อำเภอเขื่องใน,ตำบลธาตุน้อย,ประชาธิปัตย์,6.0,8,2403.0,1207,0.0024968789013732834,0.006628003314001657,-0.004131124412628373,0.004131124412628373
อุบลราชธานี,2,อำเภอเขื่องใน,ตำบลธาตุน้อย,ประชาธิปไตยใหม่,5.0,10,2403.0,1207,0.0020807324178110697,0.008285004142502071,-0.006204271724691002,0.006204271724691002
อุบลราชธานี,2,อำเภอเขื่องใน,ตำบลธาตุน้อย,ประชาอาสาชาติ,0.0,1,2403.0,1207,0.0,0.0008285004142502071,-0.0008285004142502071,0.0008285004142502071
อุบลราชธานี,2,อำเภอเขื่องใน,ตำบลธาตุน้อย,ประชาไทย,0.0,2,2403.0,1207,0.0,0.0016570008285004142,-0.0016570008285004142,0.0016570008285004142
อุบลราชธานี,2,อำเภอเขื่องใน,ตำบลธาตุน้อย,ปวงชนไทย,0.0,1,2403.0,1207,0.0,0.0008285004142502071,-0.0008285004142502071,0.0008285004142502071
อุบลราชธานี,2,อำเภอเขื่องใน,ตำบลธาตุน้อย,พร้อม,0.0,0,2403.0,1207,0.0,0.0,0.0,0.0
อุบลราชธานี,2,อำเภอเขื่องใน,ตำบลธาตุน้อย,พลวัต,0.0,0,2403.0,1207,0.0,0.0,0.0,0.0
อุบลราชธานี,2,อำเภอเขื่องใน,ตำบลธาตุน้อย,พลังธรรมใหม่,0.0,3,2403.0,1207,0.0,0.0024855012427506215,-0.0024855012427506215,0.0024855012427506215
อุบลราชธานี,2,อำเภอเขื่องใน,ตำบลธาตุน้อย,พลังประชารัฐ,1.0,0,2403.0,1207,0.0004161464835622139,0.0,0.0004161464835622139,0.0004161464835622139
อุบลราชธานี,2,อำเภอเขื่องใน,ตำบลธาตุน้อย,พลังสังคมใหม่,0.0,0,2403.0,1207,0.0,0.0,0.0,0.0
อุบลราชธานี,2,อำเภอเขื่องใน,ตำบลธาตุน้อย,พลังเพื่อไทย,0.0,2,2403.0,1207,0.0,0.0016570008285004142,-0.0016570008285004142,0.0016570008285004142
อุบลราชธานี,2,อำเภอเขื่องใน,ตำบลธาตุน้อย,พลังไทยรักชาติ,0.0,406,2403.0,1207,0.0,0.3363711681855841,-0.3363711681855841,0.3363711681855841
อุบลราชธานี,2,อำเภอเขื่องใน,ตำบลธาตุน้อย,ฟิวชัน,0.0,0,2403.0,1207,0.0,0.0,0.0,0.0
อุบลราชธานี,2,อำเภอเขื่องใน,ตำบลธาตุน้อย,ภูมิใจไทย,61.0,81,2403.0,1207,0.025384935497295046,0.06710853355426678,-0.041723598056971734,0.041723598056971734
อุบลราชธานี,2,อำเภอเขื่องใน,ตำบลธาตุน้อย,มิติใหม่,0.0,6,2403.0,1207,0.0,0.004971002485501243,-0.004971002485501243,0.004971002485501243
อุบลราชธานี,2,อำเภอเขื่องใน,ตำบลธาตุน้อย,รวมพลังประชาชน,0.0,3,2403.0,1207,0.0,0.0024855012427506215,-0.0024855012427506215,0.0024855012427506215
อุบลราชธานี,2,อำเภอเขื่องใน,ตำบลธาตุน้อย,รวมใจไทย,0.0,63,2403.0,1207,0.0,0.05219552609776305,-0.05219552609776305,0.05219552609776305
อุบลราชธานี,2,อำเภอเขื่องใน,ตำบลธาตุน้อย,รวมไทยสร้างชาติ,0.0,11,2403.0,1207,0.0,0.009113504556752278,-0.009113504556752278,0.009113504556752278
อุบลราชธานี,2,อำเภอเขื่องใน,ตำบลธาตุน้อย,รักชาติ,0.0,1,2403.0,1207,0.0,0.0008285004142502071,-0.0008285004142502071,0.0008285004142502071
อุบลราชธานี,2,อำเภอเขื่องใน,ตำบลธาตุน้อย,วิชชั่นใหม่,0.0,1,2403.0,1207,0.0,0.0008285004142502071,-0.0008285004142502071,0.0008285004142502071
อุบลราชธานี,2,อำเภอเขื่องใน,ตำบลธาตุน้อย,สร้างอนาคตไทย,0.0,1,2403.0,1207,0.0,0.0008285004142502071,-0.0008285004142502071,0.0008285004142502071
อุบลราชธานี,2,อำเภอเขื่องใน,ตำบลธาตุน้อย,สังคมประชาธิปไตยไทย,0.0,0,2403.0,1207,0.0,0.0,0.0,0.0
อุบลราชธานี,2,อำเภอเขื่องใน,ตำบลธาตุน้อย,อนาคตไทย,0.0,0,2403.0,1207,0.0,0.0,0.0,0.0
อุบลราชธานี,2,อำเภอเขื่องใน,ตำบลธาตุน้อย,เครือข่ายชาวนาแห่งประเทศไทย,0.0,0,2403.0,1207,0.0,0.0,0.0,0.0
อุบลราชธานี,2,อำเภอเขื่องใน,ตำบลธาตุน้อย,เป็นธรรม,0.0,1,2403.0,1207,0.0,0.0008285004142502071,-0.0008285004142502071,0.0008285004142502071
อุบลราชธานี,2,อำเภอเขื่องใน,ตำบลธาตุน้อย,เพื่อชาติไทย,0.0,10,2403.0,1207,0.0,0.008285004142502071,-0.008285004142502071,0.008285004142502071
อุบลราชธานี,2,อำเภอเขื่องใน,ตำบลธาตุน้อย,เพื่อชีวิตใหม่,0.0,1,2403.0,1207,0.0,0.0008285004142502071,-0.0008285004142502071,0.0008285004142502071
อุบลราชธานี,2,อำเภอเขื่องใน,ตำบลธาตุน้อย,เพื่อบ้านเมือง,0.0,2,2403.0,1207,0.0,0.0016570008285004142,-0.0016570008285004142,0.0016570008285004142
อุบลราชธานี,2,อำเภอเขื่องใน,ตำบลธาตุน้อย,เพื่อไทย,45.0,155,2403.0,1207,0.018726591760299626,0.12841756420878211,-0.10969097244848248,0.10969097244848248
อุบลราชธานี,2,อำเภอเขื่องใน,ตำบลธาตุน้อย,เศรษฐกิจ,8.0,10,2403.0,1207,0.0033291718684977114,0.008285004142502071,-0.004955832274004359,0.004955832274004359
อุบลราชธานี,2,อำเภอเขื่องใน,ตำบลธาตุน้อย,เสรีรวมไทย,0.0,2,2403.0,1207,0.0,0.0016570008285004142,-0.0016570008285004142,0.0016570008285004142
อุบลราชธานี,2,อำเภอเขื่องใน,ตำบลธาตุน้อย,แผ่นดินธรรม,0.0,0,2403.0,1207,0.0,0.0,0.0,0.0
อุบลราชธานี,2,อำเภอเขื่องใน,ตำบลธาตุน้อย,แรงงานสร้างชาติ,0.0,1,2403.0,1207,0.0,0.0008285004142502071,-0.0008285004142502071,0.0008285004142502071
อุบลราชธานี,2,อำเภอเขื่องใน,ตำบลธาตุน้อย,โอกาสใหม่,0.0,0,2403.0,1207,0.0,0.0,0.0,0.0
อุบลราชธานี,2,อำเภอเขื่องใน,ตำบลธาตุน้อย,ใหม่,0.0,10,2403.0,1207,0.0,0.008285004142502071,-0.008285004142502071,0.008285004142502071
อุบลราชธานี,2,อำเภอเขื่องใน,ตำบลธาตุน้อย,ไทยก้าวหน้า,0.0,0,2403.0,1207,0.0,0.0,0.0,0.0
อุบลราชธานี,2,อำเภอเขื่องใน,ตำบลธาตุน้อย,ไทยก้าวใหม่,1.0,1,2403.0,1207,0.0004161464835622139,0.0008285004142502071,-0.00041235393068799316,0.00041235393068799316
อุบลราชธานี,2,อำเภอเขื่องใน,ตำบลธาตุน้อย,ไทยชนะ,0.0,1,2403.0,1207,0.0,0.0008285004142502071,-0.0008285004142502071,0.0008285004142502071
อุบลราชธานี,2,อำเภอเขื่องใน,ตำบลธาตุน้อย,ไทยทรัพย์ทวี,0.0,32,2403.0,1207,0.0,0.026512013256006627,-0.026512013256006627,0.026512013256006627
อุบลราชธานี,2,อำเภอเขื่องใน,ตำบลธาตุน้อย,ไทยธรรม,0.0,3,2403.0,1207,0.0,0.0024855012427506215,-0.0024855012427506215,0.0024855012427506215
อุบลราชธานี,2,อำเภอเขื่องใน,ตำบลธาตุน้อย,ไทยพร้อม,0.0,2,2403.0,1207,0.0,0.0016570008285004142,-0.0016570008285004142,0.0016570008285004142
อุบลราชธานี,2,อำเภอเขื่องใน,ตำบลธาตุน้อย,ไทยพิทักษ์ธรรม,0.0,1,2403.0,1207,0.0,0.0008285004142502071,-0.0008285004142502071,0.0008285004142502071
อุบลราชธานี,2,อำเภอเขื่องใน,ตำบลธาตุน้อย,ไทยภักดี,0.0,1,2403.0,1207,0.0,0.0008285004142502071,-0.0008285004142502071,0.0008285004142502071
อุบลราชธานี,2,อำเภอเขื่องใน,ตำบลธาตุน้อย,ไทยรวมไทย,0.0,0,2403.0,1207,0.0,0.0,0.0,0.0
อุบลราชธานี,2,อำเภอเขื่องใน,ตำบลธาตุน้อย,ไทยสร้างไทย,0.0,1,2403.0,1207,0.0,0.0008285004142502071,-0.0008285004142502071,0.0008285004142502071
อุบลราชธานี,2,อำเภอเขื่องใน,ตำบลธาตุน้อย,ไทรวมพลัง,1335.0,135,2403.0,1207,0.5555555555555556,0.11184755592377796,0.44370799963177765,0.44370799963177765
อุบลราชธานี,2,อำเภอเขื่องใน,ตำบลนาคำใหญ่,กรีน,0.0,1,961.0,612,0.0,0.0016339869281045752,-0.0016339869281045752,0.0016339869281045752
อุบลราชธานี,2,อำเภอเขื่องใน,ตำบลนาคำใหญ่,กล้าธรรม,301.0,12,961.0,612,0.31321540062434966,0.0196078431372549,0.2936075574870948,0.2936075574870948
อุบลราชธานี,2,อำเภอเขื่องใน,ตำบลนาคำใหญ่,ก้าวอิสระ,0.0,0,961.0,612,0.0,0.0,0.0,0.0
อุบลราชธานี,2,อำเภอเขื่องใน,ตำบลนาคำใหญ่,ครูไทยเพื่อประชาชน,0.0,5,961.0,612,0.0,0.008169934640522876,-0.008169934640522876,0.008169934640522876
อุบลราชธานี,2,อำเภอเขื่องใน,ตำบลนาคำใหญ่,คลองไทย,0.0,1,961.0,612,0.0,0.0016339869281045752,-0.0016339869281045752,0.0016339869281045752
อุบลราชธานี,2,อำเภอเขื่องใน,ตำบลนาคำใหญ่,ความหวังใหม่,0.0,1,961.0,612,0.0,0.0016339869281045752,-0.0016339869281045752,0.0016339869281045752
อุบลราชธานี,2,อำเภอเขื่องใน,ตำบลนาคำใหญ่,ทางเลือกใหม่,0.0,1,961.0,612,0.0,0.0016339869281045752,-0.0016339869281045752,0.0016339869281045752
อุบลราชธานี,2,อำเภอเขื่องใน,ตำบลนาคำใหญ่,ท้องที่ไทย,0.0,6,961.0,612,0.0,0.00980392156862745,-0.00980392156862745,0.00980392156862745
อุบลราชธานี,2,อำเภอเขื่องใน,ตำบลนาคำใหญ่,ประชากรไทย,0.0,1,961.0,612,0.0,0.0016339869281045752,-0.0016339869281045752,0.0016339869281045752
อุบลราชธานี,2,อำเภอเขื่องใน,ตำบลนาคำใหญ่,ประชาชน,82.0,98,961.0,612,0.08532778355879292,0.16013071895424835,-0.07480293539545543,0.07480293539545543
อุบลราชธานี,2,อำเภอเขื่องใน,ตำบลนาคำใหญ่,ประชาชาติ,0.0,2,961.0,612,0.0,0.0032679738562091504,-0.0032679738562091504,0.0032679738562091504
อุบลราชธานี,2,อำเภอเขื่องใน,ตำบลนาคำใหญ่,ประชาธิปัตย์,4.0,11,961.0,612,0.004162330905306972,0.017973856209150325,-0.013811525303843353,0.013811525303843353
อุบลราชธานี,2,อำเภอเขื่องใน,ตำบลนาคำใหญ่,ประชาธิปไตยใหม่,1.0,8,961.0,612,0.001040582726326743,0.013071895424836602,-0.012031312698509858,0.012031312698509858
อุบลราชธานี,2,อำเภอเขื่องใน,ตำบลนาคำใหญ่,ประชาอาสาชาติ,0.0,2,961.0,612,0.0,0.0032679738562091504,-0.0032679738562091504,0.0032679738562091504
อุบลราชธานี,2,อำเภอเขื่องใน,ตำบลนาคำใหญ่,ประชาไทย,0.0,2,961.0,612,0.0,0.0032679738562091504,-0.0032679738562091504,0.0032679738562091504
อุบลราชธานี,2,อำเภอเขื่องใน,ตำบลนาคำใหญ่,ปวงชนไทย,0.0,0,961.0,612,0.0,0.0,0.0,0.0
อุบลราชธานี,2,อำเภอเขื่องใน,ตำบลนาคำใหญ่,พร้อม,0.0,2,961.0,612,0.0,0.0032679738562091504,-0.0032679738562091504,0.0032679738562091504
อุบลราชธานี,2,อำเภอเขื่องใน,ตำบลนาคำใหญ่,พลวัต,0.0,24,961.0,612,0.0,0.0392156862745098,-0.0392156862745098,0.0392156862745098
อุบลราชธานี,2,อำเภอเขื่องใน,ตำบลนาคำใหญ่,พลังธรรมใหม่,0.0,17,961.0,612,0.0,0.027777777777777776,-0.027777777777777776,0.027777777777777776
อุบลราชธานี,2,อำเภอเขื่องใน,ตำบลนาคำใหญ่,พลังประชารัฐ,1.0,22,961.0,612,0.001040582726326743,0.03594771241830065,-0.03490712969197391,0.03490712969197391
อุบลราชธานี,2,อำเภอเขื่องใน,ตำบลนาคำใหญ่,พลังสังคมใหม่,0.0,0,961.0,612,0.0,0.0,0.0,0.0
อุบลราชธานี,2,อำเภอเขื่องใน,ตำบลนาคำใหญ่,พลังเพื่อไทย,0.0,0,961.0,612,0.0,0.0,0.0,0.0
อุบลราชธานี,2,อำเภอเขื่องใน,ตำบลนาคำใหญ่,พลังไทยรักชาติ,0.0,2,961.0,612,0.0,0.0032679738562091504,-0.0032679738562091504,0.0032679738562091504
อุบลราชธานี,2,อำเภอเขื่องใน,ตำบลนาคำใหญ่,ฟิวชัน,0.0,0,961.0,612,0.0,0.0,0.0,0.0
อุบลราชธานี,2,อำเภอเขื่องใน,ตำบลนาคำใหญ่,ภูมิใจไทย,7.0,15,961.0,612,0.007284079084287201,0.024509803921568627,-0.017225724837281426,0.017225724837281426
อุบลราชธานี,2,อำเภอเขื่องใน,ตำบลนาคำใหญ่,มิติใหม่,0.0,6,961.0,612,0.0,0.00980392156862745,-0.00980392156862745,0.00980392156862745
อุบลราชธานี,2,อำเภอเขื่องใน,ตำบลนาคำใหญ่,รวมพลังประชาชน,0.0,0,961.0,612,0.0,0.0,0.0,0.0
อุบลราชธานี,2,อำเภอเขื่องใน,ตำบลนาคำใหญ่,รวมใจไทย,0.0,27,961.0,612,0.0,0.04411764705882353,-0.04411764705882353,0.04411764705882353
อุบลราชธานี,2,อำเภอเขื่องใน,ตำบลนาคำใหญ่,รวมไทยสร้างชาติ,0.0,5,961.0,612,0.0,0.008169934640522876,-0.008169934640522876,0.008169934640522876
อุบลราชธานี,2,อำเภอเขื่องใน,ตำบลนาคำใหญ่,รักชาติ,0.0,5,961.0,612,0.0,0.008169934640522876,-0.008169934640522876,0.008169934640522876
อุบลราชธานี,2,อำเภอเขื่องใน,ตำบลนาคำใหญ่,วิชชั่นใหม่,0.0,1,961.0,612,0.0,0.0016339869281045752,-0.0016339869281045752,0.0016339869281045752
อุบลราชธานี,2,อำเภอเขื่องใน,ตำบลนาคำใหญ่,สร้างอนาคตไทย,0.0,1,961.0,612,0.0,0.0016339869281045752,-0.0016339869281045752,0.0016339869281045752
อุบลราชธานี,2,อำเภอเขื่องใน,ตำบลนาคำใหญ่,สังคมประชาธิปไตยไทย,0.0,0,961.0,612,0.0,0.0,0.0,0.0
อุบลราชธานี,2,อำเภอเขื่องใน,ตำบลนาคำใหญ่,อนาคตไทย,0.0,0,961.0,612,0.0,0.0,0.0,0.0
อุบลราชธานี,2,อำเภอเขื่องใน,ตำบลนาคำใหญ่,เครือข่ายชาวนาแห่งประเทศไทย,0.0,1,961.0,612,0.0,0.0016339869281045752,-0.0016339869281045752,0.0016339869281045752
อุบลราชธานี,2,อำเภอเขื่องใน,ตำบลนาคำใหญ่,เป็นธรรม,0.0,3,961.0,612,0.0,0.004901960784313725,-0.004901960784313725,0.004901960784313725
อุบลราชธานี,2,อำเภอเขื่องใน,ตำบลนาคำใหญ่,เพื่อชาติไทย,0.0,5,961.0,612,0.0,0.008169934640522876,-0.008169934640522876,0.008169934640522876
อุบลราชธานี,2,อำเภอเขื่องใน,ตำบลนาคำใหญ่,เพื่อชีวิตใหม่,0.0,1,961.0,612,0.0,0.0016339869281045752,-0.0016339869281045752,0.0016339869281045752
อุบลราชธานี,2,อำเภอเขื่องใน,ตำบลนาคำใหญ่,เพื่อบ้านเมือง,0.0,2,961.0,612,0.0,0.0032679738562091504,-0.0032679738562091504,0.0032679738562091504
อุบลราชธานี,2,อำเภอเขื่องใน,ตำบลนาคำใหญ่,เพื่อไทย,31.0,126,961.0,612,0.03225806451612903,0.20588235294117646,-0.17362428842504743,0.17362428842504743
อุบลราชธานี,2,อำเภอเขื่องใน,ตำบลนาคำใหญ่,เศรษฐกิจ,14.0,13,961.0,612,0.014568158168574402,0.021241830065359478,-0.006673671896785076,0.006673671896785076
อุบลราชธานี,2,อำเภอเขื่องใน,ตำบลนาคำใหญ่,เสรีรวมไทย,0.0,2,961.0,612,0.0,0.0032679738562091504,-0.0032679738562091504,0.0032679738562091504
อุบลราชธานี,2,อำเภอเขื่องใน,ตำบลนาคำใหญ่,แผ่นดินธรรม,0.0,32,961.0,612,0.0,0.05228758169934641,-0.05228758169934641,0.05228758169934641
อุบลราชธานี,2,อำเภอเขื่องใน,ตำบลนาคำใหญ่,แรงงานสร้างชาติ,0.0,1,961.0,612,0.0,0.0016339869281045752,-0.0016339869281045752,0.0016339869281045752
อุบลราชธานี,2,อำเภอเขื่องใน,ตำบลนาคำใหญ่,โอกาสใหม่,0.0,2,961.0,612,0.0,0.0032679738562091504,-0.0032679738562091504,0.0032679738562091504
อุบลราชธานี,2,อำเภอเขื่องใน,ตำบลนาคำใหญ่,ใหม่,0.0,1,961.0,612,0.0,0.0016339869281045752,-0.0016339869281045752,0.0016339869281045752
อุบลราชธานี,2,อำเภอเขื่องใน,ตำบลนาคำใหญ่,ไทยก้าวหน้า,0.0,0,961.0,612,0.0,0.0,0.0,0.0
อุบลราชธานี,2,อำเภอเขื่องใน,ตำบลนาคำใหญ่,ไทยก้าวใหม่,1.0,3,961.0,612,0.001040582726326743,0.004901960784313725,-0.0038613780579869823,0.0038613780579869823
อุบลราชธานี,2,อำเภอเขื่องใน,ตำบลนาคำใหญ่,ไทยชนะ,0.0,0,961.0,612,0.0,0.0,0.0,0.0
อุบลราชธานี,2,อำเภอเขื่องใน,ตำบลนาคำใหญ่,ไทยทรัพย์ทวี,0.0,21,961.0,612,0.0,0.03431372549019608,-0.03431372549019608,0.03431372549019608
อุบลราชธานี,2,อำเภอเขื่องใน,ตำบลนาคำใหญ่,ไทยธรรม,0.0,0,961.0,612,0.0,0.0,0.0,0.0
อุบลราชธานี,2,อำเภอเขื่องใน,ตำบลนาคำใหญ่,ไทยพร้อม,0.0,1,961.0,612,0.0,0.0016339869281045752,-0.0016339869281045752,0.0016339869281045752
อุบลราชธานี,2,อำเภอเขื่องใน,ตำบลนาคำใหญ่,ไทยพิทักษ์ธรรม,0.0,1,961.0,612,0.0,0.0016339869281045752,-0.0016339869281045752,0.0016339869281045752
อุบลราชธานี,2,อำเภอเขื่องใน,ตำบลนาคำใหญ่,ไทยภักดี,0.0,1,961.0,612,0.0,0.0016339869281045752,-0.0016339869281045752,0.0016339869281045752
อุบลราชธานี,2,อำเภอเขื่องใน,ตำบลนาคำใหญ่,ไทยรวมไทย,0.0,1,961.0,612,0.0,0.0016339869281045752,-0.0016339869281045752,0.0016339869281045752
อุบลราชธานี,2,อำเภอเขื่องใน,ตำบลนาคำใหญ่,ไทยสร้างไทย,0.0,3,961.0,612,0.0,0.004901960784313725,-0.004901960784313725,0.004901960784313725
อุบลราชธานี,2,อำเภอเขื่องใน,ตำบลนาคำใหญ่,ไทรวมพลัง,519.0,114,961.0,612,0.5400624349635796,0.18627450980392157,0.35378792515965807,0.35378792515965807
อุบลราชธานี,2,อำเภอเขื่องใน,ตำบลบ้านกอก,กรีน,0.0,2,2167.0,1697,0.0,0.0011785503830288745,-0.0011785503830288745,0.0011785503830288745
อุบลราชธานี,2,อำเภอเขื่องใน,ตำบลบ้านกอก,กล้าธรรม,801.0,110,2167.0,1697,0.36963544070143056,0.0648202710665881,0.30481516963484245,0.30481516963484245
อุบลราชธานี,2,อำเภอเขื่องใน,ตำบลบ้านกอก,ก้าวอิสระ,0.0,1,2167.0,1697,0.0,0.0005892751915144372,-0.0005892751915144372,0.0005892751915144372
อุบลราชธานี,2,อำเภอเขื่องใน,ตำบลบ้านกอก,ครูไทยเพื่อประชาชน,0.0,0,2167.0,1697,0.0,0.0,0.0,0.0
อุบลราชธานี,2,อำเภอเขื่องใน,ตำบลบ้านกอก,คลองไทย,0.0,0,2167.0,1697,0.0,0.0,0.0,0.0
อุบลราชธานี,2,อำเภอเขื่องใน,ตำบลบ้านกอก,ความหวังใหม่,0.0,0,2167.0,1697,0.0,0.0,0.0,0.0
อุบลราชธานี,2,อำเภอเขื่องใน,ตำบลบ้านกอก,ทางเลือกใหม่,0.0,2,2167.0,1697,0.0,0.0011785503830288745,-0.0011785503830288745,0.0011785503830288745
อุบลราชธานี,2,อำเภอเขื่องใน,ตำบลบ้านกอก,ท้องที่ไทย,0.0,2,2167.0,1697,0.0,0.0011785503830288745,-0.0011785503830288745,0.0011785503830288745
อุบลราชธานี,2,อำเภอเขื่องใน,ตำบลบ้านกอก,ประชากรไทย,0.0,1,2167.0,1697,0.0,0.0005892751915144372,-0.0005892751915144372,0.0005892751915144372
อุบลราชธานี,2,อำเภอเขื่องใน,ตำบลบ้านกอก,ประชาชน,205.0,179,2167.0,1697,0.09460083064143977,0.10548025928108426,-0.010879428639644487,0.010879428639644487
อุบลราชธานี,2,อำเภอเขื่องใน,ตำบลบ้านกอก,ประชาชาติ,0.0,1,2167.0,1697,0.0,0.0005892751915144372,-0.0005892751915144372,0.0005892751915144372
อุบลราชธานี,2,อำเภอเขื่องใน,ตำบลบ้านกอก,ประชาธิปัตย์,5.0,66,2167.0,1697,0.0023073373327180432,0.038892162639952856,-0.036584825307234815,0.036584825307234815
อุบลราชธานี,2,อำเภอเขื่องใน,ตำบลบ้านกอก,ประชาธิปไตยใหม่,5.0,6,2167.0,1697,0.0023073373327180432,0.0035356511490866236,-0.0012283138163685803,0.0012283138163685803
อุบลราชธานี,2,อำเภอเขื่องใน,ตำบลบ้านกอก,ประชาอาสาชาติ,0.0,3,2167.0,1697,0.0,0.0017678255745433118,-0.0017678255745433118,0.0017678255745433118
อุบลราชธานี,2,อำเภอเขื่องใน,ตำบลบ้านกอก,ประชาไทย,0.0,3,2167.0,1697,0.0,0.0017678255745433118,-0.0017678255745433118,0.0017678255745433118
อุบลราชธานี,2,อำเภอเขื่องใน,ตำบลบ้านกอก,ปวงชนไทย,0.0,1,2167.0,1697,0.0,0.0005892751915144372,-0.0005892751915144372,0.0005892751915144372
อุบลราชธานี,2,อำเภอเขื่องใน,ตำบลบ้านกอก,พร้อม,0.0,1,2167.0,1697,0.0,0.0005892751915144372,-0.0005892751915144372,0.0005892751915144372
อุบลราชธานี,2,อำเภอเขื่องใน,ตำบลบ้านกอก,พลวัต,0.0,0,2167.0,1697,0.0,0.0,0.0,0.0
อุบลราชธานี,2,อำเภอเขื่องใน,ตำบลบ้านกอก,พลังธรรมใหม่,0.0,34,2167.0,1697,0.0,0.020035356511490868,-0.020035356511490868,0.020035356511490868
อุบลราชธานี,2,อำเภอเขื่องใน,ตำบลบ้านกอก,พลังประชารัฐ,4.0,5,2167.0,1697,0.0018458698661744347,0.0029463759575721863,-0.0011005060913977516,0.0011005060913977516
อุบลราชธานี,2,อำเภอเขื่องใน,ตำบลบ้านกอก,พลังสังคมใหม่,0.0,1,2167.0,1697,0.0,0.0005892751915144372,-0.0005892751915144372,0.0005892751915144372
อุบลราชธานี,2,อำเภอเขื่องใน,ตำบลบ้านกอก,พลังเพื่อไทย,0.0,3,2167.0,1697,0.0,0.0017678255745433118,-0.0017678255745433118,0.0017678255745433118
อุบลราชธานี,2,อำเภอเขื่องใน,ตำบลบ้านกอก,พลังไทยรักชาติ,0.0,383,2167.0,1697,0.0,0.22569239835002947,-0.22569239835002947,0.22569239835002947
อุบลราชธานี,2,อำเภอเขื่องใน,ตำบลบ้านกอก,ฟิวชัน,0.0,1,2167.0,1697,0.0,0.0005892751915144372,-0.0005892751915144372,0.0005892751915144372
อุบลราชธานี,2,อำเภอเขื่องใน,ตำบลบ้านกอก,ภูมิใจไทย,18.0,128,2167.0,1697,0.008306414397784956,0.07542722451384797,-0.06712081011606301,0.06712081011606301
อุบลราชธานี,2,อำเภอเขื่องใน,ตำบลบ้านกอก,มิติใหม่,0.0,2,2167.0,1697,0.0,0.0011785503830288745,-0.0011785503830288745,0.0011785503830288745
อุบลราชธานี,2,อำเภอเขื่องใน,ตำบลบ้านกอก,รวมพลังประชาชน,0.0,8,2167.0,1697,0.0,0.004714201532115498,-0.004714201532115498,0.004714201532115498
อุบลราชธานี,2,อำเภอเขื่องใน,ตำบลบ้านกอก,รวมใจไทย,0.0,47,2167.0,1697,0.0,0.02769593400117855,-0.02769593400117855,0.02769593400117855
อุบลราชธานี,2,อำเภอเขื่องใน,ตำบลบ้านกอก,รวมไทยสร้างชาติ,0.0,18,2167.0,1697,0.0,0.01060695344725987,-0.01060695344725987,0.01060695344725987
อุบลราชธานี,2,อำเภอเขื่องใน,ตำบลบ้านกอก,รักชาติ,0.0,1,2167.0,1697,0.0,0.0005892751915144372,-0.0005892751915144372,0.0005892751915144372
อุบลราชธานี,2,อำเภอเขื่องใน,ตำบลบ้านกอก,วิชชั่นใหม่,0.0,4,2167.0,1697,0.0,0.002357100766057749,-0.002357100766057749,0.002357100766057749
อุบลราชธานี,2,อำเภอเขื่องใน,ตำบลบ้านกอก,สร้างอนาคตไทย,0.0,3,2167.0,1697,0.0,0.0017678255745433118,-0.0017678255745433118,0.0017678255745433118
อุบลราชธานี,2,อำเภอเขื่องใน,ตำบลบ้านกอก,สังคมประชาธิปไตยไทย,0.0,0,2167.0,1697,0.0,0.0,0.0,0.0
อุบลราชธานี,2,อำเภอเขื่องใน,ตำบลบ้านกอก,อนาคตไทย,0.0,0,2167.0,1697,0.0,0.0,0.0,0.0
อุบลราชธานี,2,อำเภอเขื่องใน,ตำบลบ้านกอก,เครือข่ายชาวนาแห่งประเทศไทย,0.0,1,2167.0,1697,0.0,0.0005892751915144372,-0.0005892751915144372,0.0005892751915144372
อุบลราชธานี,2,อำเภอเขื่องใน,ตำบลบ้านกอก,เป็นธรรม,0.0,80,2167.0,1697,0.0,0.04714201532115498,-0.04714201532115498,0.04714201532115498
อุบลราชธานี,2,อำเภอเขื่องใน,ตำบลบ้านกอก,เพื่อชาติไทย,0.0,15,2167.0,1697,0.0,0.00883912787271656,-0.00883912787271656,0.00883912787271656
อุบลราชธานี,2,อำเภอเขื่องใน,ตำบลบ้านกอก,เพื่อชีวิตใหม่,0.0,2,2167.0,1697,0.0,0.0011785503830288745,-0.0011785503830288745,0.0011785503830288745
อุบลราชธานี,2,อำเภอเขื่องใน,ตำบลบ้านกอก,เพื่อบ้านเมือง,0.0,0,2167.0,1697,0.0,0.0,0.0,0.0
อุบลราชธานี,2,อำเภอเขื่องใน,ตำบลบ้านกอก,เพื่อไทย,50.0,253,2167.0,1697,0.023073373327180433,0.14908662345315263,-0.1260132501259722,0.1260132501259722
อุบลราชธานี,2,อำเภอเขื่องใน,ตำบลบ้านกอก,เศรษฐกิจ,18.0,36,2167.0,1697,0.008306414397784956,0.02121390689451974,-0.012907492496734785,0.012907492496734785
อุบลราชธานี,2,อำเภอเขื่องใน,ตำบลบ้านกอก,เสรีรวมไทย,0.0,9,2167.0,1697,0.0,0.005303476723629935,-0.005303476723629935,0.005303476723629935
อุบลราชธานี,2,อำเภอเขื่องใน,ตำบลบ้านกอก,แผ่นดินธรรม,0.0,4,2167.0,1697,0.0,0.002357100766057749,-0.002357100766057749,0.002357100766057749
อุบลราชธานี,2,อำเภอเขื่องใน,ตำบลบ้านกอก,แรงงานสร้างชาติ,0.0,2,2167.0,1697,0.0,0.0011785503830288745,-0.0011785503830288745,0.0011785503830288745
อุบลราชธานี,2,อำเภอเขื่องใน,ตำบลบ้านกอก,โอกาสใหม่,0.0,0,2167.0,1697,0.0,0.0,0.0,0.0
อุบลราชธานี,2,อำเภอเขื่องใน,ตำบลบ้านกอก,ใหม่,0.0,7,2167.0,1697,0.0,0.0041249263406010605,-0.0041249263406010605,0.0041249263406010605
อุบลราชธานี,2,อำเภอเขื่องใน,ตำบลบ้านกอก,ไทยก้าวหน้า,0.0,4,2167.0,1697,0.0,0.002357100766057749,-0.002357100766057749,0.002357100766057749
อุบลราชธานี,2,อำเภอเขื่องใน,ตำบลบ้านกอก,ไทยก้าวใหม่,1.0,3,2167.0,1697,0.00046146746654360867,0.0017678255745433118,-0.001306358107999703,0.001306358107999703
อุบลราชธานี,2,อำเภอเขื่องใน,ตำบลบ้านกอก,ไทยชนะ,0.0,1,2167.0,1697,0.0,0.0005892751915144372,-0.0005892751915144372,0.0005892751915144372
อุบลราชธานี,2,อำเภอเขื่องใน,ตำบลบ้านกอก,ไทยทรัพย์ทวี,0.0,22,2167.0,1697,0.0,0.01296405421331762,-0.01296405421331762,0.01296405421331762
อุบลราชธานี,2,อำเภอเขื่องใน,ตำบลบ้านกอก,ไทยธรรม,0.0,1,2167.0,1697,0.0,0.0005892751915144372,-0.0005892751915144372,0.0005892751915144372
อุบลราชธานี,2,อำเภอเขื่องใน,ตำบลบ้านกอก,ไทยพร้อม,0.0,1,2167.0,1697,0.0,0.0005892751915144372,-0.0005892751915144372,0.0005892751915144372
อุบลราชธานี,2,อำเภอเขื่องใน,ตำบลบ้านกอก,ไทยพิทักษ์ธรรม,0.0,0,2167.0,1697,0.0,0.0,0.0,0.0
อุบลราชธานี,2,อำเภอเขื่องใน,ตำบลบ้านกอก,ไทยภักดี,0.0,5,2167.0,1697,0.0,0.0029463759575721863,-0.0029463759575721863,0.0029463759575721863
อุบลราชธานี,2,อำเภอเขื่องใน,ตำบลบ้านกอก,ไทยรวมไทย,0.0,2,2167.0,1697,0.0,0.0011785503830288745,-0.0011785503830288745,0.0011785503830288745
อุบลราชธานี,2,อำเภอเขื่องใน,ตำบลบ้านกอก,ไทยสร้างไทย,0.0,3,2167.0,1697,0.0,0.0017678255745433118,-0.0017678255745433118,0.0017678255745433118
อุบลราชธานี,2,อำเภอเขื่องใน,ตำบลบ้านกอก,ไทรวมพลัง,1060.0,230,2167.0,1697,0.4891555145362252,0.13553329404832057,0.3536222204879046,0.3536222204879046
อุบลราชธานี,2,อำเภอเขื่องใน,ตำบลบ้านไทย,กรีน,0.0,0,2651.0,963,0.0,0.0,0.0,0.0
อุบลราชธานี,2,อำเภอเขื่องใน,ตำบลบ้านไทย,กล้าธรรม,1205.0,101,2651.0,963,0.45454545454545453,0.10488058151609553,0.349664873029359,0.349664873029359
อุบลราชธานี,2,อำเภอเขื่องใน,ตำบลบ้านไทย,ก้าวอิสระ,0.0,1,2651.0,963,0.0,0.0010384215991692627,-0.0010384215991692627,0.0010384215991692627
อุบลราชธานี,2,อำเภอเขื่องใน,ตำบลบ้านไทย,ครูไทยเพื่อประชาชน,0.0,0,2651.0,963,0.0,0.0,0.0,0.0
อุบลราชธานี,2,อำเภอเขื่องใน,ตำบลบ้านไทย,คลองไทย,0.0,8,2651.0,963,0.0,0.008307372793354102,-0.008307372793354102,0.008307372793354102
อุบลราชธานี,2,อำเภอเขื่องใน,ตำบลบ้านไทย,ความหวังใหม่,0.0,1,2651.0,963,0.0,0.0010384215991692627,-0.0010384215991692627,0.0010384215991692627
อุบลราชธานี,2,อำเภอเขื่องใน,ตำบลบ้านไทย,ทางเลือกใหม่,0.0,2,2651.0,963,0.0,0.0020768431983385254,-0.0020768431983385254,0.0020768431983385254
อุบลราชธานี,2,อำเภอเขื่องใน,ตำบลบ้านไทย,ท้องที่ไทย,0.0,1,2651.0,963,0.0,0.0010384215991692627,-0.0010384215991692627,0.0010384215991692627
อุบลราชธานี,2,อำเภอเขื่องใน,ตำบลบ้านไทย,ประชากรไทย,0.0,2,2651.0,963,0.0,0.0020768431983385254,-0.0020768431983385254,0.0020768431983385254
อุบลราชธานี,2,อำเภอเขื่องใน,ตำบลบ้านไทย,ประชาชน,166.0,132,2651.0,963,0.06261788004526593,0.13707165109034267,-0.07445377104507674,0.07445377104507674
อุบลราชธานี,2,อำเภอเขื่องใน,ตำบลบ้านไทย,ประชาชาติ,0.0,1,2651.0,963,0.0,0.0010384215991692627,-0.0010384215991692627,0.0010384215991692627
อุบลราชธานี,2,อำเภอเขื่องใน,ตำบลบ้านไทย,ประชาธิปัตย์,6.0,78,2651.0,963,0.002263296869105998,0.08099688473520249,-0.0787335878660965,0.0787335878660965
อุบลราชธานี,2,อำเภอเขื่องใน,ตำบลบ้านไทย,ประชาธิปไตยใหม่,3.0,10,2651.0,963,0.001131648434552999,0.010384215991692628,-0.00925256755713963,0.00925256755713963
อุบลราชธานี,2,อำเภอเขื่องใน,ตำบลบ้านไทย,ประชาอาสาชาติ,0.0,1,2651.0,963,0.0,0.0010384215991692627,-0.0010384215991692627,0.0010384215991692627
อุบลราชธานี,2,อำเภอเขื่องใน,ตำบลบ้านไทย,ประชาไทย,0.0,0,2651.0,963,0.0,0.0,0.0,0.0
อุบลราชธานี,2,อำเภอเขื่องใน,ตำบลบ้านไทย,ปวงชนไทย,0.0,3,2651.0,963,0.0,0.003115264797507788,-0.003115264797507788,0.003115264797507788
อุบลราชธานี,2,อำเภอเขื่องใน,ตำบลบ้านไทย,พร้อม,0.0,1,2651.0,963,0.0,0.0010384215991692627,-0.0010384215991692627,0.0010384215991692627
อุบลราชธานี,2,อำเภอเขื่องใน,ตำบลบ้านไทย,พลวัต,0.0,0,2651.0,963,0.0,0.0,0.0,0.0
อุบลราชธานี,2,อำเภอเขื่องใน,ตำบลบ้านไทย,พลังธรรมใหม่,0.0,1,2651.0,963,0.0,0.0010384215991692627,-0.0010384215991692627,0.0010384215991692627
อุบลราชธานี,2,อำเภอเขื่องใน,ตำบลบ้านไทย,พลังประชารัฐ,2.0,2,2651.0,963,0.0007544322897019992,0.0020768431983385254,-0.0013224109086365263,0.0013224109086365263
อุบลราชธานี,2,อำเภอเขื่องใน,ตำบลบ้านไทย,พลังสังคมใหม่,0.0,0,2651.0,963,0.0,0.0,0.0,0.0
อุบลราชธานี,2,อำเภอเขื่องใน,ตำบลบ้านไทย,พลังเพื่อไทย,0.0,3,2651.0,963,0.0,0.003115264797507788,-0.003115264797507788,0.003115264797507788
อุบลราชธานี,2,อำเภอเขื่องใน,ตำบลบ้านไทย,พลังไทยรักชาติ,0.0,0,2651.0,963,0.0,0.0,0.0,0.0
อุบลราชธานี,2,อำเภอเขื่องใน,ตำบลบ้านไทย,ฟิวชัน,0.0,0,2651.0,963,0.0,0.0,0.0,0.0
อุบลราชธานี,2,อำเภอเขื่องใน,ตำบลบ้านไทย,ภูมิใจไทย,23.0,89,2651.0,963,0.00867597133157299,0.09241952232606439,-0.08374355099449139,0.08374355099449139
อุบลราชธานี,2,อำเภอเขื่องใน,ตำบลบ้านไทย,มิติใหม่,0.0,4,2651.0,963,0.0,0.004153686396677051,-0.004153686396677051,0.004153686396677051
อุบลราชธานี,2,อำเภอเขื่องใน,ตำบลบ้านไทย,รวมพลังประชาชน,0.0,5,2651.0,963,0.0,0.005192107995846314,-0.005192107995846314,0.005192107995846314
อุบลราชธานี,2,อำเภอเขื่องใน,ตำบลบ้านไทย,รวมใจไทย,0.0,22,2651.0,963,0.0,0.02284527518172378,-0.02284527518172378,0.02284527518172378
อุบลราชธานี,2,อำเภอเขื่องใน,ตำบลบ้านไทย,รวมไทยสร้างชาติ,0.0,14,2651.0,963,0.0,0.014537902388369679,-0.014537902388369679,0.014537902388369679
อุบลราชธานี,2,อำเภอเขื่องใน,ตำบลบ้านไทย,รักชาติ,0.0,2,2651.0,963,0.0,0.0020768431983385254,-0.0020768431983385254,0.0020768431983385254
อุบลราชธานี,2,อำเภอเขื่องใน,ตำบลบ้านไทย,วิชชั่นใหม่,0.0,5,2651.0,963,0.0,0.005192107995846314,-0.005192107995846314,0.005192107995846314
อุบลราชธานี,2,อำเภอเขื่องใน,ตำบลบ้านไทย,สร้างอนาคตไทย,0.0,4,2651.0,963,0.0,0.004153686396677051,-0.004153686396677051,0.004153686396677051
อุบลราชธานี,2,อำเภอเขื่องใน,ตำบลบ้านไทย,สังคมประชาธิปไตยไทย,0.0,0,2651.0,963,0.0,0.0,0.0,0.0
อุบลราชธานี,2,อำเภอเขื่องใน,ตำบลบ้านไทย,อนาคตไทย,0.0,0,2651.0,963,0.0,0.0,0.0,0.0
อุบลราชธานี,2,อำเภอเขื่องใน,ตำบลบ้านไทย,เครือข่ายชาวนาแห่งประเทศไทย,0.0,9,2651.0,963,0.0,0.009345794392523364,-0.009345794392523364,0.009345794392523364
อุบลราชธานี,2,อำเภอเขื่องใน,ตำบลบ้านไทย,เป็นธรรม,0.0,3,2651.0,963,0.0,0.003115264797507788,-0.003115264797507788,0.003115264797507788
อุบลราชธานี,2,อำเภอเขื่องใน,ตำบลบ้านไทย,เพื่อชาติไทย,0.0,9,2651.0,963,0.0,0.009345794392523364,-0.009345794392523364,0.009345794392523364
อุบลราชธานี,2,อำเภอเขื่องใน,ตำบลบ้านไทย,เพื่อชีวิตใหม่,0.0,1,2651.0,963,0.0,0.0010384215991692627,-0.0010384215991692627,0.0010384215991692627
อุบลราชธานี,2,อำเภอเขื่องใน,ตำบลบ้านไทย,เพื่อบ้านเมือง,0.0,1,2651.0,963,0.0,0.0010384215991692627,-0.0010384215991692627,0.0010384215991692627
อุบลราชธานี,2,อำเภอเขื่องใน,ตำบลบ้านไทย,เพื่อไทย,102.0,80,2651.0,963,0.03847604677480196,0.08307372793354102,-0.044597681158739064,0.044597681158739064
อุบลราชธานี,2,อำเภอเขื่องใน,ตำบลบ้านไทย,เศรษฐกิจ,13.0,103,2651.0,963,0.004903809883062995,0.10695742471443406,-0.10205361483137107,0.10205361483137107
อุบลราชธานี,2,อำเภอเขื่องใน,ตำบลบ้านไทย,เสรีรวมไทย,0.0,4,2651.0,963,0.0,0.004153686396677051,-0.004153686396677051,0.004153686396677051
อุบลราชธานี,2,อำเภอเขื่องใน,ตำบลบ้านไทย,แผ่นดินธรรม,0.0,68,2651.0,963,0.0,0.07061266874350987,-0.07061266874350987,0.07061266874350987
อุบลราชธานี,2,อำเภอเขื่องใน,ตำบลบ้านไทย,แรงงานสร้างชาติ,0.0,1,2651.0,963,0.0,0.0010384215991692627,-0.0010384215991692627,0.0010384215991692627
อุบลราชธานี,2,อำเภอเขื่องใน,ตำบลบ้านไทย,โอกาสใหม่,0.0,0,2651.0,963,0.0,0.0,0.0,0.0
อุบลราชธานี,2,อำเภอเขื่องใน,ตำบลบ้านไทย,ใหม่,0.0,6,2651.0,963,0.0,0.006230529595015576,-0.006230529595015576,0.006230529595015576
อุบลราชธานี,2,อำเภอเขื่องใน,ตำบลบ้านไทย,ไทยก้าวหน้า,0.0,2,2651.0,963,0.0,0.0020768431983385254,-0.0020768431983385254,0.0020768431983385254
อุบลราชธานี,2,อำเภอเขื่องใน,ตำบลบ้านไทย,ไทยก้าวใหม่,2.0,7,2651.0,963,0.0007544322897019992,0.007268951194184839,-0.00651451890448284,0.00651451890448284
อุบลราชธานี,2,อำเภอเขื่องใน,ตำบลบ้านไทย,ไทยชนะ,0.0,3,2651.0,963,0.0,0.003115264797507788,-0.003115264797507788,0.003115264797507788
อุบลราชธานี,2,อำเภอเขื่องใน,ตำบลบ้านไทย,ไทยทรัพย์ทวี,0.0,8,2651.0,963,0.0,0.008307372793354102,-0.008307372793354102,0.008307372793354102
อุบลราชธานี,2,อำเภอเขื่องใน,ตำบลบ้านไทย,ไทยธรรม,0.0,0,2651.0,963,0.0,0.0,0.0,0.0
อุบลราชธานี,2,อำเภอเขื่องใน,ตำบลบ้านไทย,ไทยพร้อม,0.0,0,2651.0,963,0.0,0.0,0.0,0.0
อุบลราชธานี,2,อำเภอเขื่องใน,ตำบลบ้านไทย,ไทยพิทักษ์ธรรม,0.0,0,2651.0,963,0.0,0.0,0.0,0.0
อุบลราชธานี,2,อำเภอเขื่องใน,ตำบลบ้านไทย,ไทยภักดี,0.0,3,2651.0,963,0.0,0.003115264797507788,-0.003115264797507788,0.003115264797507788
อุบลราชธานี,2,อำเภอเขื่องใน,ตำบลบ้านไทย,ไทยรวมไทย,0.0,1,2651.0,963,0.0,0.0010384215991692627,-0.0010384215991692627,0.0010384215991692627
อุบลราชธานี,2,อำเภอเขื่องใน,ตำบลบ้านไทย,ไทยสร้างไทย,0.0,3,2651.0,963,0.0,0.003115264797507788,-0.003115264797507788,0.003115264797507788
อุบลราชธานี,2,อำเภอเขื่องใน,ตำบลบ้านไทย,ไทรวมพลัง,1129.0,158,2651.0,963,0.4258770275367786,0.1640706126687435,0.2618064148680351,0.2618064148680351
อุบลราชธานี,2,อำเภอเขื่องใน,ตำบลยางขี้นก,กรีน,0.0,0,1037.0,1860,0.0,0.0,0.0,0.0
อุบลราชธานี,2,อำเภอเขื่องใน,ตำบลยางขี้นก,กล้าธรรม,573.0,237,1037.0,1860,0.5525554484088717,0.12741935483870967,0.425136093570162,0.425136093570162
อุบลราชธานี,2,อำเภอเขื่องใน,ตำบลยางขี้นก,ก้าวอิสระ,0.0,0,1037.0,1860,0.0,0.0,0.0,0.0
อุบลราชธานี,2,อำเภอเขื่องใน,ตำบลยางขี้นก,ครูไทยเพื่อประชาชน,0.0,5,1037.0,1860,0.0,0.002688172043010753,-0.002688172043010753,0.002688172043010753
อุบลราชธานี,2,อำเภอเขื่องใน,ตำบลยางขี้นก,คลองไทย,0.0,14,1037.0,1860,0.0,0.007526881720430108,-0.007526881720430108,0.007526881720430108
อุบลราชธานี,2,อำเภอเขื่องใน,ตำบลยางขี้นก,ความหวังใหม่,0.0,1,1037.0,1860,0.0,0.0005376344086021505,-0.0005376344086021505,0.0005376344086021505
อุบลราชธานี,2,อำเภอเขื่องใน,ตำบลยางขี้นก,ทางเลือกใหม่,0.0,2,1037.0,1860,0.0,0.001075268817204301,-0.001075268817204301,0.001075268817204301
อุบลราชธานี,2,อำเภอเขื่องใน,ตำบลยางขี้นก,ท้องที่ไทย,0.0,0,1037.0,1860,0.0,0.0,0.0,0.0
อุบลราชธานี,2,อำเภอเขื่องใน,ตำบลยางขี้นก,ประชากรไทย,0.0,0,1037.0,1860,0.0,0.0,0.0,0.0
อุบลราชธานี,2,อำเภอเขื่องใน,ตำบลยางขี้นก,ประชาชน,59.0,268,1037.0,1860,0.05689488910318226,0.14408602150537633,-0.08719113240219407,0.08719113240219407
อุบลราชธานี,2,อำเภอเขื่องใน,ตำบลยางขี้นก,ประชาชาติ,0.0,0,1037.0,1860,0.0,0.0,0.0,0.0
อุบลราชธานี,2,อำเภอเขื่องใน,ตำบลยางขี้นก,ประชาธิปัตย์,0.0,25,1037.0,1860,0.0,0.013440860215053764,-0.013440860215053764,0.013440860215053764
อุบลราชธานี,2,อำเภอเขื่องใน,ตำบลยางขี้นก,ประชาธิปไตยใหม่,0.0,63,1037.0,1860,0.0,0.03387096774193549,-0.03387096774193549,0.03387096774193549
อุบลราชธานี,2,อำเภอเขื่องใน,ตำบลยางขี้นก,ประชาอาสาชาติ,0.0,3,1037.0,1860,0.0,0.0016129032258064516,-0.0016129032258064516,0.0016129032258064516
อุบลราชธานี,2,อำเภอเขื่องใน,ตำบลยางขี้นก,ประชาไทย,0.0,75,1037.0,1860,0.0,0.04032258064516129,-0.04032258064516129,0.04032258064516129
อุบลราชธานี,2,อำเภอเขื่องใน,ตำบลยางขี้นก,ปวงชนไทย,0.0,23,1037.0,1860,0.0,0.012365591397849462,-0.012365591397849462,0.012365591397849462
อุบลราชธานี,2,อำเภอเขื่องใน,ตำบลยางขี้นก,พร้อม,0.0,0,1037.0,1860,0.0,0.0,0.0,0.0
อุบลราชธานี,2,อำเภอเขื่องใน,ตำบลยางขี้นก,พลวัต,0.0,1,1037.0,1860,0.0,0.0005376344086021505,-0.0005376344086021505,0.0005376344086021505
อุบลราชธานี,2,อำเภอเขื่องใน,ตำบลยางขี้นก,พลังธรรมใหม่,0.0,3,1037.0,1860,0.0,0.0016129032258064516,-0.0016129032258064516,0.0016129032258064516
อุบลราชธานี,2,อำเภอเขื่องใน,ตำบลยางขี้นก,พลังประชารัฐ,1.0,11,1037.0,1860,0.0009643201542912247,0.005913978494623656,-0.004949658340332431,0.004949658340332431
อุบลราชธานี,2,อำเภอเขื่องใน,ตำบลยางขี้นก,พลังสังคมใหม่,0.0,0,1037.0,1860,0.0,0.0,0.0,0.0
อุบลราชธานี,2,อำเภอเขื่องใน,ตำบลยางขี้นก,พลังเพื่อไทย,0.0,2,1037.0,1860,0.0,0.001075268817204301,-0.001075268817204301,0.001075268817204301
อุบลราชธานี,2,อำเภอเขื่องใน,ตำบลยางขี้นก,พลังไทยรักชาติ,0.0,354,1037.0,1860,0.0,0.19032258064516128,-0.19032258064516128,0.19032258064516128
อุบลราชธานี,2,อำเภอเขื่องใน,ตำบลยางขี้นก,ฟิวชัน,0.0,33,1037.0,1860,0.0,0.017741935483870968,-0.017741935483870968,0.017741935483870968
อุบลราชธานี,2,อำเภอเขื่องใน,ตำบลยางขี้นก,ภูมิใจไทย,4.0,138,1037.0,1860,0.003857280617164899,0.07419354838709677,-0.07033626776993188,0.07033626776993188
อุบลราชธานี,2,อำเภอเขื่องใน,ตำบลยางขี้นก,มิติใหม่,0.0,9,1037.0,1860,0.0,0.004838709677419355,-0.004838709677419355,0.004838709677419355
อุบลราชธานี,2,อำเภอเขื่องใน,ตำบลยางขี้นก,รวมพลังประชาชน,0.0,6,1037.0,1860,0.0,0.0032258064516129032,-0.0032258064516129032,0.0032258064516129032
อุบลราชธานี,2,อำเภอเขื่องใน,ตำบลยางขี้นก,รวมใจไทย,0.0,59,1037.0,1860,0.0,0.031720430107526884,-0.031720430107526884,0.031720430107526884
อุบลราชธานี,2,อำเภอเขื่องใน,ตำบลยางขี้นก,รวมไทยสร้างชาติ,0.0,20,1037.0,1860,0.0,0.010752688172043012,-0.010752688172043012,0.010752688172043012
อุบลราชธานี,2,อำเภอเขื่องใน,ตำบลยางขี้นก,รักชาติ,0.0,1,1037.0,1860,0.0,0.0005376344086021505,-0.0005376344086021505,0.0005376344086021505
อุบลราชธานี,2,อำเภอเขื่องใน,ตำบลยางขี้นก,วิชชั่นใหม่,0.0,10,1037.0,1860,0.0,0.005376344086021506,-0.005376344086021506,0.005376344086021506
อุบลราชธานี,2,อำเภอเขื่องใน,ตำบลยางขี้นก,สร้างอนาคตไทย,0.0,0,1037.0,1860,0.0,0.0,0.0,0.0
อุบลราชธานี,2,อำเภอเขื่องใน,ตำบลยางขี้นก,สังคมประชาธิปไตยไทย,0.0,0,1037.0,1860,0.0,0.0,0.0,0.0
อุบลราชธานี,2,อำเภอเขื่องใน,ตำบลยางขี้นก,อนาคตไทย,0.0,1,1037.0,1860,0.0,0.0005376344086021505,-0.0005376344086021505,0.0005376344086021505
อุบลราชธานี,2,อำเภอเขื่องใน,ตำบลยางขี้นก,เครือข่ายชาวนาแห่งประเทศไทย,0.0,1,1037.0,1860,0.0,0.0005376344086021505,-0.0005376344086021505,0.0005376344086021505
อุบลราชธานี,2,อำเภอเขื่องใน,ตำบลยางขี้นก,เป็นธรรม,0.0,0,1037.0,1860,0.0,0.0,0.0,0.0
อุบลราชธานี,2,อำเภอเขื่องใน,ตำบลยางขี้นก,เพื่อชาติไทย,0.0,22,1037.0,1860,0.0,0.011827956989247311,-0.011827956989247311,0.011827956989247311
อุบลราชธานี,2,อำเภอเขื่องใน,ตำบลยางขี้นก,เพื่อชีวิตใหม่,0.0,0,1037.0,1860,0.0,0.0,0.0,0.0
อุบลราชธานี,2,อำเภอเขื่องใน,ตำบลยางขี้นก,เพื่อบ้านเมือง,0.0,1,1037.0,1860,0.0,0.0005376344086021505,-0.0005376344086021505,0.0005376344086021505
อุบลราชธานี,2,อำเภอเขื่องใน,ตำบลยางขี้นก,เพื่อไทย,10.0,149,1037.0,1860,0.009643201542912247,0.08010752688172043,-0.07046432533880818,0.07046432533880818
อุบลราชธานี,2,อำเภอเขื่องใน,ตำบลยางขี้นก,เศรษฐกิจ,4.0,24,1037.0,1860,0.003857280617164899,0.012903225806451613,-0.009045945189286714,0.009045945189286714
อุบลราชธานี,2,อำเภอเขื่องใน,ตำบลยางขี้นก,เสรีรวมไทย,0.0,7,1037.0,1860,0.0,0.003763440860215054,-0.003763440860215054,0.003763440860215054
อุบลราชธานี,2,อำเภอเขื่องใน,ตำบลยางขี้นก,แผ่นดินธรรม,0.0,1,1037.0,1860,0.0,0.0005376344086021505,-0.0005376344086021505,0.0005376344086021505
อุบลราชธานี,2,อำเภอเขื่องใน,ตำบลยางขี้นก,แรงงานสร้างชาติ,0.0,1,1037.0,1860,0.0,0.0005376344086021505,-0.0005376344086021505,0.0005376344086021505
อุบลราชธานี,2,อำเภอเขื่องใน,ตำบลยางขี้นก,โอกาสใหม่,0.0,1,1037.0,1860,0.0,0.0005376344086021505,-0.0005376344086021505,0.0005376344086021505
อุบลราชธานี,2,อำเภอเขื่องใน,ตำบลยางขี้นก,ใหม่,0.0,14,1037.0,1860,0.0,0.007526881720430108,-0.007526881720430108,0.007526881720430108
อุบลราชธานี,2,อำเภอเขื่องใน,ตำบลยางขี้นก,ไทยก้าวหน้า,0.0,2,1037.0,1860,0.0,0.001075268817204301,-0.001075268817204301,0.001075268817204301
อุบลราชธานี,2,อำเภอเขื่องใน,ตำบลยางขี้นก,ไทยก้าวใหม่,0.0,5,1037.0,1860,0.0,0.002688172043010753,-0.002688172043010753,0.002688172043010753
อุบลราชธานี,2,อำเภอเขื่องใน,ตำบลยางขี้นก,ไทยชนะ,0.0,1,1037.0,1860,0.0,0.0005376344086021505,-0.0005376344086021505,0.0005376344086021505
อุบลราชธานี,2,อำเภอเขื่องใน,ตำบลยางขี้นก,ไทยทรัพย์ทวี,0.0,128,1037.0,1860,0.0,0.06881720430107527,-0.06881720430107527,0.06881720430107527
อุบลราชธานี,2,อำเภอเขื่องใน,ตำบลยางขี้นก,ไทยธรรม,0.0,1,1037.0,1860,0.0,0.0005376344086021505,-0.0005376344086021505,0.0005376344086021505
อุบลราชธานี,2,อำเภอเขื่องใน,ตำบลยางขี้นก,ไทยพร้อม,0.0,0,1037.0,1860,0.0,0.0,0.0,0.0
อุบลราชธานี,2,อำเภอเขื่องใน,ตำบลยางขี้นก,ไทยพิทักษ์ธรรม,0.0,1,1037.0,1860,0.0,0.0005376344086021505,-0.0005376344086021505,0.0005376344086021505
อุบลราชธานี,2,อำเภอเขื่องใน,ตำบลยางขี้นก,ไทยภักดี,0.0,1,1037.0,1860,0.0,0.0005376344086021505,-0.0005376344086021505,0.0005376344086021505
อุบลราชธานี,2,อำเภอเขื่องใน,ตำบลยางขี้นก,ไทยรวมไทย,0.0,1,1037.0,1860,0.0,0.0005376344086021505,-0.0005376344086021505,0.0005376344086021505
อุบลราชธานี,2,อำเภอเขื่องใน,ตำบลยางขี้นก,ไทยสร้างไทย,0.0,16,1037.0,1860,0.0,0.008602150537634409,-0.008602150537634409,0.008602150537634409
อุบลราชธานี,2,อำเภอเขื่องใน,ตำบลยางขี้นก,ไทรวมพลัง,386.0,119,1037.0,1860,0.3722275795564127,0.06397849462365592,0.3082490849327568,0.3082490849327568
อุบลราชธานี,2,อำเภอเขื่องใน,ตำบลศรีสุข,กรีน,0.0,0,1947.0,1357,0.0,0.0,0.0,0.0
อุบลราชธานี,2,อำเภอเขื่องใน,ตำบลศรีสุข,กล้าธรรม,757.0,124,1947.0,1357,0.38880328710837186,0.09137803979366249,0.2974252473147094,0.2974252473147094
อุบลราชธานี,2,อำเภอเขื่องใน,ตำบลศรีสุข,ก้าวอิสระ,0.0,0,1947.0,1357,0.0,0.0,0.0,0.0
อุบลราชธานี,2,อำเภอเขื่องใน,ตำบลศรีสุข,ครูไทยเพื่อประชาชน,0.0,0,1947.0,1357,0.0,0.0,0.0,0.0
อุบลราชธานี,2,อำเภอเขื่องใน,ตำบลศรีสุข,คลองไทย,0.0,0,1947.0,1357,0.0,0.0,0.0,0.0
อุบลราชธานี,2,อำเภอเขื่องใน,ตำบลศรีสุข,ความหวังใหม่,0.0,1,1947.0,1357,0.0,0.0007369196757553427,-0.0007369196757553427,0.0007369196757553427
อุบลราชธานี,2,อำเภอเขื่องใน,ตำบลศรีสุข,ทางเลือกใหม่,0.0,2,1947.0,1357,0.0,0.0014738393515106854,-0.0014738393515106854,0.0014738393515106854
อุบลราชธานี,2,อำเภอเขื่องใน,ตำบลศรีสุข,ท้องที่ไทย,0.0,0,1947.0,1357,0.0,0.0,0.0,0.0
อุบลราชธานี,2,อำเภอเขื่องใน,ตำบลศรีสุข,ประชากรไทย,0.0,1,1947.0,1357,0.0,0.0007369196757553427,-0.0007369196757553427,0.0007369196757553427
อุบลราชธานี,2,อำเภอเขื่องใน,ตำบลศรีสุข,ประชาชน,106.0,187,1947.0,1357,0.054442732408834106,0.13780397936624908,-0.08336124695741498,0.08336124695741498
อุบลราชธานี,2,อำเภอเขื่องใน,ตำบลศรีสุข,ประชาชาติ,0.0,0,1947.0,1357,0.0,0.0,0.0,0.0
อุบลราชธานี,2,อำเภอเขื่องใน,ตำบลศรีสุข,ประชาธิปัตย์,6.0,32,1947.0,1357,0.0030816640986132513,0.023581429624170966,-0.020499765525557715,0.020499765525557715
อุบลราชธานี,2,อำเภอเขื่องใน,ตำบลศรีสุข,ประชาธิปไตยใหม่,2.0,17,1947.0,1357,0.001027221366204417,0.012527634487840826,-0.011500413121636409,0.011500413121636409
อุบลราชธานี,2,อำเภอเขื่องใน,ตำบลศรีสุข,ประชาอาสาชาติ,0.0,3,1947.0,1357,0.0,0.002210759027266028,-0.002210759027266028,0.002210759027266028
อุบลราชธานี,2,อำเภอเขื่องใน,ตำบลศรีสุข,ประชาไทย,0.0,0,1947.0,1357,0.0,0.0,0.0,0.0
อุบลราชธานี,2,อำเภอเขื่องใน,ตำบลศรีสุข,ปวงชนไทย,0.0,0,1947.0,1357,0.0,0.0,0.0,0.0
อุบลราชธานี,2,อำเภอเขื่องใน,ตำบลศรีสุข,พร้อม,0.0,0,1947.0,1357,0.0,0.0,0.0,0.0
อุบลราชธานี,2,อำเภอเขื่องใน,ตำบลศรีสุข,พลวัต,0.0,1,1947.0,1357,0.0,0.0007369196757553427,-0.0007369196757553427,0.0007369196757553427
อุบลราชธานี,2,อำเภอเขื่องใน,ตำบลศรีสุข,พลังธรรมใหม่,0.0,2,1947.0,1357,0.0,0.0014738393515106854,-0.0014738393515106854,0.0014738393515106854
อุบลราชธานี,2,อำเภอเขื่องใน,ตำบลศรีสุข,พลังประชารัฐ,3.0,0,1947.0,1357,0.0015408320493066256,0.0,0.0015408320493066256,0.0015408320493066256
อุบลราชธานี,2,อำเภอเขื่องใน,ตำบลศรีสุข,พลังสังคมใหม่,0.0,0,1947.0,1357,0.0,0.0,0.0,0.0
อุบลราชธานี,2,อำเภอเขื่องใน,ตำบลศรีสุข,พลังเพื่อไทย,0.0,0,1947.0,1357,0.0,0.0,0.0,0.0
อุบลราชธานี,2,อำเภอเขื่องใน,ตำบลศรีสุข,พลังไทยรักชาติ,0.0,343,1947.0,1357,0.0,0.2527634487840825,-0.2527634487840825,0.2527634487840825
อุบลราชธานี,2,อำเภอเขื่องใน,ตำบลศรีสุข,ฟิวชัน,0.0,0,1947.0,1357,0.0,0.0,0.0,0.0
อุบลราชธานี,2,อำเภอเขื่องใน,ตำบลศรีสุข,ภูมิใจไทย,11.0,90,1947.0,1357,0.005649717514124294,0.06632277081798084,-0.06067305330385654,0.06067305330385654
อุบลราชธานี,2,อำเภอเขื่องใน,ตำบลศรีสุข,มิติใหม่,0.0,6,1947.0,1357,0.0,0.004421518054532056,-0.004421518054532056,0.004421518054532056
อุบลราชธานี,2,อำเภอเขื่องใน,ตำบลศรีสุข,รวมพลังประชาชน,0.0,4,1947.0,1357,0.0,0.0029476787030213707,-0.0029476787030213707,0.0029476787030213707
อุบลราชธานี,2,อำเภอเขื่องใน,ตำบลศรีสุข,รวมใจไทย,0.0,98,1947.0,1357,0.0,0.07221812822402358,-0.07221812822402358,0.07221812822402358
อุบลราชธานี,2,อำเภอเขื่องใน,ตำบลศรีสุข,รวมไทยสร้างชาติ,0.0,18,1947.0,1357,0.0,0.013264554163596167,-0.013264554163596167,0.013264554163596167
อุบลราชธานี,2,อำเภอเขื่องใน,ตำบลศรีสุข,รักชาติ,0.0,1,1947.0,1357,0.0,0.0007369196757553427,-0.0007369196757553427,0.0007369196757553427
อุบลราชธานี,2,อำเภอเขื่องใน,ตำบลศรีสุข,วิชชั่นใหม่,0.0,2,1947.0,1357,0.0,0.0014738393515106854,-0.0014738393515106854,0.0014738393515106854
อุบลราชธานี,2,อำเภอเขื่องใน,ตำบลศรีสุข,สร้างอนาคตไทย,0.0,2,1947.0,1357,0.0,0.0014738393515106854,-0.0014738393515106854,0.0014738393515106854
อุบลราชธานี,2,อำเภอเขื่องใน,ตำบลศรีสุข,สังคมประชาธิปไตยไทย,0.0,1,1947.0,1357,0.0,0.0007369196757553427,-0.0007369196757553427,0.0007369196757553427
อุบลราชธานี,2,อำเภอเขื่องใน,ตำบลศรีสุข,อนาคตไทย,0.0,0,1947.0,1357,0.0,0.0,0.0,0.0
อุบลราชธานี,2,อำเภอเขื่องใน,ตำบลศรีสุข,เครือข่ายชาวนาแห่งประเทศไทย,0.0,0,1947.0,1357,0.0,0.0,0.0,0.0
อุบลราชธานี,2,อำเภอเขื่องใน,ตำบลศรีสุข,เป็นธรรม,0.0,2,1947.0,1357,0.0,0.0014738393515106854,-0.0014738393515106854,0.0014738393515106854
อุบลราชธานี,2,อำเภอเขื่องใน,ตำบลศรีสุข,เพื่อชาติไทย,0.0,9,1947.0,1357,0.0,0.006632277081798084,-0.006632277081798084,0.006632277081798084
อุบลราชธานี,2,อำเภอเขื่องใน,ตำบลศรีสุข,เพื่อชีวิตใหม่,0.0,2,1947.0,1357,0.0,0.0014738393515106854,-0.0014738393515106854,0.0014738393515106854
อุบลราชธานี,2,อำเภอเขื่องใน,ตำบลศรีสุข,เพื่อบ้านเมือง,0.0,0,1947.0,1357,0.0,0.0,0.0,0.0
อุบลราชธานี,2,อำเภอเขื่องใน,ตำบลศรีสุข,เพื่อไทย,22.0,206,1947.0,1357,0.011299435028248588,0.1518054532056006,-0.140506018177352,0.140506018177352
อุบลราชธานี,2,อำเภอเขื่องใน,ตำบลศรีสุข,เศรษฐกิจ,12.0,11,1947.0,1357,0.0061633281972265025,0.008106116433308769,-0.0019427882360822666,0.0019427882360822666
อุบลราชธานี,2,อำเภอเขื่องใน,ตำบลศรีสุข,เสรีรวมไทย,0.0,1,1947.0,1357,0.0,0.0007369196757553427,-0.0007369196757553427,0.0007369196757553427
อุบลราชธานี,2,อำเภอเขื่องใน,ตำบลศรีสุข,แผ่นดินธรรม,0.0,4,1947.0,1357,0.0,0.0029476787030213707,-0.0029476787030213707,0.0029476787030213707
อุบลราชธานี,2,อำเภอเขื่องใน,ตำบลศรีสุข,แรงงานสร้างชาติ,0.0,0,1947.0,1357,0.0,0.0,0.0,0.0
อุบลราชธานี,2,อำเภอเขื่องใน,ตำบลศรีสุข,โอกาสใหม่,0.0,2,1947.0,1357,0.0,0.0014738393515106854,-0.0014738393515106854,0.0014738393515106854
อุบลราชธานี,2,อำเภอเขื่องใน,ตำบลศรีสุข,ใหม่,0.0,7,1947.0,1357,0.0,0.005158437730287398,-0.005158437730287398,0.005158437730287398
อุบลราชธานี,2,อำเภอเขื่องใน,ตำบลศรีสุข,ไทยก้าวหน้า,0.0,1,1947.0,1357,0.0,0.0007369196757553427,-0.0007369196757553427,0.0007369196757553427
อุบลราชธานี,2,อำเภอเขื่องใน,ตำบลศรีสุข,ไทยก้าวใหม่,2.0,2,1947.0,1357,0.001027221366204417,0.0014738393515106854,-0.0004466179853062683,0.0004466179853062683
อุบลราชธานี,2,อำเภอเขื่องใน,ตำบลศรีสุข,ไทยชนะ,0.0,1,1947.0,1357,0.0,0.0007369196757553427,-0.0007369196757553427,0.0007369196757553427
อุบลราชธานี,2,อำเภอเขื่องใน,ตำบลศรีสุข,ไทยทรัพย์ทวี,0.0,30,1947.0,1357,0.0,0.02210759027266028,-0.02210759027266028,0.02210759027266028
อุบลราชธานี,2,อำเภอเขื่องใน,ตำบลศรีสุข,ไทยธรรม,0.0,1,1947.0,1357,0.0,0.0007369196757553427,-0.0007369196757553427,0.0007369196757553427
อุบลราชธานี,2,อำเภอเขื่องใน,ตำบลศรีสุข,ไทยพร้อม,0.0,1,1947.0,1357,0.0,0.0007369196757553427,-0.0007369196757553427,0.0007369196757553427
อุบลราชธานี,2,อำเภอเขื่องใน,ตำบลศรีสุข,ไทยพิทักษ์ธรรม,0.0,0,1947.0,1357,0.0,0.0,0.0,0.0
อุบลราชธานี,2,อำเภอเขื่องใน,ตำบลศรีสุข,ไทยภักดี,0.0,1,1947.0,1357,0.0,0.0007369196757553427,-0.0007369196757553427,0.0007369196757553427
อุบลราชธานี,2,อำเภอเขื่องใน,ตำบลศรีสุข,ไทยรวมไทย,0.0,1,1947.0,1357,0.0,0.0007369196757553427,-0.0007369196757553427,0.0007369196757553427
อุบลราชธานี,2,อำเภอเขื่องใน,ตำบลศรีสุข,ไทยสร้างไทย,0.0,4,1947.0,1357,0.0,0.0029476787030213707,-0.0029476787030213707,0.0029476787030213707
อุบลราชธานี,2,อำเภอเขื่องใน,ตำบลศรีสุข,ไทรวมพลัง,1026.0,136,1947.0,1357,0.5269645608628659,0.10022107590272661,0.4267434849601393,0.4267434849601393
อุบลราชธานี,2,อำเภอเขื่องใน,ตำบลสร้างถ่อ,กรีน,0.0,1,3960.0,1300,0.0,0.0007692307692307692,-0.0007692307692307692,0.0007692307692307692
อุบลราชธานี,2,อำเภอเขื่องใน,ตำบลสร้างถ่อ,กล้าธรรม,1719.0,107,3960.0,1300,0.4340909090909091,0.0823076923076923,0.3517832167832168,0.3517832167832168
อุบลราชธานี,2,อำเภอเขื่องใน,ตำบลสร้างถ่อ,ก้าวอิสระ,0.0,2,3960.0,1300,0.0,0.0015384615384615385,-0.0015384615384615385,0.0015384615384615385
อุบลราชธานี,2,อำเภอเขื่องใน,ตำบลสร้างถ่อ,ครูไทยเพื่อประชาชน,0.0,0,3960.0,1300,0.0,0.0,0.0,0.0
อุบลราชธานี,2,อำเภอเขื่องใน,ตำบลสร้างถ่อ,คลองไทย,0.0,48,3960.0,1300,0.0,0.036923076923076927,-0.036923076923076927,0.036923076923076927
อุบลราชธานี,2,อำเภอเขื่องใน,ตำบลสร้างถ่อ,ความหวังใหม่,0.0,0,3960.0,1300,0.0,0.0,0.0,0.0
อุบลราชธานี,2,อำเภอเขื่องใน,ตำบลสร้างถ่อ,ทางเลือกใหม่,0.0,4,3960.0,1300,0.0,0.003076923076923077,-0.003076923076923077,0.003076923076923077
อุบลราชธานี,2,อำเภอเขื่องใน,ตำบลสร้างถ่อ,ท้องที่ไทย,0.0,0,3960.0,1300,0.0,0.0,0.0,0.0
อุบลราชธานี,2,อำเภอเขื่องใน,ตำบลสร้างถ่อ,ประชากรไทย,0.0,3,3960.0,1300,0.0,0.002307692307692308,-0.002307692307692308,0.002307692307692308
อุบลราชธานี,2,อำเภอเขื่องใน,ตำบลสร้างถ่อ,ประชาชน,176.0,124,3960.0,1300,0.044444444444444446,0.09538461538461539,-0.05094017094017094,0.05094017094017094
อุบลราชธานี,2,อำเภอเขื่องใน,ตำบลสร้างถ่อ,ประชาชาติ,0.0,1,3960.0,1300,0.0,0.0007692307692307692,-0.0007692307692307692,0.0007692307692307692
อุบลราชธานี,2,อำเภอเขื่องใน,ตำบลสร้างถ่อ,ประชาธิปัตย์,9.0,47,3960.0,1300,0.0022727272727272726,0.036153846153846154,-0.03388111888111888,0.03388111888111888
อุบลราชธานี,2,อำเภอเขื่องใน,ตำบลสร้างถ่อ,ประชาธิปไตยใหม่,6.0,68,3960.0,1300,0.0015151515151515152,0.052307692307692305,-0.05079254079254079,0.05079254079254079
อุบลราชธานี,2,อำเภอเขื่องใน,ตำบลสร้างถ่อ,ประชาอาสาชาติ,0.0,2,3960.0,1300,0.0,0.0015384615384615385,-0.0015384615384615385,0.0015384615384615385
อุบลราชธานี,2,อำเภอเขื่องใน,ตำบลสร้างถ่อ,ประชาไทย,0.0,0,3960.0,1300,0.0,0.0,0.0,0.0
อุบลราชธานี,2,อำเภอเขื่องใน,ตำบลสร้างถ่อ,ปวงชนไทย,0.0,4,3960.0,1300,0.0,0.003076923076923077,-0.003076923076923077,0.003076923076923077
อุบลราชธานี,2,อำเภอเขื่องใน,ตำบลสร้างถ่อ,พร้อม,0.0,0,3960.0,1300,0.0,0.0,0.0,0.0
อุบลราชธานี,2,อำเภอเขื่องใน,ตำบลสร้างถ่อ,พลวัต,0.0,3,3960.0,1300,0.0,0.002307692307692308,-0.002307692307692308,0.002307692307692308
อุบลราชธานี,2,อำเภอเขื่องใน,ตำบลสร้างถ่อ,พลังธรรมใหม่,0.0,1,3960.0,1300,0.0,0.0007692307692307692,-0.0007692307692307692,0.0007692307692307692
อุบลราชธานี,2,อำเภอเขื่องใน,ตำบลสร้างถ่อ,พลังประชารัฐ,2.0,1,3960.0,1300,0.000505050505050505,0.0007692307692307692,-0.0002641802641802642,0.0002641802641802642
อุบลราชธานี,2,อำเภอเขื่องใน,ตำบลสร้างถ่อ,พลังสังคมใหม่,0.0,1,3960.0,1300,0.0,0.0007692307692307692,-0.0007692307692307692,0.0007692307692307692
อุบลราชธานี,2,อำเภอเขื่องใน,ตำบลสร้างถ่อ,พลังเพื่อไทย,0.0,5,3960.0,1300,0.0,0.0038461538461538464,-0.0038461538461538464,0.0038461538461538464
อุบลราชธานี,2,อำเภอเขื่องใน,ตำบลสร้างถ่อ,พลังไทยรักชาติ,0.0,0,3960.0,1300,0.0,0.0,0.0,0.0
อุบลราชธานี,2,อำเภอเขื่องใน,ตำบลสร้างถ่อ,ฟิวชัน,0.0,71,3960.0,1300,0.0,0.054615384615384614,-0.054615384615384614,0.054615384615384614
อุบลราชธานี,2,อำเภอเขื่องใน,ตำบลสร้างถ่อ,ภูมิใจไทย,22.0,113,3960.0,1300,0.005555555555555556,0.08692307692307692,-0.08136752136752137,0.08136752136752137
อุบลราชธานี,2,อำเภอเขื่องใน,ตำบลสร้างถ่อ,มิติใหม่,0.0,3,3960.0,1300,0.0,0.002307692307692308,-0.002307692307692308,0.002307692307692308
อุบลราชธานี,2,อำเภอเขื่องใน,ตำบลสร้างถ่อ,รวมพลังประชาชน,0.0,6,3960.0,1300,0.0,0.004615384615384616,-0.004615384615384616,0.004615384615384616
อุบลราชธานี,2,อำเภอเขื่องใน,ตำบลสร้างถ่อ,รวมใจไทย,0.0,56,3960.0,1300,0.0,0.043076923076923075,-0.043076923076923075,0.043076923076923075
อุบลราชธานี,2,อำเภอเขื่องใน,ตำบลสร้างถ่อ,รวมไทยสร้างชาติ,0.0,20,3960.0,1300,0.0,0.015384615384615385,-0.015384615384615385,0.015384615384615385
อุบลราชธานี,2,อำเภอเขื่องใน,ตำบลสร้างถ่อ,รักชาติ,0.0,1,3960.0,1300,0.0,0.0007692307692307692,-0.0007692307692307692,0.0007692307692307692
อุบลราชธานี,2,อำเภอเขื่องใน,ตำบลสร้างถ่อ,วิชชั่นใหม่,0.0,6,3960.0,1300,0.0,0.004615384615384616,-0.004615384615384616,0.004615384615384616
อุบลราชธานี,2,อำเภอเขื่องใน,ตำบลสร้างถ่อ,สร้างอนาคตไทย,0.0,4,3960.0,1300,0.0,0.003076923076923077,-0.003076923076923077,0.003076923076923077
อุบลราชธานี,2,อำเภอเขื่องใน,ตำบลสร้างถ่อ,สังคมประชาธิปไตยไทย,0.0,1,3960.0,1300,0.0,0.0007692307692307692,-0.0007692307692307692,0.0007692307692307692
อุบลราชธานี,2,อำเภอเขื่องใน,ตำบลสร้างถ่อ,อนาคตไทย,0.0,2,3960.0,1300,0.0,0.0015384615384615385,-0.0015384615384615385,0.0015384615384615385
อุบลราชธานี,2,อำเภอเขื่องใน,ตำบลสร้างถ่อ,เครือข่ายชาวนาแห่งประเทศไทย,0.0,1,3960.0,1300,0.0,0.0007692307692307692,-0.0007692307692307692,0.0007692307692307692
อุบลราชธานี,2,อำเภอเขื่องใน,ตำบลสร้างถ่อ,เป็นธรรม,0.0,51,3960.0,1300,0.0,0.03923076923076923,-0.03923076923076923,0.03923076923076923
อุบลราชธานี,2,อำเภอเขื่องใน,ตำบลสร้างถ่อ,เพื่อชาติไทย,0.0,18,3960.0,1300,0.0,0.013846153846153847,-0.013846153846153847,0.013846153846153847
อุบลราชธานี,2,อำเภอเขื่องใน,ตำบลสร้างถ่อ,เพื่อชีวิตใหม่,0.0,1,3960.0,1300,0.0,0.0007692307692307692,-0.0007692307692307692,0.0007692307692307692
อุบลราชธานี,2,อำเภอเขื่องใน,ตำบลสร้างถ่อ,เพื่อบ้านเมือง,0.0,0,3960.0,1300,0.0,0.0,0.0,0.0
อุบลราชธานี,2,อำเภอเขื่องใน,ตำบลสร้างถ่อ,เพื่อไทย,39.0,113,3960.0,1300,0.009848484848484848,0.08692307692307692,-0.07707459207459208,0.07707459207459208
อุบลราชธานี,2,อำเภอเขื่องใน,ตำบลสร้างถ่อ,เศรษฐกิจ,30.0,41,3960.0,1300,0.007575757575757576,0.031538461538461536,-0.02396270396270396,0.02396270396270396
อุบลราชธานี,2,อำเภอเขื่องใน,ตำบลสร้างถ่อ,เสรีรวมไทย,0.0,8,3960.0,1300,0.0,0.006153846153846154,-0.006153846153846154,0.006153846153846154
อุบลราชธานี,2,อำเภอเขื่องใน,ตำบลสร้างถ่อ,แผ่นดินธรรม,0.0,56,3960.0,1300,0.0,0.043076923076923075,-0.043076923076923075,0.043076923076923075
อุบลราชธานี,2,อำเภอเขื่องใน,ตำบลสร้างถ่อ,แรงงานสร้างชาติ,0.0,5,3960.0,1300,0.0,0.0038461538461538464,-0.0038461538461538464,0.0038461538461538464
อุบลราชธานี,2,อำเภอเขื่องใน,ตำบลสร้างถ่อ,โอกาสใหม่,0.0,1,3960.0,1300,0.0,0.0007692307692307692,-0.0007692307692307692,0.0007692307692307692
อุบลราชธานี,2,อำเภอเขื่องใน,ตำบลสร้างถ่อ,ใหม่,0.0,4,3960.0,1300,0.0,0.003076923076923077,-0.003076923076923077,0.003076923076923077
อุบลราชธานี,2,อำเภอเขื่องใน,ตำบลสร้างถ่อ,ไทยก้าวหน้า,0.0,2,3960.0,1300,0.0,0.0015384615384615385,-0.0015384615384615385,0.0015384615384615385
อุบลราชธานี,2,อำเภอเขื่องใน,ตำบลสร้างถ่อ,ไทยก้าวใหม่,323.0,1,3960.0,1300,0.08156565656565656,0.0007692307692307692,0.08079642579642579,0.08079642579642579
อุบลราชธานี,2,อำเภอเขื่องใน,ตำบลสร้างถ่อ,ไทยชนะ,0.0,1,3960.0,1300,0.0,0.0007692307692307692,-0.0007692307692307692,0.0007692307692307692
อุบลราชธานี,2,อำเภอเขื่องใน,ตำบลสร้างถ่อ,ไทยทรัพย์ทวี,0.0,24,3960.0,1300,0.0,0.018461538461538463,-0.018461538461538463,0.018461538461538463
อุบลราชธานี,2,อำเภอเขื่องใน,ตำบลสร้างถ่อ,ไทยธรรม,0.0,0,3960.0,1300,0.0,0.0,0.0,0.0
อุบลราชธานี,2,อำเภอเขื่องใน,ตำบลสร้างถ่อ,ไทยพร้อม,0.0,1,3960.0,1300,0.0,0.0007692307692307692,-0.0007692307692307692,0.0007692307692307692
อุบลราชธานี,2,อำเภอเขื่องใน,ตำบลสร้างถ่อ,ไทยพิทักษ์ธรรม,0.0,0,3960.0,1300,0.0,0.0,0.0,0.0
อุบลราชธานี,2,อำเภอเขื่องใน,ตำบลสร้างถ่อ,ไทยภักดี,0.0,6,3960.0,1300,0.0,0.004615384615384616,-0.004615384615384616,0.004615384615384616
อุบลราชธานี,2,อำเภอเขื่องใน,ตำบลสร้างถ่อ,ไทยรวมไทย,0.0,1,3960.0,1300,0.0,0.0007692307692307692,-0.0007692307692307692,0.0007692307692307692
อุบลราชธานี,2,อำเภอเขื่องใน,ตำบลสร้างถ่อ,ไทยสร้างไทย,0.0,7,3960.0,1300,0.0,0.005384615384615384,-0.005384615384615384,0.005384615384615384
อุบลราชธานี,2,อำเภอเขื่องใน,ตำบลสร้างถ่อ,ไทรวมพลัง,1634.0,253,3960.0,1300,0.4126262626262626,0.1946153846153846,0.218010878010878,0.218010878010878
อุบลราชธานี,2,อำเภอเขื่องใน,ตำบลสหธาตุ,กรีน,0.0,0,819.0,594,0.0,0.0,0.0,0.0
อุบลราชธานี,2,อำเภอเขื่องใน,ตำบลสหธาตุ,กล้าธรรม,315.0,42,819.0,594,0.38461538461538464,0.0707070707070707,0.3139083139083139,0.3139083139083139
อุบลราชธานี,2,อำเภอเขื่องใน,ตำบลสหธาตุ,ก้าวอิสระ,0.0,1,819.0,594,0.0,0.0016835016835016834,-0.0016835016835016834,0.0016835016835016834
อุบลราชธานี,2,อำเภอเขื่องใน,ตำบลสหธาตุ,ครูไทยเพื่อประชาชน,0.0,1,819.0,594,0.0,0.0016835016835016834,-0.0016835016835016834,0.0016835016835016834
อุบลราชธานี,2,อำเภอเขื่องใน,ตำบลสหธาตุ,คลองไทย,0.0,13,819.0,594,0.0,0.021885521885521887,-0.021885521885521887,0.021885521885521887
อุบลราชธานี,2,อำเภอเขื่องใน,ตำบลสหธาตุ,ความหวังใหม่,0.0,0,819.0,594,0.0,0.0,0.0,0.0
อุบลราชธานี,2,อำเภอเขื่องใน,ตำบลสหธาตุ,ทางเลือกใหม่,0.0,1,819.0,594,0.0,0.0016835016835016834,-0.0016835016835016834,0.0016835016835016834
อุบลราชธานี,2,อำเภอเขื่องใน,ตำบลสหธาตุ,ท้องที่ไทย,0.0,0,819.0,594,0.0,0.0,0.0,0.0
อุบลราชธานี,2,อำเภอเขื่องใน,ตำบลสหธาตุ,ประชากรไทย,0.0,1,819.0,594,0.0,0.0016835016835016834,-0.0016835016835016834,0.0016835016835016834
อุบลราชธานี,2,อำเภอเขื่องใน,ตำบลสหธาตุ,ประชาชน,66.0,45,819.0,594,0.08058608058608059,0.07575757575757576,0.0048285048285048315,0.0048285048285048315
อุบลราชธานี,2,อำเภอเขื่องใน,ตำบลสหธาตุ,ประชาชาติ,0.0,1,819.0,594,0.0,0.0016835016835016834,-0.0016835016835016834,0.0016835016835016834
อุบลราชธานี,2,อำเภอเขื่องใน,ตำบลสหธาตุ,ประชาธิปัตย์,2.0,4,819.0,594,0.002442002442002442,0.006734006734006734,-0.004292004292004292,0.004292004292004292
อุบลราชธานี,2,อำเภอเขื่องใน,ตำบลสหธาตุ,ประชาธิปไตยใหม่,2.0,9,819.0,594,0.002442002442002442,0.015151515151515152,-0.01270951270951271,0.01270951270951271
อุบลราชธานี,2,อำเภอเขื่องใน,ตำบลสหธาตุ,ประชาอาสาชาติ,0.0,1,819.0,594,0.0,0.0016835016835016834,-0.0016835016835016834,0.0016835016835016834
อุบลราชธานี,2,อำเภอเขื่องใน,ตำบลสหธาตุ,ประชาไทย,0.0,2,819.0,594,0.0,0.003367003367003367,-0.003367003367003367,0.003367003367003367
อุบลราชธานี,2,อำเภอเขื่องใน,ตำบลสหธาตุ,ปวงชนไทย,0.0,0,819.0,594,0.0,0.0,0.0,0.0
อุบลราชธานี,2,อำเภอเขื่องใน,ตำบลสหธาตุ,พร้อม,0.0,0,819.0,594,0.0,0.0,0.0,0.0
อุบลราชธานี,2,อำเภอเขื่องใน,ตำบลสหธาตุ,พลวัต,0.0,1,819.0,594,0.0,0.0016835016835016834,-0.0016835016835016834,0.0016835016835016834
อุบลราชธานี,2,อำเภอเขื่องใน,ตำบลสหธาตุ,พลังธรรมใหม่,0.0,0,819.0,594,0.0,0.0,0.0,0.0
อุบลราชธานี,2,อำเภอเขื่องใน,ตำบลสหธาตุ,พลังประชารัฐ,2.0,2,819.0,594,0.002442002442002442,0.003367003367003367,-0.0009250009250009249,0.0009250009250009249
อุบลราชธานี,2,อำเภอเขื่องใน,ตำบลสหธาตุ,พลังสังคมใหม่,0.0,0,819.0,594,0.0,0.0,0.0,0.0
อุบลราชธานี,2,อำเภอเขื่องใน,ตำบลสหธาตุ,พลังเพื่อไทย,0.0,0,819.0,594,0.0,0.0,0.0,0.0
อุบลราชธานี,2,อำเภอเขื่องใน,ตำบลสหธาตุ,พลังไทยรักชาติ,0.0,169,819.0,594,0.0,0.2845117845117845,-0.2845117845117845,0.2845117845117845
อุบลราชธานี,2,อำเภอเขื่องใน,ตำบลสหธาตุ,ฟิวชัน,0.0,2,819.0,594,0.0,0.003367003367003367,-0.003367003367003367,0.003367003367003367
อุบลราชธานี,2,อำเภอเขื่องใน,ตำบลสหธาตุ,ภูมิใจไทย,16.0,91,819.0,594,0.019536019536019536,0.1531986531986532,-0.13366263366263365,0.13366263366263365
อุบลราชธานี,2,อำเภอเขื่องใน,ตำบลสหธาตุ,มิติใหม่,0.0,6,819.0,594,0.0,0.010101010101010102,-0.010101010101010102,0.010101010101010102
อุบลราชธานี,2,อำเภอเขื่องใน,ตำบลสหธาตุ,รวมพลังประชาชน,0.0,1,819.0,594,0.0,0.0016835016835016834,-0.0016835016835016834,0.0016835016835016834
อุบลราชธานี,2,อำเภอเขื่องใน,ตำบลสหธาตุ,รวมใจไทย,0.0,15,819.0,594,0.0,0.025252525252525252,-0.025252525252525252,0.025252525252525252
อุบลราชธานี,2,อำเภอเขื่องใน,ตำบลสหธาตุ,รวมไทยสร้างชาติ,0.0,5,819.0,594,0.0,0.008417508417508417,-0.008417508417508417,0.008417508417508417
อุบลราชธานี,2,อำเภอเขื่องใน,ตำบลสหธาตุ,รักชาติ,0.0,0,819.0,594,0.0,0.0,0.0,0.0
อุบลราชธานี,2,อำเภอเขื่องใน,ตำบลสหธาตุ,วิชชั่นใหม่,0.0,6,819.0,594,0.0,0.010101010101010102,-0.010101010101010102,0.010101010101010102
อุบลราชธานี,2,อำเภอเขื่องใน,ตำบลสหธาตุ,สร้างอนาคตไทย,0.0,1,819.0,594,0.0,0.0016835016835016834,-0.0016835016835016834,0.0016835016835016834
อุบลราชธานี,2,อำเภอเขื่องใน,ตำบลสหธาตุ,สังคมประชาธิปไตยไทย,0.0,1,819.0,594,0.0,0.0016835016835016834,-0.0016835016835016834,0.0016835016835016834
อุบลราชธานี,2,อำเภอเขื่องใน,ตำบลสหธาตุ,อนาคตไทย,0.0,0,819.0,594,0.0,0.0,0.0,0.0
อุบลราชธานี,2,อำเภอเขื่องใน,ตำบลสหธาตุ,เครือข่ายชาวนาแห่งประเทศไทย,0.0,0,819.0,594,0.0,0.0,0.0,0.0
อุบลราชธานี,2,อำเภอเขื่องใน,ตำบลสหธาตุ,เป็นธรรม,0.0,0,819.0,594,0.0,0.0,0.0,0.0
อุบลราชธานี,2,อำเภอเขื่องใน,ตำบลสหธาตุ,เพื่อชาติไทย,0.0,5,819.0,594,0.0,0.008417508417508417,-0.008417508417508417,0.008417508417508417
อุบลราชธานี,2,อำเภอเขื่องใน,ตำบลสหธาตุ,เพื่อชีวิตใหม่,0.0,5,819.0,594,0.0,0.008417508417508417,-0.008417508417508417,0.008417508417508417
อุบลราชธานี,2,อำเภอเขื่องใน,ตำบลสหธาตุ,เพื่อบ้านเมือง,0.0,0,819.0,594,0.0,0.0,0.0,0.0
อุบลราชธานี,2,อำเภอเขื่องใน,ตำบลสหธาตุ,เพื่อไทย,15.0,42,819.0,594,0.018315018315018316,0.0707070707070707,-0.052392052392052385,0.052392052392052385
อุบลราชธานี,2,อำเภอเขื่องใน,ตำบลสหธาตุ,เศรษฐกิจ,8.0,14,819.0,594,0.009768009768009768,0.02356902356902357,-0.013801013801013801,0.013801013801013801
อุบลราชธานี,2,อำเภอเขื่องใน,ตำบลสหธาตุ,เสรีรวมไทย,0.0,1,819.0,594,0.0,0.0016835016835016834,-0.0016835016835016834,0.0016835016835016834
อุบลราชธานี,2,อำเภอเขื่องใน,ตำบลสหธาตุ,แผ่นดินธรรม,0.0,0,819.0,594,0.0,0.0,0.0,0.0
อุบลราชธานี,2,อำเภอเขื่องใน,ตำบลสหธาตุ,แรงงานสร้างชาติ,0.0,1,819.0,594,0.0,0.0016835016835016834,-0.0016835016835016834,0.0016835016835016834
อุบลราชธานี,2,อำเภอเขื่องใน,ตำบลสหธาตุ,โอกาสใหม่,0.0,0,819.0,594,0.0,0.0,0.0,0.0
อุบลราชธานี,2,อำเภอเขื่องใน,ตำบลสหธาตุ,ใหม่,0.0,2,819.0,594,0.0,0.003367003367003367,-0.003367003367003367,0.003367003367003367
อุบลราชธานี,2,อำเภอเขื่องใน,ตำบลสหธาตุ,ไทยก้าวหน้า,0.0,1,819.0,594,0.0,0.0016835016835016834,-0.0016835016835016834,0.0016835016835016834
อุบลราชธานี,2,อำเภอเขื่องใน,ตำบลสหธาตุ,ไทยก้าวใหม่,0.0,1,819.0,594,0.0,0.0016835016835016834,-0.0016835016835016834,0.0016835016835016834
อุบลราชธานี,2,อำเภอเขื่องใน,ตำบลสหธาตุ,ไทยชนะ,0.0,0,819.0,594,0.0,0.0,0.0,0.0
อุบลราชธานี,2,อำเภอเขื่องใน,ตำบลสหธาตุ,ไทยทรัพย์ทวี,0.0,14,819.0,594,0.0,0.02356902356902357,-0.02356902356902357,0.02356902356902357
อุบลราชธานี,2,อำเภอเขื่องใน,ตำบลสหธาตุ,ไทยธรรม,0.0,0,819.0,594,0.0,0.0,0.0,0.0
อุบลราชธานี,2,อำเภอเขื่องใน,ตำบลสหธาตุ,ไทยพร้อม,0.0,0,819.0,594,0.0,0.0,0.0,0.0
อุบลราชธานี,2,อำเภอเขื่องใน,ตำบลสหธาตุ,ไทยพิทักษ์ธรรม,0.0,1,819.0,594,0.0,0.0016835016835016834,-0.0016835016835016834,0.0016835016835016834
อุบลราชธานี,2,อำเภอเขื่องใน,ตำบลสหธาตุ,ไทยภักดี,0.0,1,819.0,594,0.0,0.0016835016835016834,-0.0016835016835016834,0.0016835016835016834
อุบลราชธานี,2,อำเภอเขื่องใน,ตำบลสหธาตุ,ไทยรวมไทย,0.0,1,819.0,594,0.0,0.0016835016835016834,-0.0016835016835016834,0.0016835016835016834
อุบลราชธานี,2,อำเภอเขื่องใน,ตำบลสหธาตุ,ไทยสร้างไทย,0.0,0,819.0,594,0.0,0.0,0.0,0.0
อุบลราชธานี,2,อำเภอเขื่องใน,ตำบลสหธาตุ,ไทรวมพลัง,393.0,84,819.0,594,0.47985347985347987,0.1414141414141414,0.3384393384393385,0.3384393384393385
อุบลราชธานี,2,อำเภอเขื่องใน,ตำบลหนองเหล่า,กรีน,0.0,1,2084.0,1305,0.0,0.0007662835249042146,-0.0007662835249042146,0.0007662835249042146
อุบลราชธานี,2,อำเภอเขื่องใน,ตำบลหนองเหล่า,กล้าธรรม,657.0,126,2084.0,1305,0.31525911708253357,0.09655172413793103,0.21870739294460254,0.21870739294460254
อุบลราชธานี,2,อำเภอเขื่องใน,ตำบลหนองเหล่า,ก้าวอิสระ,0.0,2,2084.0,1305,0.0,0.0015325670498084292,-0.0015325670498084292,0.0015325670498084292
อุบลราชธานี,2,อำเภอเขื่องใน,ตำบลหนองเหล่า,ครูไทยเพื่อประชาชน,0.0,1,2084.0,1305,0.0,0.0007662835249042146,-0.0007662835249042146,0.0007662835249042146
อุบลราชธานี,2,อำเภอเขื่องใน,ตำบลหนองเหล่า,คลองไทย,0.0,1,2084.0,1305,0.0,0.0007662835249042146,-0.0007662835249042146,0.0007662835249042146
อุบลราชธานี,2,อำเภอเขื่องใน,ตำบลหนองเหล่า,ความหวังใหม่,0.0,2,2084.0,1305,0.0,0.0015325670498084292,-0.0015325670498084292,0.0015325670498084292
อุบลราชธานี,2,อำเภอเขื่องใน,ตำบลหนองเหล่า,ทางเลือกใหม่,0.0,6,2084.0,1305,0.0,0.004597701149425287,-0.004597701149425287,0.004597701149425287
อุบลราชธานี,2,อำเภอเขื่องใน,ตำบลหนองเหล่า,ท้องที่ไทย,0.0,1,2084.0,1305,0.0,0.0007662835249042146,-0.0007662835249042146,0.0007662835249042146
อุบลราชธานี,2,อำเภอเขื่องใน,ตำบลหนองเหล่า,ประชากรไทย,0.0,2,2084.0,1305,0.0,0.0015325670498084292,-0.0015325670498084292,0.0015325670498084292
อุบลราชธานี,2,อำเภอเขื่องใน,ตำบลหนองเหล่า,ประชาชน,106.0,211,2084.0,1305,0.0508637236084453,0.16168582375478927,-0.11082210014634397,0.11082210014634397
อุบลราชธานี,2,อำเภอเขื่องใน,ตำบลหนองเหล่า,ประชาชาติ,0.0,1,2084.0,1305,0.0,0.0007662835249042146,-0.0007662835249042146,0.0007662835249042146
อุบลราชธานี,2,อำเภอเขื่องใน,ตำบลหนองเหล่า,ประชาธิปัตย์,7.0,87,2084.0,1305,0.0033589251439539347,0.06666666666666667,-0.06330774152271273,0.06330774152271273
อุบลราชธานี,2,อำเภอเขื่องใน,ตำบลหนองเหล่า,ประชาธิปไตยใหม่,0.0,22,2084.0,1305,0.0,0.01685823754789272,-0.01685823754789272,0.01685823754789272
อุบลราชธานี,2,อำเภอเขื่องใน,ตำบลหนองเหล่า,ประชาอาสาชาติ,0.0,4,2084.0,1305,0.0,0.0030651340996168583,-0.0030651340996168583,0.0030651340996168583
อุบลราชธานี,2,อำเภอเขื่องใน,ตำบลหนองเหล่า,ประชาไทย,0.0,1,2084.0,1305,0.0,0.0007662835249042146,-0.0007662835249042146,0.0007662835249042146
อุบลราชธานี,2,อำเภอเขื่องใน,ตำบลหนองเหล่า,ปวงชนไทย,0.0,2,2084.0,1305,0.0,0.0015325670498084292,-0.0015325670498084292,0.0015325670498084292
อุบลราชธานี,2,อำเภอเขื่องใน,ตำบลหนองเหล่า,พร้อม,0.0,1,2084.0,1305,0.0,0.0007662835249042146,-0.0007662835249042146,0.0007662835249042146
อุบลราชธานี,2,อำเภอเขื่องใน,ตำบลหนองเหล่า,พลวัต,0.0,1,2084.0,1305,0.0,0.0007662835249042146,-0.0007662835249042146,0.0007662835249042146
อุบลราชธานี,2,อำเภอเขื่องใน,ตำบลหนองเหล่า,พลังธรรมใหม่,0.0,0,2084.0,1305,0.0,0.0,0.0,0.0
อุบลราชธานี,2,อำเภอเขื่องใน,ตำบลหนองเหล่า,พลังประชารัฐ,1.0,4,2084.0,1305,0.0004798464491362764,0.0030651340996168583,-0.002585287650480582,0.002585287650480582
อุบลราชธานี,2,อำเภอเขื่องใน,ตำบลหนองเหล่า,พลังสังคมใหม่,0.0,0,2084.0,1305,0.0,0.0,0.0,0.0
อุบลราชธานี,2,อำเภอเขื่องใน,ตำบลหนองเหล่า,พลังเพื่อไทย,0.0,5,2084.0,1305,0.0,0.0038314176245210726,-0.0038314176245210726,0.0038314176245210726
อุบลราชธานี,2,อำเภอเขื่องใน,ตำบลหนองเหล่า,พลังไทยรักชาติ,0.0,1,2084.0,1305,0.0,0.0007662835249042146,-0.0007662835249042146,0.0007662835249042146
อุบลราชธานี,2,อำเภอเขื่องใน,ตำบลหนองเหล่า,ฟิวชัน,0.0,2,2084.0,1305,0.0,0.0015325670498084292,-0.0015325670498084292,0.0015325670498084292
อุบลราชธานี,2,อำเภอเขื่องใน,ตำบลหนองเหล่า,ภูมิใจไทย,100.0,96,2084.0,1305,0.04798464491362764,0.0735632183908046,-0.025578573477176958,0.025578573477176958
อุบลราชธานี,2,อำเภอเขื่องใน,ตำบลหนองเหล่า,มิติใหม่,0.0,5,2084.0,1305,0.0,0.0038314176245210726,-0.0038314176245210726,0.0038314176245210726
อุบลราชธานี,2,อำเภอเขื่องใน,ตำบลหนองเหล่า,รวมพลังประชาชน,0.0,10,2084.0,1305,0.0,0.007662835249042145,-0.007662835249042145,0.007662835249042145
อุบลราชธานี,2,อำเภอเขื่องใน,ตำบลหนองเหล่า,รวมใจไทย,0.0,56,2084.0,1305,0.0,0.04291187739463601,-0.04291187739463601,0.04291187739463601
อุบลราชธานี,2,อำเภอเขื่องใน,ตำบลหนองเหล่า,รวมไทยสร้างชาติ,0.0,17,2084.0,1305,0.0,0.013026819923371647,-0.013026819923371647,0.013026819923371647
อุบลราชธานี,2,อำเภอเขื่องใน,ตำบลหนองเหล่า,รักชาติ,0.0,1,2084.0,1305,0.0,0.0007662835249042146,-0.0007662835249042146,0.0007662835249042146
อุบลราชธานี,2,อำเภอเขื่องใน,ตำบลหนองเหล่า,วิชชั่นใหม่,0.0,37,2084.0,1305,0.0,0.028352490421455937,-0.028352490421455937,0.028352490421455937
อุบลราชธานี,2,อำเภอเขื่องใน,ตำบลหนองเหล่า,สร้างอนาคตไทย,0.0,4,2084.0,1305,0.0,0.0030651340996168583,-0.0030651340996168583,0.0030651340996168583
อุบลราชธานี,2,อำเภอเขื่องใน,ตำบลหนองเหล่า,สังคมประชาธิปไตยไทย,0.0,0,2084.0,1305,0.0,0.0,0.0,0.0
อุบลราชธานี,2,อำเภอเขื่องใน,ตำบลหนองเหล่า,อนาคตไทย,0.0,2,2084.0,1305,0.0,0.0015325670498084292,-0.0015325670498084292,0.0015325670498084292
อุบลราชธานี,2,อำเภอเขื่องใน,ตำบลหนองเหล่า,เครือข่ายชาวนาแห่งประเทศไทย,0.0,0,2084.0,1305,0.0,0.0,0.0,0.0
อุบลราชธานี,2,อำเภอเขื่องใน,ตำบลหนองเหล่า,เป็นธรรม,0.0,0,2084.0,1305,0.0,0.0,0.0,0.0
อุบลราชธานี,2,อำเภอเขื่องใน,ตำบลหนองเหล่า,เพื่อชาติไทย,0.0,16,2084.0,1305,0.0,0.012260536398467433,-0.012260536398467433,0.012260536398467433
อุบลราชธานี,2,อำเภอเขื่องใน,ตำบลหนองเหล่า,เพื่อชีวิตใหม่,0.0,1,2084.0,1305,0.0,0.0007662835249042146,-0.0007662835249042146,0.0007662835249042146
อุบลราชธานี,2,อำเภอเขื่องใน,ตำบลหนองเหล่า,เพื่อบ้านเมือง,0.0,0,2084.0,1305,0.0,0.0,0.0,0.0
อุบลราชธานี,2,อำเภอเขื่องใน,ตำบลหนองเหล่า,เพื่อไทย,7.0,96,2084.0,1305,0.0033589251439539347,0.0735632183908046,-0.07020429324685067,0.07020429324685067
อุบลราชธานี,2,อำเภอเขื่องใน,ตำบลหนองเหล่า,เศรษฐกิจ,9.0,128,2084.0,1305,0.004318618042226488,0.09808429118773947,-0.09376567314551298,0.09376567314551298
อุบลราชธานี,2,อำเภอเขื่องใน,ตำบลหนองเหล่า,เสรีรวมไทย,0.0,11,2084.0,1305,0.0,0.00842911877394636,-0.00842911877394636,0.00842911877394636
อุบลราชธานี,2,อำเภอเขื่องใน,ตำบลหนองเหล่า,แผ่นดินธรรม,0.0,3,2084.0,1305,0.0,0.0022988505747126436,-0.0022988505747126436,0.0022988505747126436
อุบลราชธานี,2,อำเภอเขื่องใน,ตำบลหนองเหล่า,แรงงานสร้างชาติ,0.0,3,2084.0,1305,0.0,0.0022988505747126436,-0.0022988505747126436,0.0022988505747126436
อุบลราชธานี,2,อำเภอเขื่องใน,ตำบลหนองเหล่า,โอกาสใหม่,0.0,0,2084.0,1305,0.0,0.0,0.0,0.0
อุบลราชธานี,2,อำเภอเขื่องใน,ตำบลหนองเหล่า,ใหม่,0.0,4,2084.0,1305,0.0,0.0030651340996168583,-0.0030651340996168583,0.0030651340996168583
อุบลราชธานี,2,อำเภอเขื่องใน,ตำบลหนองเหล่า,ไทยก้าวหน้า,0.0,2,2084.0,1305,0.0,0.0015325670498084292,-0.0015325670498084292,0.0015325670498084292
อุบลราชธานี,2,อำเภอเขื่องใน,ตำบลหนองเหล่า,ไทยก้าวใหม่,255.0,5,2084.0,1305,0.12236084452975048,0.0038314176245210726,0.1185294269052294,0.1185294269052294
อุบลราชธานี,2,อำเภอเขื่องใน,ตำบลหนองเหล่า,ไทยชนะ,0.0,3,2084.0,1305,0.0,0.0022988505747126436,-0.0022988505747126436,0.0022988505747126436
อุบลราชธานี,2,อำเภอเขื่องใน,ตำบลหนองเหล่า,ไทยทรัพย์ทวี,0.0,69,2084.0,1305,0.0,0.052873563218390804,-0.052873563218390804,0.052873563218390804
อุบลราชธานี,2,อำเภอเขื่องใน,ตำบลหนองเหล่า,ไทยธรรม,0.0,0,2084.0,1305,0.0,0.0,0.0,0.0
อุบลราชธานี,2,อำเภอเขื่องใน,ตำบลหนองเหล่า,ไทยพร้อม,0.0,2,2084.0,1305,0.0,0.0015325670498084292,-0.0015325670498084292,0.0015325670498084292
อุบลราชธานี,2,อำเภอเขื่องใน,ตำบลหนองเหล่า,ไทยพิทักษ์ธรรม,0.0,0,2084.0,1305,0.0,0.0,0.0,0.0
อุบลราชธานี,2,อำเภอเขื่องใน,ตำบลหนองเหล่า,ไทยภักดี,0.0,3,2084.0,1305,0.0,0.0022988505747126436,-0.0022988505747126436,0.0022988505747126436
อุบลราชธานี,2,อำเภอเขื่องใน,ตำบลหนองเหล่า,ไทยรวมไทย,0.0,1,2084.0,1305,0.0,0.0007662835249042146,-0.0007662835249042146,0.0007662835249042146
อุบลราชธานี,2,อำเภอเขื่องใน,ตำบลหนองเหล่า,ไทยสร้างไทย,0.0,6,2084.0,1305,0.0,0.004597701149425287,-0.004597701149425287,0.004597701149425287
อุบลราชธานี,2,อำเภอเขื่องใน,ตำบลหนองเหล่า,ไทรวมพลัง,942.0,240,2084.0,1305,0.45201535508637236,0.1839080459770115,0.26810730910936087,0.26810730910936087
อุบลราชธานี,2,อำเภอเขื่องใน,ตำบลหัวดอน,กรีน,0.0,1,1942.0,2398,0.0,0.0004170141784820684,-0.0004170141784820684,0.0004170141784820684
อุบลราชธานี,2,อำเภอเขื่องใน,ตำบลหัวดอน,กล้าธรรม,904.0,286,1942.0,2398,0.4654994850669413,0.11926605504587157,0.3462334300210697,0.3462334300210697
อุบลราชธานี,2,อำเภอเขื่องใน,ตำบลหัวดอน,ก้าวอิสระ,0.0,0,1942.0,2398,0.0,0.0,0.0,0.0
อุบลราชธานี,2,อำเภอเขื่องใน,ตำบลหัวดอน,ครูไทยเพื่อประชาชน,0.0,2,1942.0,2398,0.0,0.0008340283569641367,-0.0008340283569641367,0.0008340283569641367
อุบลราชธานี,2,อำเภอเขื่องใน,ตำบลหัวดอน,คลองไทย,0.0,24,1942.0,2398,0.0,0.010008340283569641,-0.010008340283569641,0.010008340283569641
อุบลราชธานี,2,อำเภอเขื่องใน,ตำบลหัวดอน,ความหวังใหม่,0.0,1,1942.0,2398,0.0,0.0004170141784820684,-0.0004170141784820684,0.0004170141784820684
อุบลราชธานี,2,อำเภอเขื่องใน,ตำบลหัวดอน,ทางเลือกใหม่,0.0,9,1942.0,2398,0.0,0.0037531276063386154,-0.0037531276063386154,0.0037531276063386154
อุบลราชธานี,2,อำเภอเขื่องใน,ตำบลหัวดอน,ท้องที่ไทย,0.0,2,1942.0,2398,0.0,0.0008340283569641367,-0.0008340283569641367,0.0008340283569641367
อุบลราชธานี,2,อำเภอเขื่องใน,ตำบลหัวดอน,ประชากรไทย,0.0,3,1942.0,2398,0.0,0.0012510425354462051,-0.0012510425354462051,0.0012510425354462051
อุบลราชธานี,2,อำเภอเขื่องใน,ตำบลหัวดอน,ประชาชน,157.0,434,1942.0,2398,0.08084449021627188,0.18098415346121768,-0.1001396632449458,0.1001396632449458
อุบลราชธานี,2,อำเภอเขื่องใน,ตำบลหัวดอน,ประชาชาติ,0.0,6,1942.0,2398,0.0,0.0025020850708924102,-0.0025020850708924102,0.0025020850708924102
อุบลราชธานี,2,อำเภอเขื่องใน,ตำบลหัวดอน,ประชาธิปัตย์,10.0,178,1942.0,2398,0.005149330587023687,0.07422852376980818,-0.06907919318278449,0.06907919318278449
อุบลราชธานี,2,อำเภอเขื่องใน,ตำบลหัวดอน,ประชาธิปไตยใหม่,7.0,98,1942.0,2398,0.003604531410916581,0.0408673894912427,-0.037262858080326124,0.037262858080326124
อุบลราชธานี,2,อำเภอเขื่องใน,ตำบลหัวดอน,ประชาอาสาชาติ,0.0,6,1942.0,2398,0.0,0.0025020850708924102,-0.0025020850708924102,0.0025020850708924102
อุบลราชธานี,2,อำเภอเขื่องใน,ตำบลหัวดอน,ประชาไทย,0.0,4,1942.0,2398,0.0,0.0016680567139282735,-0.0016680567139282735,0.0016680567139282735
อุบลราชธานี,2,อำเภอเขื่องใน,ตำบลหัวดอน,ปวงชนไทย,0.0,6,1942.0,2398,0.0,0.0025020850708924102,-0.0025020850708924102,0.0025020850708924102
อุบลราชธานี,2,อำเภอเขื่องใน,ตำบลหัวดอน,พร้อม,0.0,1,1942.0,2398,0.0,0.0004170141784820684,-0.0004170141784820684,0.0004170141784820684
อุบลราชธานี,2,อำเภอเขื่องใน,ตำบลหัวดอน,พลวัต,0.0,11,1942.0,2398,0.0,0.0045871559633027525,-0.0045871559633027525,0.0045871559633027525
อุบลราชธานี,2,อำเภอเขื่องใน,ตำบลหัวดอน,พลังธรรมใหม่,0.0,2,1942.0,2398,0.0,0.0008340283569641367,-0.0008340283569641367,0.0008340283569641367
อุบลราชธานี,2,อำเภอเขื่องใน,ตำบลหัวดอน,พลังประชารัฐ,5.0,7,1942.0,2398,0.0025746652935118436,0.0029190992493744786,-0.00034443395586263503,0.00034443395586263503
อุบลราชธานี,2,อำเภอเขื่องใน,ตำบลหัวดอน,พลังสังคมใหม่,0.0,0,1942.0,2398,0.0,0.0,0.0,0.0
อุบลราชธานี,2,อำเภอเขื่องใน,ตำบลหัวดอน,พลังเพื่อไทย,0.0,3,1942.0,2398,0.0,0.0012510425354462051,-0.0012510425354462051,0.0012510425354462051
อุบลราชธานี,2,อำเภอเขื่องใน,ตำบลหัวดอน,พลังไทยรักชาติ,0.0,3,1942.0,2398,0.0,0.0012510425354462051,-0.0012510425354462051,0.0012510425354462051
อุบลราชธานี,2,อำเภอเขื่องใน,ตำบลหัวดอน,ฟิวชัน,0.0,106,1942.0,2398,0.0,0.04420350291909925,-0.04420350291909925,0.04420350291909925
อุบลราชธานี,2,อำเภอเขื่องใน,ตำบลหัวดอน,ภูมิใจไทย,28.0,193,1942.0,2398,0.014418125643666324,0.0804837364470392,-0.06606561080337288,0.06606561080337288
อุบลราชธานี,2,อำเภอเขื่องใน,ตำบลหัวดอน,มิติใหม่,0.0,10,1942.0,2398,0.0,0.004170141784820684,-0.004170141784820684,0.004170141784820684
อุบลราชธานี,2,อำเภอเขื่องใน,ตำบลหัวดอน,รวมพลังประชาชน,0.0,17,1942.0,2398,0.0,0.007089241034195163,-0.007089241034195163,0.007089241034195163
อุบลราชธานี,2,อำเภอเขื่องใน,ตำบลหัวดอน,รวมใจไทย,0.0,72,1942.0,2398,0.0,0.030025020850708923,-0.030025020850708923,0.030025020850708923
อุบลราชธานี,2,อำเภอเขื่องใน,ตำบลหัวดอน,รวมไทยสร้างชาติ,0.0,26,1942.0,2398,0.0,0.010842368640533779,-0.010842368640533779,0.010842368640533779
อุบลราชธานี,2,อำเภอเขื่องใน,ตำบลหัวดอน,รักชาติ,0.0,2,1942.0,2398,0.0,0.0008340283569641367,-0.0008340283569641367,0.0008340283569641367
อุบลราชธานี,2,อำเภอเขื่องใน,ตำบลหัวดอน,วิชชั่นใหม่,0.0,9,1942.0,2398,0.0,0.0037531276063386154,-0.0037531276063386154,0.0037531276063386154
อุบลราชธานี,2,อำเภอเขื่องใน,ตำบลหัวดอน,สร้างอนาคตไทย,0.0,2,1942.0,2398,0.0,0.0008340283569641367,-0.0008340283569641367,0.0008340283569641367
อุบลราชธานี,2,อำเภอเขื่องใน,ตำบลหัวดอน,สังคมประชาธิปไตยไทย,0.0,1,1942.0,2398,0.0,0.0004170141784820684,-0.0004170141784820684,0.0004170141784820684
อุบลราชธานี,2,อำเภอเขื่องใน,ตำบลหัวดอน,อนาคตไทย,0.0,0,1942.0,2398,0.0,0.0,0.0,0.0
อุบลราชธานี,2,อำเภอเขื่องใน,ตำบลหัวดอน,เครือข่ายชาวนาแห่งประเทศไทย,0.0,1,1942.0,2398,0.0,0.0004170141784820684,-0.0004170141784820684,0.0004170141784820684
อุบลราชธานี,2,อำเภอเขื่องใน,ตำบลหัวดอน,เป็นธรรม,0.0,2,1942.0,2398,0.0,0.0008340283569641367,-0.0008340283569641367,0.0008340283569641367
อุบลราชธานี,2,อำเภอเขื่องใน,ตำบลหัวดอน,เพื่อชาติไทย,0.0,32,1942.0,2398,0.0,0.013344453711426188,-0.013344453711426188,0.013344453711426188
อุบลราชธานี,2,อำเภอเขื่องใน,ตำบลหัวดอน,เพื่อชีวิตใหม่,0.0,12,1942.0,2398,0.0,0.0050041701417848205,-0.0050041701417848205,0.0050041701417848205
อุบลราชธานี,2,อำเภอเขื่องใน,ตำบลหัวดอน,เพื่อบ้านเมือง,0.0,4,1942.0,2398,0.0,0.0016680567139282735,-0.0016680567139282735,0.0016680567139282735
อุบลราชธานี,2,อำเภอเขื่องใน,ตำบลหัวดอน,เพื่อไทย,93.0,247,1942.0,2398,0.047888774459320285,0.10300250208507089,-0.055113727625750605,0.055113727625750605
อุบลราชธานี,2,อำเภอเขื่องใน,ตำบลหัวดอน,เศรษฐกิจ,25.0,130,1942.0,2398,0.012873326467559218,0.05421184320266889,-0.04133851673510967,0.04133851673510967
อุบลราชธานี,2,อำเภอเขื่องใน,ตำบลหัวดอน,เสรีรวมไทย,0.0,26,1942.0,2398,0.0,0.010842368640533779,-0.010842368640533779,0.010842368640533779
อุบลราชธานี,2,อำเภอเขื่องใน,ตำบลหัวดอน,แผ่นดินธรรม,0.0,2,1942.0,2398,0.0,0.0008340283569641367,-0.0008340283569641367,0.0008340283569641367
อุบลราชธานี,2,อำเภอเขื่องใน,ตำบลหัวดอน,แรงงานสร้างชาติ,0.0,8,1942.0,2398,0.0,0.003336113427856547,-0.003336113427856547,0.003336113427856547
อุบลราชธานี,2,อำเภอเขื่องใน,ตำบลหัวดอน,โอกาสใหม่,0.0,1,1942.0,2398,0.0,0.0004170141784820684,-0.0004170141784820684,0.0004170141784820684
อุบลราชธานี,2,อำเภอเขื่องใน,ตำบลหัวดอน,ใหม่,0.0,18,1942.0,2398,0.0,0.007506255212677231,-0.007506255212677231,0.007506255212677231
อุบลราชธานี,2,อำเภอเขื่องใน,ตำบลหัวดอน,ไทยก้าวหน้า,0.0,3,1942.0,2398,0.0,0.0012510425354462051,-0.0012510425354462051,0.0012510425354462051
อุบลราชธานี,2,อำเภอเขื่องใน,ตำบลหัวดอน,ไทยก้าวใหม่,1.0,6,1942.0,2398,0.0005149330587023687,0.0025020850708924102,-0.0019871520121900414,0.0019871520121900414
อุบลราชธานี,2,อำเภอเขื่องใน,ตำบลหัวดอน,ไทยชนะ,0.0,2,1942.0,2398,0.0,0.0008340283569641367,-0.0008340283569641367,0.0008340283569641367
อุบลราชธานี,2,อำเภอเขื่องใน,ตำบลหัวดอน,ไทยทรัพย์ทวี,0.0,52,1942.0,2398,0.0,0.021684737281067557,-0.021684737281067557,0.021684737281067557
อุบลราชธานี,2,อำเภอเขื่องใน,ตำบลหัวดอน,ไทยธรรม,0.0,1,1942.0,2398,0.0,0.0004170141784820684,-0.0004170141784820684,0.0004170141784820684
อุบลราชธานี,2,อำเภอเขื่องใน,ตำบลหัวดอน,ไทยพร้อม,0.0,1,1942.0,2398,0.0,0.0004170141784820684,-0.0004170141784820684,0.0004170141784820684
อุบลราชธานี,2,อำเภอเขื่องใน,ตำบลหัวดอน,ไทยพิทักษ์ธรรม,0.0,1,1942.0,2398,0.0,0.0004170141784820684,-0.0004170141784820684,0.0004170141784820684
อุบลราชธานี,2,อำเภอเขื่องใน,ตำบลหัวดอน,ไทยภักดี,0.0,5,1942.0,2398,0.0,0.002085070892410342,-0.002085070892410342,0.002085070892410342
อุบลราชธานี,2,อำเภอเขื่องใน,ตำบลหัวดอน,ไทยรวมไทย,0.0,2,1942.0,2398,0.0,0.0008340283569641367,-0.0008340283569641367,0.0008340283569641367
อุบลราชธานี,2,อำเภอเขื่องใน,ตำบลหัวดอน,ไทยสร้างไทย,0.0,12,1942.0,2398,0.0,0.0050041701417848205,-0.0050041701417848205,0.0050041701417848205
อุบลราชธานี,2,อำเภอเขื่องใน,ตำบลหัวดอน,ไทรวมพลัง,712.0,305,1942.0,2398,0.3666323377960865,0.12718932443703085,0.23944301335905566,0.23944301335905566
อุบลราชธานี,2,อำเภอเขื่องใน,ตำบลแดงหม้อ,กรีน,0.0,0,819.0,209,0.0,0.0,0.0,0.0
อุบลราชธานี,2,อำเภอเขื่องใน,ตำบลแดงหม้อ,กล้าธรรม,259.0,7,819.0,209,0.3162393162393162,0.03349282296650718,0.28274649327280904,0.28274649327280904
อุบลราชธานี,2,อำเภอเขื่องใน,ตำบลแดงหม้อ,ก้าวอิสระ,0.0,1,819.0,209,0.0,0.004784688995215311,-0.004784688995215311,0.004784688995215311
อุบลราชธานี,2,อำเภอเขื่องใน,ตำบลแดงหม้อ,ครูไทยเพื่อประชาชน,0.0,0,819.0,209,0.0,0.0,0.0,0.0
อุบลราชธานี,2,อำเภอเขื่องใน,ตำบลแดงหม้อ,คลองไทย,0.0,0,819.0,209,0.0,0.0,0.0,0.0
อุบลราชธานี,2,อำเภอเขื่องใน,ตำบลแดงหม้อ,ความหวังใหม่,0.0,0,819.0,209,0.0,0.0,0.0,0.0
อุบลราชธานี,2,อำเภอเขื่องใน,ตำบลแดงหม้อ,ทางเลือกใหม่,0.0,0,819.0,209,0.0,0.0,0.0,0.0
อุบลราชธานี,2,อำเภอเขื่องใน,ตำบลแดงหม้อ,ท้องที่ไทย,0.0,0,819.0,209,0.0,0.0,0.0,0.0
อุบลราชธานี,2,อำเภอเขื่องใน,ตำบลแดงหม้อ,ประชากรไทย,0.0,0,819.0,209,0.0,0.0,0.0,0.0
อุบลราชธานี,2,อำเภอเขื่องใน,ตำบลแดงหม้อ,ประชาชน,65.0,27,819.0,209,0.07936507936507936,0.1291866028708134,-0.049821523505734044,0.049821523505734044
อุบลราชธานี,2,อำเภอเขื่องใน,ตำบลแดงหม้อ,ประชาชาติ,0.0,0,819.0,209,0.0,0.0,0.0,0.0
อุบลราชธานี,2,อำเภอเขื่องใน,ตำบลแดงหม้อ,ประชาธิปัตย์,4.0,12,819.0,209,0.004884004884004884,0.05741626794258373,-0.052532263058578846,0.052532263058578846
อุบลราชธานี,2,อำเภอเขื่องใน,ตำบลแดงหม้อ,ประชาธิปไตยใหม่,1.0,1,819.0,209,0.001221001221001221,0.004784688995215311,-0.00356368777421409,0.00356368777421409
อุบลราชธานี,2,อำเภอเขื่องใน,ตำบลแดงหม้อ,ประชาอาสาชาติ,0.0,1,819.0,209,0.0,0.004784688995215311,-0.004784688995215311,0.004784688995215311
อุบลราชธานี,2,อำเภอเขื่องใน,ตำบลแดงหม้อ,ประชาไทย,0.0,0,819.0,209,0.0,0.0,0.0,0.0
อุบลราชธานี,2,อำเภอเขื่องใน,ตำบลแดงหม้อ,ปวงชนไทย,0.0,0,819.0,209,0.0,0.0,0.0,0.0
อุบลราชธานี,2,อำเภอเขื่องใน,ตำบลแดงหม้อ,พร้อม,0.0,0,819.0,209,0.0,0.0,0.0,0.0
อุบลราชธานี,2,อำเภอเขื่องใน,ตำบลแดงหม้อ,พลวัต,0.0,0,819.0,209,0.0,0.0,0.0,0.0
อุบลราชธานี,2,อำเภอเขื่องใน,ตำบลแดงหม้อ,พลังธรรมใหม่,0.0,0,819.0,209,0.0,0.0,0.0,0.0
อุบลราชธานี,2,อำเภอเขื่องใน,ตำบลแดงหม้อ,พลังประชารัฐ,0.0,0,819.0,209,0.0,0.0,0.0,0.0
อุบลราชธานี,2,อำเภอเขื่องใน,ตำบลแดงหม้อ,พลังสังคมใหม่,0.0,0,819.0,209,0.0,0.0,0.0,0.0
อุบลราชธานี,2,อำเภอเขื่องใน,ตำบลแดงหม้อ,พลังเพื่อไทย,0.0,0,819.0,209,0.0,0.0,0.0,0.0
อุบลราชธานี,2,อำเภอเขื่องใน,ตำบลแดงหม้อ,พลังไทยรักชาติ,0.0,0,819.0,209,0.0,0.0,0.0,0.0
อุบลราชธานี,2,อำเภอเขื่องใน,ตำบลแดงหม้อ,ฟิวชัน,0.0,0,819.0,209,0.0,0.0,0.0,0.0
อุบลราชธานี,2,อำเภอเขื่องใน,ตำบลแดงหม้อ,ภูมิใจไทย,8.0,10,819.0,209,0.009768009768009768,0.04784688995215311,-0.03807888018414334,0.03807888018414334
อุบลราชธานี,2,อำเภอเขื่องใน,ตำบลแดงหม้อ,มิติใหม่,0.0,2,819.0,209,0.0,0.009569377990430622,-0.009569377990430622,0.009569377990430622
อุบลราชธานี,2,อำเภอเขื่องใน,ตำบลแดงหม้อ,รวมพลังประชาชน,0.0,0,819.0,209,0.0,0.0,0.0,0.0
อุบลราชธานี,2,อำเภอเขื่องใน,ตำบลแดงหม้อ,รวมใจไทย,0.0,14,819.0,209,0.0,0.06698564593301436,-0.06698564593301436,0.06698564593301436
อุบลราชธานี,2,อำเภอเขื่องใน,ตำบลแดงหม้อ,รวมไทยสร้างชาติ,0.0,8,819.0,209,0.0,0.03827751196172249,-0.03827751196172249,0.03827751196172249
อุบลราชธานี,2,อำเภอเขื่องใน,ตำบลแดงหม้อ,รักชาติ,0.0,0,819.0,209,0.0,0.0,0.0,0.0
อุบลราชธานี,2,อำเภอเขื่องใน,ตำบลแดงหม้อ,วิชชั่นใหม่,0.0,0,819.0,209,0.0,0.0,0.0,0.0
อุบลราชธานี,2,อำเภอเขื่องใน,ตำบลแดงหม้อ,สร้างอนาคตไทย,0.0,0,819.0,209,0.0,0.0,0.0,0.0
อุบลราชธานี,2,อำเภอเขื่องใน,ตำบลแดงหม้อ,สังคมประชาธิปไตยไทย,0.0,0,819.0,209,0.0,0.0,0.0,0.0
อุบลราชธานี,2,อำเภอเขื่องใน,ตำบลแดงหม้อ,อนาคตไทย,0.0,1,819.0,209,0.0,0.004784688995215311,-0.004784688995215311,0.004784688995215311
อุบลราชธานี,2,อำเภอเขื่องใน,ตำบลแดงหม้อ,เครือข่ายชาวนาแห่งประเทศไทย,0.0,0,819.0,209,0.0,0.0,0.0,0.0
อุบลราชธานี,2,อำเภอเขื่องใน,ตำบลแดงหม้อ,เป็นธรรม,0.0,0,819.0,209,0.0,0.0,0.0,0.0
อุบลราชธานี,2,อำเภอเขื่องใน,ตำบลแดงหม้อ,เพื่อชาติไทย,0.0,2,819.0,209,0.0,0.009569377990430622,-0.009569377990430622,0.009569377990430622
อุบลราชธานี,2,อำเภอเขื่องใน,ตำบลแดงหม้อ,เพื่อชีวิตใหม่,0.0,0,819.0,209,0.0,0.0,0.0,0.0
อุบลราชธานี,2,อำเภอเขื่องใน,ตำบลแดงหม้อ,เพื่อบ้านเมือง,0.0,0,819.0,209,0.0,0.0,0.0,0.0
อุบลราชธานี,2,อำเภอเขื่องใน,ตำบลแดงหม้อ,เพื่อไทย,11.0,31,819.0,209,0.013431013431013432,0.14832535885167464,-0.1348943454206612,0.1348943454206612
อุบลราชธานี,2,อำเภอเขื่องใน,ตำบลแดงหม้อ,เศรษฐกิจ,9.0,5,819.0,209,0.01098901098901099,0.023923444976076555,-0.012934433987065565,0.012934433987065565
อุบลราชธานี,2,อำเภอเขื่องใน,ตำบลแดงหม้อ,เสรีรวมไทย,0.0,0,819.0,209,0.0,0.0,0.0,0.0
อุบลราชธานี,2,อำเภอเขื่องใน,ตำบลแดงหม้อ,แผ่นดินธรรม,0.0,0,819.0,209,0.0,0.0,0.0,0.0
อุบลราชธานี,2,อำเภอเขื่องใน,ตำบลแดงหม้อ,แรงงานสร้างชาติ,0.0,0,819.0,209,0.0,0.0,0.0,0.0
อุบลราชธานี,2,อำเภอเขื่องใน,ตำบลแดงหม้อ,โอกาสใหม่,0.0,0,819.0,209,0.0,0.0,0.0,0.0
อุบลราชธานี,2,อำเภอเขื่องใน,ตำบลแดงหม้อ,ใหม่,0.0,1,819.0,209,0.0,0.004784688995215311,-0.004784688995215311,0.004784688995215311
อุบลราชธานี,2,อำเภอเขื่องใน,ตำบลแดงหม้อ,ไทยก้าวหน้า,0.0,0,819.0,209,0.0,0.0,0.0,0.0
อุบลราชธานี,2,อำเภอเขื่องใน,ตำบลแดงหม้อ,ไทยก้าวใหม่,0.0,1,819.0,209,0.0,0.004784688995215311,-0.004784688995215311,0.004784688995215311
อุบลราชธานี,2,อำเภอเขื่องใน,ตำบลแดงหม้อ,ไทยชนะ,0.0,0,819.0,209,0.0,0.0,0.0,0.0
อุบลราชธานี,2,อำเภอเขื่องใน,ตำบลแดงหม้อ,ไทยทรัพย์ทวี,0.0,3,819.0,209,0.0,0.014354066985645933,-0.014354066985645933,0.014354066985645933
อุบลราชธานี,2,อำเภอเขื่องใน,ตำบลแดงหม้อ,ไทยธรรม,0.0,0,819.0,209,0.0,0.0,0.0,0.0
อุบลราชธานี,2,อำเภอเขื่องใน,ตำบลแดงหม้อ,ไทยพร้อม,0.0,0,819.0,209,0.0,0.0,0.0,0.0
อุบลราชธานี,2,อำเภอเขื่องใน,ตำบลแดงหม้อ,ไทยพิทักษ์ธรรม,0.0,0,819.0,209,0.0,0.0,0.0,0.0
อุบลราชธานี,2,อำเภอเขื่องใน,ตำบลแดงหม้อ,ไทยภักดี,0.0,0,819.0,209,0.0,0.0,0.0,0.0
อุบลราชธานี,2,อำเภอเขื่องใน,ตำบลแดงหม้อ,ไทยรวมไทย,0.0,0,819.0,209,0.0,0.0,0.0,0.0
อุบลราชธานี,2,อำเภอเขื่องใน,ตำบลแดงหม้อ,ไทยสร้างไทย,0.0,0,819.0,209,0.0,0.0,0.0,0.0
อุบลราชธานี,2,อำเภอเขื่องใน,ตำบลแดงหม้อ,ไทรวมพลัง,462.0,82,819.0,209,0.5641025641025641,0.3923444976076555,0.1717580664949086,0.1717580664949086
อุบลราชธานี,2,อำเภอเขื่องใน,ตำบลโนนรัง,กรีน,0.0,0,1382.0,376,0.0,0.0,0.0,0.0
อุบลราชธานี,2,อำเภอเขื่องใน,ตำบลโนนรัง,กล้าธรรม,686.0,55,1382.0,376,0.4963820549927641,0.14627659574468085,0.35010545924808323,0.35010545924808323
อุบลราชธานี,2,อำเภอเขื่องใน,ตำบลโนนรัง,ก้าวอิสระ,0.0,0,1382.0,376,0.0,0.0,0.0,0.0
อุบลราชธานี,2,อำเภอเขื่องใน,ตำบลโนนรัง,ครูไทยเพื่อประชาชน,0.0,0,1382.0,376,0.0,0.0,0.0,0.0
อุบลราชธานี,2,อำเภอเขื่องใน,ตำบลโนนรัง,คลองไทย,0.0,0,1382.0,376,0.0,0.0,0.0,0.0
อุบลราชธานี,2,อำเภอเขื่องใน,ตำบลโนนรัง,ความหวังใหม่,0.0,1,1382.0,376,0.0,0.0026595744680851063,-0.0026595744680851063,0.0026595744680851063
อุบลราชธานี,2,อำเภอเขื่องใน,ตำบลโนนรัง,ทางเลือกใหม่,0.0,0,1382.0,376,0.0,0.0,0.0,0.0
อุบลราชธานี,2,อำเภอเขื่องใน,ตำบลโนนรัง,ท้องที่ไทย,0.0,0,1382.0,376,0.0,0.0,0.0,0.0
อุบลราชธานี,2,อำเภอเขื่องใน,ตำบลโนนรัง,ประชากรไทย,0.0,0,1382.0,376,0.0,0.0,0.0,0.0
อุบลราชธานี,2,อำเภอเขื่องใน,ตำบลโนนรัง,ประชาชน,86.0,39,1382.0,376,0.06222865412445731,0.10372340425531915,-0.04149475013086184,0.04149475013086184
อุบลราชธานี,2,อำเภอเขื่องใน,ตำบลโนนรัง,ประชาชาติ,0.0,0,1382.0,376,0.0,0.0,0.0,0.0
อุบลราชธานี,2,อำเภอเขื่องใน,ตำบลโนนรัง,ประชาธิปัตย์,4.0,0,1382.0,376,0.002894356005788712,0.0,0.002894356005788712,0.002894356005788712
อุบลราชธานี,2,อำเภอเขื่องใน,ตำบลโนนรัง,ประชาธิปไตยใหม่,1.0,3,1382.0,376,0.000723589001447178,0.007978723404255319,-0.007255134402808141,0.007255134402808141
อุบลราชธานี,2,อำเภอเขื่องใน,ตำบลโนนรัง,ประชาอาสาชาติ,0.0,1,1382.0,376,0.0,0.0026595744680851063,-0.0026595744680851063,0.0026595744680851063
อุบลราชธานี,2,อำเภอเขื่องใน,ตำบลโนนรัง,ประชาไทย,0.0,0,1382.0,376,0.0,0.0,0.0,0.0
อุบลราชธานี,2,อำเภอเขื่องใน,ตำบลโนนรัง,ปวงชนไทย,0.0,0,1382.0,376,0.0,0.0,0.0,0.0
อุบลราชธานี,2,อำเภอเขื่องใน,ตำบลโนนรัง,พร้อม,0.0,0,1382.0,376,0.0,0.0,0.0,0.0
อุบลราชธานี,2,อำเภอเขื่องใน,ตำบลโนนรัง,พลวัต,0.0,0,1382.0,376,0.0,0.0,0.0,0.0
อุบลราชธานี,2,อำเภอเขื่องใน,ตำบลโนนรัง,พลังธรรมใหม่,0.0,0,1382.0,376,0.0,0.0,0.0,0.0
อุบลราชธานี,2,อำเภอเขื่องใน,ตำบลโนนรัง,พลังประชารัฐ,0.0,0,1382.0,376,0.0,0.0,0.0,0.0
อุบลราชธานี,2,อำเภอเขื่องใน,ตำบลโนนรัง,พลังสังคมใหม่,0.0,0,1382.0,376,0.0,0.0,0.0,0.0
อุบลราชธานี,2,อำเภอเขื่องใน,ตำบลโนนรัง,พลังเพื่อไทย,0.0,0,1382.0,376,0.0,0.0,0.0,0.0
อุบลราชธานี,2,อำเภอเขื่องใน,ตำบลโนนรัง,พลังไทยรักชาติ,0.0,0,1382.0,376,0.0,0.0,0.0,0.0
อุบลราชธานี,2,อำเภอเขื่องใน,ตำบลโนนรัง,ฟิวชัน,0.0,0,1382.0,376,0.0,0.0,0.0,0.0
อุบลราชธานี,2,อำเภอเขื่องใน,ตำบลโนนรัง,ภูมิใจไทย,10.0,34,1382.0,376,0.00723589001447178,0.09042553191489362,-0.08318964190042184,0.08318964190042184
อุบลราชธานี,2,อำเภอเขื่องใน,ตำบลโนนรัง,มิติใหม่,0.0,1,1382.0,376,0.0,0.0026595744680851063,-0.0026595744680851063,0.0026595744680851063
อุบลราชธานี,2,อำเภอเขื่องใน,ตำบลโนนรัง,รวมพลังประชาชน,0.0,0,1382.0,376,0.0,0.0,0.0,0.0
อุบลราชธานี,2,อำเภอเขื่องใน,ตำบลโนนรัง,รวมใจไทย,0.0,6,1382.0,376,0.0,0.015957446808510637,-0.015957446808510637,0.015957446808510637
อุบลราชธานี,2,อำเภอเขื่องใน,ตำบลโนนรัง,รวมไทยสร้างชาติ,0.0,2,1382.0,376,0.0,0.005319148936170213,-0.005319148936170213,0.005319148936170213
อุบลราชธานี,2,อำเภอเขื่องใน,ตำบลโนนรัง,รักชาติ,0.0,0,1382.0,376,0.0,0.0,0.0,0.0
อุบลราชธานี,2,อำเภอเขื่องใน,ตำบลโนนรัง,วิชชั่นใหม่,0.0,0,1382.0,376,0.0,0.0,0.0,0.0
อุบลราชธานี,2,อำเภอเขื่องใน,ตำบลโนนรัง,สร้างอนาคตไทย,0.0,0,1382.0,376,0.0,0.0,0.0,0.0
อุบลราชธานี,2,อำเภอเขื่องใน,ตำบลโนนรัง,สังคมประชาธิปไตยไทย,0.0,0,1382.0,376,0.0,0.0,0.0,0.0
อุบลราชธานี,2,อำเภอเขื่องใน,ตำบลโนนรัง,อนาคตไทย,0.0,0,1382.0,376,0.0,0.0,0.0,0.0
อุบลราชธานี,2,อำเภอเขื่องใน,ตำบลโนนรัง,เครือข่ายชาวนาแห่งประเทศไทย,0.0,0,1382.0,376,0.0,0.0,0.0,0.0
อุบลราชธานี,2,อำเภอเขื่องใน,ตำบลโนนรัง,เป็นธรรม,0.0,0,1382.0,376,0.0,0.0,0.0,0.0
อุบลราชธานี,2,อำเภอเขื่องใน,ตำบลโนนรัง,เพื่อชาติไทย,0.0,2,1382.0,376,0.0,0.005319148936170213,-0.005319148936170213,0.005319148936170213
อุบลราชธานี,2,อำเภอเขื่องใน,ตำบลโนนรัง,เพื่อชีวิตใหม่,0.0,0,1382.0,376,0.0,0.0,0.0,0.0
อุบลราชธานี,2,อำเภอเขื่องใน,ตำบลโนนรัง,เพื่อบ้านเมือง,0.0,0,1382.0,376,0.0,0.0,0.0,0.0
อุบลราชธานี,2,อำเภอเขื่องใน,ตำบลโนนรัง,เพื่อไทย,23.0,209,1382.0,376,0.016642547033285094,0.5558510638297872,-0.5392085167965022,0.5392085167965022
อุบลราชธานี,2,อำเภอเขื่องใน,ตำบลโนนรัง,เศรษฐกิจ,8.0,0,1382.0,376,0.005788712011577424,0.0,0.005788712011577424,0.005788712011577424
อุบลราชธานี,2,อำเภอเขื่องใน,ตำบลโนนรัง,เสรีรวมไทย,0.0,0,1382.0,376,0.0,0.0,0.0,0.0
อุบลราชธานี,2,อำเภอเขื่องใน,ตำบลโนนรัง,แผ่นดินธรรม,0.0,1,1382.0,376,0.0,0.0026595744680851063,-0.0026595744680851063,0.0026595744680851063
อุบลราชธานี,2,อำเภอเขื่องใน,ตำบลโนนรัง,แรงงานสร้างชาติ,0.0,0,1382.0,376,0.0,0.0,0.0,0.0
อุบลราชธานี,2,อำเภอเขื่องใน,ตำบลโนนรัง,โอกาสใหม่,0.0,0,1382.0,376,0.0,0.0,0.0,0.0
อุบลราชธานี,2,อำเภอเขื่องใน,ตำบลโนนรัง,ใหม่,0.0,0,1382.0,376,0.0,0.0,0.0,0.0
อุบลราชธานี,2,อำเภอเขื่องใน,ตำบลโนนรัง,ไทยก้าวหน้า,0.0,0,1382.0,376,0.0,0.0,0.0,0.0
อุบลราชธานี,2,อำเภอเขื่องใน,ตำบลโนนรัง,ไทยก้าวใหม่,0.0,0,1382.0,376,0.0,0.0,0.0,0.0
อุบลราชธานี,2,อำเภอเขื่องใน,ตำบลโนนรัง,ไทยชนะ,0.0,0,1382.0,376,0.0,0.0,0.0,0.0
อุบลราชธานี,2,อำเภอเขื่องใน,ตำบลโนนรัง,ไทยทรัพย์ทวี,0.0,14,1382.0,376,0.0,0.03723404255319149,-0.03723404255319149,0.03723404255319149
อุบลราชธานี,2,อำเภอเขื่องใน,ตำบลโนนรัง,ไทยธรรม,0.0,1,1382.0,376,0.0,0.0026595744680851063,-0.0026595744680851063,0.0026595744680851063
อุบลราชธานี,2,อำเภอเขื่องใน,ตำบลโนนรัง,ไทยพร้อม,0.0,0,1382.0,376,0.0,0.0,0.0,0.0
อุบลราชธานี,2,อำเภอเขื่องใน,ตำบลโนนรัง,ไทยพิทักษ์ธรรม,0.0,1,1382.0,376,0.0,0.0026595744680851063,-0.0026595744680851063,0.0026595744680851063
อุบลราชธานี,2,อำเภอเขื่องใน,ตำบลโนนรัง,ไทยภักดี,0.0,0,1382.0,376,0.0,0.0,0.0,0.0
อุบลราชธานี,2,อำเภอเขื่องใน,ตำบลโนนรัง,ไทยรวมไทย,0.0,1,1382.0,376,0.0,0.0026595744680851063,-0.0026595744680851063,0.0026595744680851063
อุบลราชธานี,2,อำเภอเขื่องใน,ตำบลโนนรัง,ไทยสร้างไทย,0.0,5,1382.0,376,0.0,0.013297872340425532,-0.013297872340425532,0.013297872340425532
อุบลราชธานี,2,อำเภอเขื่องใน,ตำบลโนนรัง,ไทรวมพลัง,564.0,0,1382.0,376,0.4081041968162084,0.0,0.4081041968162084,0.4081041968162084
อุบลราชธานี,2,เขต 2 อ.เมืองฯ,ตำบลหนองขอน,กรีน,0.0,0,3808.0,1430,0.0,0.0,0.0,0.0
อุบลราชธานี,2,เขต 2 อ.เมืองฯ,ตำบลหนองขอน,กล้าธรรม,1316.0,124,3808.0,1430,0.34558823529411764,0.08671328671328671,0.25887494858083093,0.25887494858083093
อุบลราชธานี,2,เขต 2 อ.เมืองฯ,ตำบลหนองขอน,ก้าวอิสระ,0.0,0,3808.0,1430,0.0,0.0,0.0,0.0
อุบลราชธานี,2,เขต 2 อ.เมืองฯ,ตำบลหนองขอน,ครูไทยเพื่อประชาชน,0.0,4,3808.0,1430,0.0,0.002797202797202797,-0.002797202797202797,0.002797202797202797
อุบลราชธานี,2,เขต 2 อ.เมืองฯ,ตำบลหนองขอน,คลองไทย,0.0,12,3808.0,1430,0.0,0.008391608391608392,-0.008391608391608392,0.008391608391608392
อุบลราชธานี,2,เขต 2 อ.เมืองฯ,ตำบลหนองขอน,ความหวังใหม่,0.0,1,3808.0,1430,0.0,0.0006993006993006993,-0.0006993006993006993,0.0006993006993006993
อุบลราชธานี,2,เขต 2 อ.เมืองฯ,ตำบลหนองขอน,ทางเลือกใหม่,0.0,6,3808.0,1430,0.0,0.004195804195804196,-0.004195804195804196,0.004195804195804196
อุบลราชธานี,2,เขต 2 อ.เมืองฯ,ตำบลหนองขอน,ท้องที่ไทย,0.0,1,3808.0,1430,0.0,0.0006993006993006993,-0.0006993006993006993,0.0006993006993006993
อุบลราชธานี,2,เขต 2 อ.เมืองฯ,ตำบลหนองขอน,ประชากรไทย,0.0,2,3808.0,1430,0.0,0.0013986013986013986,-0.0013986013986013986,0.0013986013986013986
อุบลราชธานี,2,เขต 2 อ.เมืองฯ,ตำบลหนองขอน,ประชาชน,545.0,374,3808.0,1430,0.14311974789915966,0.26153846153846155,-0.1184187136393019,0.1184187136393019
อุบลราชธานี,2,เขต 2 อ.เมืองฯ,ตำบลหนองขอน,ประชาชาติ,0.0,5,3808.0,1430,0.0,0.0034965034965034965,-0.0034965034965034965,0.0034965034965034965
อุบลราชธานี,2,เขต 2 อ.เมืองฯ,ตำบลหนองขอน,ประชาธิปัตย์,39.0,25,3808.0,1430,0.010241596638655462,0.017482517482517484,-0.007240920843862022,0.007240920843862022
อุบลราชธานี,2,เขต 2 อ.เมืองฯ,ตำบลหนองขอน,ประชาธิปไตยใหม่,15.0,79,3808.0,1430,0.003939075630252101,0.05524475524475524,-0.05130567961450314,0.05130567961450314
อุบลราชธานี,2,เขต 2 อ.เมืองฯ,ตำบลหนองขอน,ประชาอาสาชาติ,0.0,2,3808.0,1430,0.0,0.0013986013986013986,-0.0013986013986013986,0.0013986013986013986
อุบลราชธานี,2,เขต 2 อ.เมืองฯ,ตำบลหนองขอน,ประชาไทย,0.0,2,3808.0,1430,0.0,0.0013986013986013986,-0.0013986013986013986,0.0013986013986013986
อุบลราชธานี,2,เขต 2 อ.เมืองฯ,ตำบลหนองขอน,ปวงชนไทย,0.0,0,3808.0,1430,0.0,0.0,0.0,0.0
อุบลราชธานี,2,เขต 2 อ.เมืองฯ,ตำบลหนองขอน,พร้อม,0.0,2,3808.0,1430,0.0,0.0013986013986013986,-0.0013986013986013986,0.0013986013986013986
อุบลราชธานี,2,เขต 2 อ.เมืองฯ,ตำบลหนองขอน,พลวัต,0.0,1,3808.0,1430,0.0,0.0006993006993006993,-0.0006993006993006993,0.0006993006993006993
อุบลราชธานี,2,เขต 2 อ.เมืองฯ,ตำบลหนองขอน,พลังธรรมใหม่,0.0,8,3808.0,1430,0.0,0.005594405594405594,-0.005594405594405594,0.005594405594405594
อุบลราชธานี,2,เขต 2 อ.เมืองฯ,ตำบลหนองขอน,พลังประชารัฐ,10.0,11,3808.0,1430,0.0026260504201680674,0.007692307692307693,-0.005066257272139625,0.005066257272139625
อุบลราชธานี,2,เขต 2 อ.เมืองฯ,ตำบลหนองขอน,พลังสังคมใหม่,0.0,0,3808.0,1430,0.0,0.0,0.0,0.0
อุบลราชธานี,2,เขต 2 อ.เมืองฯ,ตำบลหนองขอน,พลังเพื่อไทย,0.0,5,3808.0,1430,0.0,0.0034965034965034965,-0.0034965034965034965,0.0034965034965034965
อุบลราชธานี,2,เขต 2 อ.เมืองฯ,ตำบลหนองขอน,พลังไทยรักชาติ,0.0,27,3808.0,1430,0.0,0.01888111888111888,-0.01888111888111888,0.01888111888111888
อุบลราชธานี,2,เขต 2 อ.เมืองฯ,ตำบลหนองขอน,ฟิวชัน,0.0,0,3808.0,1430,0.0,0.0,0.0,0.0
อุบลราชธานี,2,เขต 2 อ.เมืองฯ,ตำบลหนองขอน,ภูมิใจไทย,113.0,166,3808.0,1430,0.02967436974789916,0.11608391608391608,-0.08640954633601691,0.08640954633601691
อุบลราชธานี,2,เขต 2 อ.เมืองฯ,ตำบลหนองขอน,มิติใหม่,0.0,7,3808.0,1430,0.0,0.0048951048951048955,-0.0048951048951048955,0.0048951048951048955
อุบลราชธานี,2,เขต 2 อ.เมืองฯ,ตำบลหนองขอน,รวมพลังประชาชน,0.0,10,3808.0,1430,0.0,0.006993006993006993,-0.006993006993006993,0.006993006993006993
อุบลราชธานี,2,เขต 2 อ.เมืองฯ,ตำบลหนองขอน,รวมใจไทย,0.0,44,3808.0,1430,0.0,0.03076923076923077,-0.03076923076923077,0.03076923076923077
อุบลราชธานี,2,เขต 2 อ.เมืองฯ,ตำบลหนองขอน,รวมไทยสร้างชาติ,0.0,20,3808.0,1430,0.0,0.013986013986013986,-0.013986013986013986,0.013986013986013986
อุบลราชธานี,2,เขต 2 อ.เมืองฯ,ตำบลหนองขอน,รักชาติ,0.0,2,3808.0,1430,0.0,0.0013986013986013986,-0.0013986013986013986,0.0013986013986013986
อุบลราชธานี,2,เขต 2 อ.เมืองฯ,ตำบลหนองขอน,วิชชั่นใหม่,0.0,3,3808.0,1430,0.0,0.002097902097902098,-0.002097902097902098,0.002097902097902098
อุบลราชธานี,2,เขต 2 อ.เมืองฯ,ตำบลหนองขอน,สร้างอนาคตไทย,0.0,3,3808.0,1430,0.0,0.002097902097902098,-0.002097902097902098,0.002097902097902098
อุบลราชธานี,2,เขต 2 อ.เมืองฯ,ตำบลหนองขอน,สังคมประชาธิปไตยไทย,0.0,0,3808.0,1430,0.0,0.0,0.0,0.0
อุบลราชธานี,2,เขต 2 อ.เมืองฯ,ตำบลหนองขอน,อนาคตไทย,0.0,1,3808.0,1430,0.0,0.0006993006993006993,-0.0006993006993006993,0.0006993006993006993
อุบลราชธานี,2,เขต 2 อ.เมืองฯ,ตำบลหนองขอน,เครือข่ายชาวนาแห่งประเทศไทย,0.0,2,3808.0,1430,0.0,0.0013986013986013986,-0.0013986013986013986,0.0013986013986013986
อุบลราชธานี,2,เขต 2 อ.เมืองฯ,ตำบลหนองขอน,เป็นธรรม,0.0,1,3808.0,1430,0.0,0.0006993006993006993,-0.0006993006993006993,0.0006993006993006993
อุบลราชธานี,2,เขต 2 อ.เมืองฯ,ตำบลหนองขอน,เพื่อชาติไทย,0.0,22,3808.0,1430,0.0,0.015384615384615385,-0.015384615384615385,0.015384615384615385
อุบลราชธานี,2,เขต 2 อ.เมืองฯ,ตำบลหนองขอน,เพื่อชีวิตใหม่,0.0,2,3808.0,1430,0.0,0.0013986013986013986,-0.0013986013986013986,0.0013986013986013986
อุบลราชธานี,2,เขต 2 อ.เมืองฯ,ตำบลหนองขอน,เพื่อบ้านเมือง,0.0,1,3808.0,1430,0.0,0.0006993006993006993,-0.0006993006993006993,0.0006993006993006993
อุบลราชธานี,2,เขต 2 อ.เมืองฯ,ตำบลหนองขอน,เพื่อไทย,260.0,157,3808.0,1430,0.06827731092436974,0.10979020979020979,-0.041512898865840045,0.041512898865840045
อุบลราชธานี,2,เขต 2 อ.เมืองฯ,ตำบลหนองขอน,เศรษฐกิจ,50.0,53,3808.0,1430,0.013130252100840336,0.03706293706293706,-0.023932684962096724,0.023932684962096724
อุบลราชธานี,2,เขต 2 อ.เมืองฯ,ตำบลหนองขอน,เสรีรวมไทย,0.0,2,3808.0,1430,0.0,0.0013986013986013986,-0.0013986013986013986,0.0013986013986013986
อุบลราชธานี,2,เขต 2 อ.เมืองฯ,ตำบลหนองขอน,แผ่นดินธรรม,0.0,2,3808.0,1430,0.0,0.0013986013986013986,-0.0013986013986013986,0.0013986013986013986
อุบลราชธานี,2,เขต 2 อ.เมืองฯ,ตำบลหนองขอน,แรงงานสร้างชาติ,0.0,1,3808.0,1430,0.0,0.0006993006993006993,-0.0006993006993006993,0.0006993006993006993
อุบลราชธานี,2,เขต 2 อ.เมืองฯ,ตำบลหนองขอน,โอกาสใหม่,0.0,1,3808.0,1430,0.0,0.0006993006993006993,-0.0006993006993006993,0.0006993006993006993
อุบลราชธานี,2,เขต 2 อ.เมืองฯ,ตำบลหนองขอน,ใหม่,0.0,36,3808.0,1430,0.0,0.025174825174825177,-0.025174825174825177,0.025174825174825177
อุบลราชธานี,2,เขต 2 อ.เมืองฯ,ตำบลหนองขอน,ไทยก้าวหน้า,0.0,2,3808.0,1430,0.0,0.0013986013986013986,-0.0013986013986013986,0.0013986013986013986
อุบลราชธานี,2,เขต 2 อ.เมืองฯ,ตำบลหนองขอน,ไทยก้าวใหม่,11.0,3,3808.0,1430,0.002888655462184874,0.002097902097902098,0.0007907533642827762,0.0007907533642827762
อุบลราชธานี,2,เขต 2 อ.เมืองฯ,ตำบลหนองขอน,ไทยชนะ,0.0,1,3808.0,1430,0.0,0.0006993006993006993,-0.0006993006993006993,0.0006993006993006993
อุบลราชธานี,2,เขต 2 อ.เมืองฯ,ตำบลหนองขอน,ไทยทรัพย์ทวี,0.0,35,3808.0,1430,0.0,0.024475524475524476,-0.024475524475524476,0.024475524475524476
อุบลราชธานี,2,เขต 2 อ.เมืองฯ,ตำบลหนองขอน,ไทยธรรม,0.0,0,3808.0,1430,0.0,0.0,0.0,0.0
อุบลราชธานี,2,เขต 2 อ.เมืองฯ,ตำบลหนองขอน,ไทยพร้อม,0.0,1,3808.0,1430,0.0,0.0006993006993006993,-0.0006993006993006993,0.0006993006993006993
อุบลราชธานี,2,เขต 2 อ.เมืองฯ,ตำบลหนองขอน,ไทยพิทักษ์ธรรม,0.0,0,3808.0,1430,0.0,0.0,0.0,0.0
อุบลราชธานี,2,เขต 2 อ.เมืองฯ,ตำบลหนองขอน,ไทยภักดี,0.0,1,3808.0,1430,0.0,0.0006993006993006993,-0.0006993006993006993,0.0006993006993006993
อุบลราชธานี,2,เขต 2 อ.เมืองฯ,ตำบลหนองขอน,ไทยรวมไทย,0.0,2,3808.0,1430,0.0,0.0013986013986013986,-0.0013986013986013986,0.0013986013986013986
อุบลราชธานี,2,เขต 2 อ.เมืองฯ,ตำบลหนองขอน,ไทยสร้างไทย,0.0,13,3808.0,1430,0.0,0.00909090909090909,-0.00909090909090909,0.00909090909090909
อุบลราชธานี,2,เขต 2 อ.เมืองฯ,ตำบลหนองขอน,ไทรวมพลัง,1449.0,145,3808.0,1430,0.3805147058823529,0.10139860139860139,0.2791161044837515,0.2791161044837515
อุบลราชธานี,2,เขตไร่น้อย,เขตไร่น้อย,กรีน,0.0,1,12723.0,11323,0.0,8.831581736288969e-05,-8.831581736288969e-05,8.831581736288969e-05
อุบลราชธานี,2,เขตไร่น้อย,เขตไร่น้อย,กล้าธรรม,2883.0,302,12723.0,11323,0.2265975005894836,0.02667137684359269,0.19992612374589092,0.19992612374589092
อุบลราชธานี,2,เขตไร่น้อย,เขตไร่น้อย,ก้าวอิสระ,0.0,11,12723.0,11323,0.0,0.0009714739909917866,-0.0009714739909917866,0.0009714739909917866
อุบลราชธานี,2,เขตไร่น้อย,เขตไร่น้อย,ครูไทยเพื่อประชาชน,0.0,24,12723.0,11323,0.0,0.0021195796167093528,-0.0021195796167093528,0.0021195796167093528
อุบลราชธานี,2,เขตไร่น้อย,เขตไร่น้อย,คลองไทย,0.0,86,12723.0,11323,0.0,0.007595160293208514,-0.007595160293208514,0.007595160293208514
อุบลราชธานี,2,เขตไร่น้อย,เขตไร่น้อย,ความหวังใหม่,0.0,2,12723.0,11323,0.0,0.00017663163472577938,-0.00017663163472577938,0.00017663163472577938
อุบลราชธานี,2,เขตไร่น้อย,เขตไร่น้อย,ทางเลือกใหม่,0.0,59,12723.0,11323,0.0,0.005210633224410492,-0.005210633224410492,0.005210633224410492
อุบลราชธานี,2,เขตไร่น้อย,เขตไร่น้อย,ท้องที่ไทย,0.0,7,12723.0,11323,0.0,0.0006182107215402279,-0.0006182107215402279,0.0006182107215402279
อุบลราชธานี,2,เขตไร่น้อย,เขตไร่น้อย,ประชากรไทย,0.0,18,12723.0,11323,0.0,0.0015896847125320146,-0.0015896847125320146,0.0015896847125320146
อุบลราชธานี,2,เขตไร่น้อย,เขตไร่น้อย,ประชาชน,3658.0,3546,12723.0,11323,0.28751080719955985,0.3131678883688069,-0.02565708116924703,0.02565708116924703
อุบลราชธานี,2,เขตไร่น้อย,เขตไร่น้อย,ประชาชาติ,0.0,19,12723.0,11323,0.0,0.0016780005298949042,-0.0016780005298949042,0.0016780005298949042
อุบลราชธานี,2,เขตไร่น้อย,เขตไร่น้อย,ประชาธิปัตย์,232.0,249,12723.0,11323,0.0182346930755325,0.021990638523359533,-0.0037559454478270325,0.0037559454478270325
อุบลราชธานี,2,เขตไร่น้อย,เขตไร่น้อย,ประชาธิปไตยใหม่,87.0,40,12723.0,11323,0.0068380099033246875,0.003532632694515588,0.0033053772088090998,0.0033053772088090998
อุบลราชธานี,2,เขตไร่น้อย,เขตไร่น้อย,ประชาอาสาชาติ,0.0,6,12723.0,11323,0.0,0.0005298949041773382,-0.0005298949041773382,0.0005298949041773382
อุบลราชธานี,2,เขตไร่น้อย,เขตไร่น้อย,ประชาไทย,0.0,11,12723.0,11323,0.0,0.0009714739909917866,-0.0009714739909917866,0.0009714739909917866
อุบลราชธานี,2,เขตไร่น้อย,เขตไร่น้อย,ปวงชนไทย,0.0,5,12723.0,11323,0.0,0.0004415790868144485,-0.0004415790868144485,0.0004415790868144485
อุบลราชธานี,2,เขตไร่น้อย,เขตไร่น้อย,พร้อม,0.0,4,12723.0,11323,0.0,0.00035326326945155876,-0.00035326326945155876,0.00035326326945155876
อุบลราชธานี,2,เขตไร่น้อย,เขตไร่น้อย,พลวัต,0.0,21,12723.0,11323,0.0,0.0018546321646206836,-0.0018546321646206836,0.0018546321646206836
อุบลราชธานี,2,เขตไร่น้อย,เขตไร่น้อย,พลังธรรมใหม่,0.0,21,12723.0,11323,0.0,0.0018546321646206836,-0.0018546321646206836,0.0018546321646206836
อุบลราชธานี,2,เขตไร่น้อย,เขตไร่น้อย,พลังประชารัฐ,185.0,30,12723.0,11323,0.014540595771437554,0.0026494745208866907,0.011891121250550864,0.011891121250550864
อุบลราชธานี,2,เขตไร่น้อย,เขตไร่น้อย,พลังสังคมใหม่,0.0,4,12723.0,11323,0.0,0.00035326326945155876,-0.00035326326945155876,0.00035326326945155876
อุบลราชธานี,2,เขตไร่น้อย,เขตไร่น้อย,พลังเพื่อไทย,0.0,26,12723.0,11323,0.0,0.002296211251435132,-0.002296211251435132,0.002296211251435132
อุบลราชธานี,2,เขตไร่น้อย,เขตไร่น้อย,พลังไทยรักชาติ,0.0,813,12723.0,11323,0.0,0.07180075951602932,-0.07180075951602932,0.07180075951602932
อุบลราชธานี,2,เขตไร่น้อย,เขตไร่น้อย,ฟิวชัน,0.0,134,12723.0,11323,0.0,0.011834319526627219,-0.011834319526627219,0.011834319526627219
อุบลราชธานี,2,เขตไร่น้อย,เขตไร่น้อย,ภูมิใจไทย,840.0,1124,12723.0,11323,0.06602216458382457,0.09926697871588802,-0.033244814132063455,0.033244814132063455
อุบลราชธานี,2,เขตไร่น้อย,เขตไร่น้อย,มิติใหม่,0.0,65,12723.0,11323,0.0,0.0057405281285878304,-0.0057405281285878304,0.0057405281285878304
อุบลราชธานี,2,เขตไร่น้อย,เขตไร่น้อย,รวมพลังประชาชน,0.0,56,12723.0,11323,0.0,0.004945685772321823,-0.004945685772321823,0.004945685772321823
อุบลราชธานี,2,เขตไร่น้อย,เขตไร่น้อย,รวมใจไทย,0.0,206,12723.0,11323,0.0,0.018193058376755278,-0.018193058376755278,0.018193058376755278
อุบลราชธานี,2,เขตไร่น้อย,เขตไร่น้อย,รวมไทยสร้างชาติ,0.0,183,12723.0,11323,0.0,0.016161794577408815,-0.016161794577408815,0.016161794577408815
อุบลราชธานี,2,เขตไร่น้อย,เขตไร่น้อย,รักชาติ,0.0,15,12723.0,11323,0.0,0.0013247372604433454,-0.0013247372604433454,0.0013247372604433454
อุบลราชธานี,2,เขตไร่น้อย,เขตไร่น้อย,วิชชั่นใหม่,0.0,17,12723.0,11323,0.0,0.0015013688951691247,-0.0015013688951691247,0.0015013688951691247
อุบลราชธานี,2,เขตไร่น้อย,เขตไร่น้อย,สร้างอนาคตไทย,0.0,22,12723.0,11323,0.0,0.0019429479819835732,-0.0019429479819835732,0.0019429479819835732
อุบลราชธานี,2,เขตไร่น้อย,เขตไร่น้อย,สังคมประชาธิปไตยไทย,0.0,8,12723.0,11323,0.0,0.0007065265389031175,-0.0007065265389031175,0.0007065265389031175
อุบลราชธานี,2,เขตไร่น้อย,เขตไร่น้อย,อนาคตไทย,0.0,9,12723.0,11323,0.0,0.0007948423562660073,-0.0007948423562660073,0.0007948423562660073
อุบลราชธานี,2,เขตไร่น้อย,เขตไร่น้อย,เครือข่ายชาวนาแห่งประเทศไทย,0.0,3,12723.0,11323,0.0,0.0002649474520886691,-0.0002649474520886691,0.0002649474520886691
อุบลราชธานี,2,เขตไร่น้อย,เขตไร่น้อย,เป็นธรรม,0.0,6,12723.0,11323,0.0,0.0005298949041773382,-0.0005298949041773382,0.0005298949041773382
อุบลราชธานี,2,เขตไร่น้อย,เขตไร่น้อย,เพื่อชาติไทย,0.0,116,12723.0,11323,0.0,0.010244634814095205,-0.010244634814095205,0.010244634814095205
อุบลราชธานี,2,เขตไร่น้อย,เขตไร่น้อย,เพื่อชีวิตใหม่,0.0,9,12723.0,11323,0.0,0.0007948423562660073,-0.0007948423562660073,0.0007948423562660073
อุบลราชธานี,2,เขตไร่น้อย,เขตไร่น้อย,เพื่อบ้านเมือง,0.0,4,12723.0,11323,0.0,0.00035326326945155876,-0.00035326326945155876,0.00035326326945155876
อุบลราชธานี,2,เขตไร่น้อย,เขตไร่น้อย,เพื่อไทย,1033.0,1713,12723.0,11323,0.08119154287510807,0.15128499514263005,-0.07009345226752198,0.07009345226752198
อุบลราชธานี,2,เขตไร่น้อย,เขตไร่น้อย,เศรษฐกิจ,426.0,479,12723.0,11323,0.033482669181796744,0.04230327651682416,-0.008820607335027417,0.008820607335027417
อุบลราชธานี,2,เขตไร่น้อย,เขตไร่น้อย,เสรีรวมไทย,0.0,63,12723.0,11323,0.0,0.005563896493862051,-0.005563896493862051,0.005563896493862051
อุบลราชธานี,2,เขตไร่น้อย,เขตไร่น้อย,แผ่นดินธรรม,0.0,10,12723.0,11323,0.0,0.000883158173628897,-0.000883158173628897,0.000883158173628897
อุบลราชธานี,2,เขตไร่น้อย,เขตไร่น้อย,แรงงานสร้างชาติ,0.0,10,12723.0,11323,0.0,0.000883158173628897,-0.000883158173628897,0.000883158173628897
อุบลราชธานี,2,เขตไร่น้อย,เขตไร่น้อย,โอกาสใหม่,0.0,6,12723.0,11323,0.0,0.0005298949041773382,-0.0005298949041773382,0.0005298949041773382
อุบลราชธานี,2,เขตไร่น้อย,เขตไร่น้อย,ใหม่,0.0,36,12723.0,11323,0.0,0.003179369425064029,-0.003179369425064029,0.003179369425064029
อุบลราชธานี,2,เขตไร่น้อย,เขตไร่น้อย,ไทยก้าวหน้า,0.0,33,12723.0,11323,0.0,0.00291442197297536,-0.00291442197297536,0.00291442197297536
อุบลราชธานี,2,เขตไร่น้อย,เขตไร่น้อย,ไทยก้าวใหม่,73.0,34,12723.0,11323,0.005737640493594278,0.0030027377903382494,0.0027349027032560285,0.0027349027032560285
อุบลราชธานี,2,เขตไร่น้อย,เขตไร่น้อย,ไทยชนะ,0.0,10,12723.0,11323,0.0,0.000883158173628897,-0.000883158173628897,0.000883158173628897
อุบลราชธานี,2,เขตไร่น้อย,เขตไร่น้อย,ไทยทรัพย์ทวี,0.0,390,12723.0,11323,0.0,0.03444316877152698,-0.03444316877152698,0.03444316877152698
อุบลราชธานี,2,เขตไร่น้อย,เขตไร่น้อย,ไทยธรรม,0.0,5,12723.0,11323,0.0,0.0004415790868144485,-0.0004415790868144485,0.0004415790868144485
อุบลราชธานี,2,เขตไร่น้อย,เขตไร่น้อย,ไทยพร้อม,0.0,14,12723.0,11323,0.0,0.0012364214430804557,-0.0012364214430804557,0.0012364214430804557
อุบลราชธานี,2,เขตไร่น้อย,เขตไร่น้อย,ไทยพิทักษ์ธรรม,0.0,2,12723.0,11323,0.0,0.00017663163472577938,-0.00017663163472577938,0.00017663163472577938
อุบลราชธานี,2,เขตไร่น้อย,เขตไร่น้อย,ไทยภักดี,0.0,52,12723.0,11323,0.0,0.004592422502870264,-0.004592422502870264,0.004592422502870264
อุบลราชธานี,2,เขตไร่น้อย,เขตไร่น้อย,ไทยรวมไทย,0.0,4,12723.0,11323,0.0,0.00035326326945155876,-0.00035326326945155876,0.00035326326945155876
อุบลราชธานี,2,เขตไร่น้อย,เขตไร่น้อย,ไทยสร้างไทย,0.0,143,12723.0,11323,0.0,0.012629161882893225,-0.012629161882893225,0.012629161882893225
อุบลราชธานี,2,เขตไร่น้อย,เขตไร่น้อย,ไทรวมพลัง,3306.0,1037,12723.0,11323,0.2598443763263381,0.09158350260531661,0.1682608737210215,0.1682608737210215
